{"type": "FeatureCollection", "features": [{"type": "Feature", "properties": {"fokontany": "Lalamby Sy Ny Manodidina", "arrondissement": "1er Arrondissement", "pcode": "MG11101001035"}, "geometry": {"type": "Polygon", "coordinates": [[[47.52088289063295, -18.90102002715247], [47.521020783682275, -18.901206926058762], [47.52103956872122, -18.901232858009962], [47.521219835127454, -18.901481700420106], [47.521402106122366, -18.901733299252328], [47.52157977888368, -18.901959902327576], [47.521619677306376, -18.90201078776761], [47.521801125421575, -18.902259297428543], [47.522040848706354, -18.9025876219211], [47.52226535815987, -18.902895108222594], [47.52234241926726, -18.90288732099299], [47.522402834823026, -18.902885256149602], [47.52244138426255, -18.90290418957659], [47.52248004521806, -18.902940541073065], [47.52250181330817, -18.902960881039746], [47.522489114880784, -18.903060596968885], [47.522449999767844, -18.903116668799157], [47.52230000004499, -18.903166670205565], [47.52224185887468, -18.903161265280062], [47.521954074021494, -18.903372382029772], [47.521551748814204, -18.903667524236766], [47.521306429947856, -18.90386164739698], [47.52095120043771, -18.904127924963745], [47.52057038071865, -18.904413384170255], [47.520401426884405, -18.90455319457419], [47.52013612238426, -18.90477273527341], [47.51976200980903, -18.905053838164065], [47.519600413328476, -18.905175261029456], [47.51926722080566, -18.905432775602037], [47.51857728701219, -18.90596957463606], [47.518039999646305, -18.906389992404115], [47.51770082123596, -18.906326021828363], [47.51735163876725, -18.906260163575666], [47.51724391077789, -18.9062803371678], [47.516258562282815, -18.906870973216712], [47.51571364866601, -18.907196732842863], [47.515361706177885, -18.90777339432657], [47.515033333121835, -18.907833335939586], [47.514829621390106, -18.907832579609817], [47.51463333356162, -18.907700003352375], [47.51450360815505, -18.907659663362722], [47.51456410375039, -18.907544301028622], [47.51471117977712, -18.907303631657214], [47.51487231490552, -18.90703995403061], [47.51508218969133, -18.90669384274662], [47.51516643458342, -18.90655463938498], [47.51535403496081, -18.90626265020103], [47.51551515300201, -18.906007282310213], [47.51570489916196, -18.905691824418113], [47.51574253129297, -18.905627603830794], [47.51602050634148, -18.905174919286992], [47.51606854182978, -18.905123495153134], [47.51608937462498, -18.905101191966367], [47.51612809763378, -18.90503552706781], [47.51631451720124, -18.904717903608343], [47.51641514324439, -18.904553172990518], [47.51652520587362, -18.904372992919264], [47.51667672275266, -18.904132926093553], [47.51672131743487, -18.904062343702094], [47.51689526610369, -18.9037823550716], [47.516928934023156, -18.9037274802389], [47.51703667460299, -18.903543594960865], [47.51708431978557, -18.903462278261486], [47.51716744861898, -18.903321984022284], [47.51720399976489, -18.90326707231742], [47.51730929598733, -18.90310888966343], [47.51735077721662, -18.903046614309744], [47.517482937987324, -18.902848819217525], [47.51758194704939, -18.902700792607448], [47.51760311978819, -18.902669137370708], [47.51765089896986, -18.90258971374419], [47.51775495772523, -18.9024167390412], [47.51782437009871, -18.902299653606065], [47.517849954911526, -18.90225647985261], [47.51795818292385, -18.90207038404094], [47.51798478127279, -18.902024649018244], [47.51808518068657, -18.90185201066174], [47.51817387722275, -18.901716766115783], [47.518279344316454, -18.901493440170043], [47.51832749132086, -18.901341932284254], [47.51833837941274, -18.901237384297815], [47.518337677941474, -18.90112740260747], [47.51831976794301, -18.901036768032327], [47.51829848638607, -18.900970598614208], [47.518275624720445, -18.900910450157085], [47.51822285340211, -18.900788486799172], [47.518099273962434, -18.900578949259057], [47.518027523351634, -18.900449177087808], [47.518011798705516, -18.9004207369274], [47.51793923061109, -18.900285058908253], [47.51782930018203, -18.9000795242506], [47.51771255828805, -18.89989322159488], [47.5176833339188, -18.89985000287527], [47.517634872151746, -18.899791018140945], [47.51761402316879, -18.89975531775366], [47.517551631802405, -18.899648484589818], [47.517402286786194, -18.89938025639367], [47.51730536055402, -18.899207561379797], [47.51719855886654, -18.899019973592885], [47.517092907411836, -18.898760283560136], [47.51711884206094, -18.8985988246759], [47.51722925722453, -18.89839654916136], [47.51736287579615, -18.898208804892306], [47.51752679522548, -18.897940229557832], [47.517701752034384, -18.89770152430583], [47.51786674525414, -18.897490995712758], [47.51793284722322, -18.89739859576855], [47.51799291564066, -18.89734362290983], [47.5181391786802, -18.89723582117614], [47.51819458771007, -18.897315214225728], [47.518385401365265, -18.897588627912796], [47.51860593131886, -18.897881508324872], [47.518628489913, -18.897911467440167], [47.51885630977091, -18.898218677649766], [47.51915362024346, -18.898619590921328], [47.519331818209025, -18.89889110434092], [47.51948906107128, -18.899130688230628], [47.51956676339552, -18.899248996743722], [47.51964678686977, -18.899356731927526], [47.51979287723964, -18.89955340916248], [47.520024708973324, -18.89986551977779], [47.52008742859198, -18.899949958024024], [47.52028532890483, -18.90021502959985], [47.52045297422541, -18.900439578623605], [47.520484903755346, -18.900482083281418], [47.52054629957212, -18.900563809172354], [47.52057100484802, -18.90059729542878], [47.52072370163762, -18.900804260907876], [47.52088289063295, -18.90102002715247]]]}}, {"type": "Feature", "properties": {"fokontany": "Antohomadinika Atsimo", "arrondissement": "1er Arrondissement", "pcode": "MG11101001024"}, "geometry": {"type": "Polygon", "coordinates": [[[47.51606854182978, -18.905123495153134], [47.51602050634148, -18.905174919286992], [47.51574253129297, -18.905627603830794], [47.51570489916196, -18.905691824418113], [47.51551515300201, -18.906007282310213], [47.51535403496081, -18.90626265020103], [47.51516643458342, -18.90655463938498], [47.51508218969133, -18.90669384274662], [47.51487231490552, -18.90703995403061], [47.51471117977712, -18.907303631657214], [47.51456410375039, -18.907544301028622], [47.51450360815505, -18.907659663362722], [47.51437197528651, -18.9076187298204], [47.51420081361681, -18.907543817193357], [47.51400000039973, -18.90748333598708], [47.51387743719408, -18.907440191011972], [47.51374671084221, -18.90739829969175], [47.51354585895439, -18.907332938764057], [47.51325538782601, -18.907237161865453], [47.513103694679955, -18.90721243140848], [47.512910708262666, -18.907142608044865], [47.51287920860858, -18.907131211835917], [47.512811057984095, -18.907110887157614], [47.512602748917914, -18.907048761091403], [47.51216658581939, -18.906884022379643], [47.51213233423988, -18.90687268462659], [47.51185284023643, -18.906769012579844], [47.511549042954016, -18.906662639868898], [47.51144680622525, -18.906650952279506], [47.51108533272202, -18.906532542142997], [47.51071936440718, -18.9064126580177], [47.51049796031265, -18.906340130392664], [47.51001791839229, -18.906182874939702], [47.50967627763822, -18.906070960606257], [47.50957515966587, -18.90603783407869], [47.50931666663092, -18.90601666943371], [47.50923333365148, -18.90596666892651], [47.5091779462054, -18.905956958047057], [47.509051408895516, -18.905934879690847], [47.50905671759352, -18.905863306246488], [47.5090627331586, -18.905782190995296], [47.50906464331882, -18.905699064859903], [47.5090720879067, -18.90537523158156], [47.50908024835485, -18.90502026017674], [47.508943751952756, -18.90496041029462], [47.50876968007674, -18.904871757825276], [47.50927561887477, -18.904912464738402], [47.5094947216042, -18.904930205664357], [47.50997274274789, -18.904963296219023], [47.51035820566676, -18.904988066246233], [47.510876224158494, -18.90501483096955], [47.51107300841278, -18.905024999603995], [47.51130165474774, -18.90503681399764], [47.51153935006113, -18.905049093340892], [47.51153615566915, -18.905110139321437], [47.511766667197946, -18.905166669805908], [47.51197221444619, -18.90523151362339], [47.512171345930994, -18.90530390635007], [47.51248732003387, -18.90530554761284], [47.51269495640719, -18.90530662769862], [47.5129287621528, -18.90530784268276], [47.51313163301853, -18.90530889758753], [47.513164496044794, -18.905205015998604], [47.51321008177996, -18.905060922123823], [47.51323775481859, -18.90485591536816], [47.51324389269155, -18.904672980673467], [47.51324819684697, -18.904544643820145], [47.513258917664984, -18.904381773899672], [47.5132659683498, -18.904274658348754], [47.513276529987934, -18.90416720465265], [47.513350001001925, -18.90426666877164], [47.513474311590244, -18.904303043650486], [47.513549154070176, -18.904312510813668], [47.51357271181138, -18.904065823179167], [47.513613082378015, -18.903971047225923], [47.51366008544471, -18.903874818867678], [47.51383333444102, -18.903833336739012], [47.51400394662494, -18.904125916777616], [47.51436038212597, -18.904298179217562], [47.51448333293956, -18.90433333731363], [47.51460844032732, -18.904562865883463], [47.51462077812653, -18.904671848426972], [47.5146665805982, -18.904665829264502], [47.51485284098595, -18.904664757272656], [47.51505655181853, -18.904663584556715], [47.51532188599623, -18.904732092212157], [47.51563961377724, -18.90494036260759], [47.515926486718115, -18.90506284397503], [47.51606854182978, -18.905123495153134]]]}}, {"type": "Feature", "properties": {"fokontany": "Behoririka", "arrondissement": "3e Arrondissement", "pcode": "MG11101003028"}, "geometry": {"type": "Polygon", "coordinates": [[[47.524592407913474, -18.90124529203655], [47.52460655424915, -18.901407393935983], [47.52496699982726, -18.901446920938554], [47.52535467597761, -18.90150081011427], [47.52552193728769, -18.901522294917868], [47.52621256805571, -18.9016024919614], [47.526881658262084, -18.90169591173685], [47.52773583344208, -18.90178105864885], [47.52806006601941, -18.901810524935684], [47.52830121472931, -18.901831639218756], [47.52857654577116, -18.901842511122936], [47.52876704376416, -18.901827828791227], [47.52890932190775, -18.90192347528813], [47.529049999258234, -18.902000003097555], [47.52908025514972, -18.902107291318373], [47.52911402019595, -18.902272469798618], [47.52915165772299, -18.9023859012882], [47.52916655319399, -18.902524637901593], [47.529189065922765, -18.902801027445378], [47.52911666600147, -18.903133336833946], [47.52908168057519, -18.903243680950993], [47.529039647162165, -18.90332151907279], [47.528969431694065, -18.90342651042505], [47.5287316410525, -18.90362618779824], [47.52856390669899, -18.903752737698653], [47.52841666609635, -18.903800003367394], [47.52823092731552, -18.903785040447133], [47.52812439992118, -18.90375529806846], [47.528021372688386, -18.903718789190748], [47.52796092295836, -18.903688777914738], [47.52792167384632, -18.903648524259893], [47.52768950936348, -18.90337323998301], [47.52764673760703, -18.903336378570884], [47.527579328923025, -18.903326650604356], [47.52734533342044, -18.90331789210694], [47.52698019338135, -18.903309896234646], [47.52667528723475, -18.903298175370367], [47.52650880833494, -18.903316010725234], [47.526186461635916, -18.90334824692394], [47.526069387891994, -18.903332060026514], [47.52600174088775, -18.903285223334365], [47.52594107532042, -18.903221476689737], [47.52585164223956, -18.90309379993886], [47.52574483425684, -18.90302020122124], [47.52566300944039, -18.90297344636741], [47.52557431290421, -18.902960467351647], [47.52536156208657, -18.902948207793486], [47.52521604728281, -18.902918691144635], [47.52509858683038, -18.902911360770645], [47.524999938396434, -18.902866390171653], [47.52478333308443, -18.902750002610446], [47.52456264574954, -18.902661451764516], [47.52444276432209, -18.90262166485786], [47.52432289728404, -18.902584406844824], [47.524179252170825, -18.90257005996017], [47.52404093913816, -18.90255821139226], [47.5238067979455, -18.902526676664706], [47.5236392596442, -18.902517527861505], [47.52344999911821, -18.90253333704385], [47.523259414790346, -18.90256527376829], [47.523116013393405, -18.90258887737474], [47.523023182673796, -18.902622307873173], [47.52293831095437, -18.90265316181393], [47.5225897238368, -18.90289555068904], [47.52250181330817, -18.902960881039746], [47.52248004521806, -18.902940541073065], [47.52244138426255, -18.90290418957659], [47.522402834823026, -18.902885256149602], [47.52234241926726, -18.90288732099299], [47.52226535815987, -18.902895108222594], [47.522040848706354, -18.9025876219211], [47.521801125421575, -18.902259297428543], [47.521619677306376, -18.90201078776761], [47.52157977888368, -18.901959902327576], [47.521402106122366, -18.901733299252328], [47.521219835127454, -18.901481700420106], [47.52103956872122, -18.901232858009962], [47.521020783682275, -18.901206926058762], [47.52088289063295, -18.90102002715247], [47.52096495466907, -18.900994084409376], [47.52129731981563, -18.90102453905115], [47.52143235661799, -18.90104156771406], [47.52240949610149, -18.901171416327713], [47.522895417789414, -18.901224467335226], [47.522913799931985, -18.90111530132998], [47.52301776335918, -18.90097497111799], [47.5232711626341, -18.900836269578065], [47.52355392477381, -18.90077973819433], [47.52394202270631, -18.900797447644038], [47.52418095908416, -18.90086055666933], [47.524296698234195, -18.90091765192807], [47.52442319777248, -18.90102171338134], [47.524555115726, -18.901153188868534], [47.524592407913474, -18.90124529203655]]]}}, {"type": "Feature", "properties": {"fokontany": "Behoririka Ambatomitsangana", "arrondissement": "3e Arrondissement", "pcode": "MG11101003021"}, "geometry": {"type": "Polygon", "coordinates": [[[47.52876704376416, -18.901827828791227], [47.52857654577116, -18.901842511122936], [47.52830121472931, -18.901831639218756], [47.52806006601941, -18.901810524935684], [47.52773583344208, -18.90178105864885], [47.526881658262084, -18.90169591173685], [47.52621256805571, -18.9016024919614], [47.52552193728769, -18.901522294917868], [47.52535467597761, -18.90150081011427], [47.52496699982726, -18.901446920938554], [47.52460655424915, -18.901407393935983], [47.524592407913474, -18.90124529203655], [47.52471593609175, -18.90111459985883], [47.52480581973293, -18.90096155413238], [47.524812862323756, -18.90086290659775], [47.52482097960467, -18.90074918822438], [47.52480154795319, -18.90055274841052], [47.52479904783786, -18.90041647773819], [47.52479647128024, -18.900276030614293], [47.524834738332686, -18.900060386677467], [47.524856913815654, -18.899986651262907], [47.52490105973618, -18.899839863019224], [47.5249340216879, -18.899750168235585], [47.52498387110887, -18.89961452529002], [47.52500475156819, -18.899521630718596], [47.5250006020961, -18.89938957157142], [47.52497722781692, -18.899244954291134], [47.525366492169894, -18.899261291375467], [47.52563691471204, -18.899281417303484], [47.52594154116929, -18.899302894013317], [47.52628585201063, -18.89939999291522], [47.52648133224778, -18.899526198375327], [47.52681831181576, -18.89996717374595], [47.52701503131868, -18.900228248734606], [47.52735334278265, -18.900677270339656], [47.52761986496495, -18.900894717417145], [47.52772967758261, -18.90098430877879], [47.527811667874346, -18.901051202151223], [47.528399998960936, -18.901533336793932], [47.52862411900787, -18.901711300935744], [47.52876704376416, -18.901827828791227]]]}}, {"type": "Feature", "properties": {"fokontany": "Behoririka Ankaditapaka", "arrondissement": "3e Arrondissement", "pcode": "MG11101003024"}, "geometry": {"type": "Polygon", "coordinates": [[[47.52470983329226, -18.899189163948677], [47.52497722781692, -18.899244954291134], [47.5250006020961, -18.89938957157142], [47.52500475156819, -18.899521630718596], [47.52498387110887, -18.89961452529002], [47.5249340216879, -18.899750168235585], [47.52490105973618, -18.899839863019224], [47.524856913815654, -18.899986651262907], [47.524834738332686, -18.900060386677467], [47.52479647128024, -18.900276030614293], [47.52479904783786, -18.90041647773819], [47.52480154795319, -18.90055274841052], [47.52482097960467, -18.90074918822438], [47.524812862323756, -18.90086290659775], [47.52480581973293, -18.90096155413238], [47.52471593609175, -18.90111459985883], [47.524592407913474, -18.90124529203655], [47.524555115726, -18.901153188868534], [47.52442319777248, -18.90102171338134], [47.524296698234195, -18.90091765192807], [47.52418095908416, -18.90086055666933], [47.52394202270631, -18.900797447644038], [47.52355392477381, -18.90077973819433], [47.5232711626341, -18.900836269578065], [47.52301776335918, -18.90097497111799], [47.522913799931985, -18.90111530132998], [47.522895417789414, -18.901224467335226], [47.52240949610149, -18.901171416327713], [47.52238679091778, -18.901005075923422], [47.521767897270706, -18.900137785929985], [47.52260409770099, -18.89957017522329], [47.522733332977, -18.899616670173145], [47.522795192843944, -18.899666962060564], [47.52295560671598, -18.899423878009486], [47.523104922953905, -18.89918370956042], [47.52323640113906, -18.899013261053028], [47.52327227419613, -18.898904279408896], [47.52343827016011, -18.898552451134663], [47.52354361764395, -18.898611818080838], [47.52371022784479, -18.89870522886315], [47.52404512368366, -18.898876862676957], [47.52436719339124, -18.899048319324436], [47.52444541642285, -18.899089962431788], [47.52470983329226, -18.899189163948677]]]}}, {"type": "Feature", "properties": {"fokontany": "Ankaditapaka Avaratra", "arrondissement": "3e Arrondissement", "pcode": "MG11101003016"}, "geometry": {"type": "Polygon", "coordinates": [[[47.52213223691325, -18.89614205940842], [47.52233200331949, -18.896282073059126], [47.52275710835386, -18.896403020183186], [47.52303360311839, -18.89650912129889], [47.52321791917183, -18.89657761006856], [47.52332692329895, -18.89661662175962], [47.52342678222027, -18.89642173237695], [47.523656722679675, -18.89646846025113], [47.52404852491958, -18.896407781194057], [47.52416352392754, -18.89638431518398], [47.52424999913819, -18.896366669586087], [47.524416235221224, -18.896334544903254], [47.52457933177084, -18.896389464701997], [47.52480514074483, -18.89665479168525], [47.5248944173436, -18.896847268186832], [47.524914942570604, -18.896911757671432], [47.524981546361346, -18.89712101822039], [47.52498079183016, -18.897296120719375], [47.524980483362754, -18.897367650996273], [47.52497823056092, -18.897890387331472], [47.52497699129515, -18.898178126319408], [47.524975824874446, -18.8984487341217], [47.52470983329226, -18.899189163948677], [47.52444541642285, -18.899089962431788], [47.52436719339124, -18.899048319324436], [47.52404512368366, -18.898876862676957], [47.52371022784479, -18.89870522886315], [47.52354361764395, -18.898611818080838], [47.52343827016011, -18.898552451134663], [47.523115362284216, -18.898369868074838], [47.52258591430865, -18.89807013123152], [47.52222804798612, -18.897870730849434], [47.52197465860371, -18.89774534467182], [47.52136195499037, -18.897425983722144], [47.52131181059167, -18.897386384773768], [47.52109976034569, -18.897305935020825], [47.52096060464828, -18.89739031571048], [47.52095199184106, -18.897291594431408], [47.52087195397763, -18.897226806371975], [47.52112128741754, -18.8964128686589], [47.52127825778547, -18.895883219235145], [47.52142635993857, -18.89531001204739], [47.522232011298456, -18.895336675147348], [47.52230017361421, -18.895862048294816], [47.52213223691325, -18.89614205940842]]]}}, {"type": "Feature", "properties": {"fokontany": "Ankadifotsy Antanifotsy", "arrondissement": "3e Arrondissement", "pcode": "MG11101003015"}, "geometry": {"type": "Polygon", "coordinates": [[[47.52624999873842, -18.894183336891444], [47.52629999924562, -18.8949333373036], [47.52641666559674, -18.895000003147572], [47.526550368704704, -18.895106787748034], [47.526821035862156, -18.894929257978845], [47.52668896322524, -18.89538768109651], [47.52660440806716, -18.89567275719196], [47.5265666662188, -18.895800003167494], [47.52647138304792, -18.896093153376228], [47.52627828691345, -18.896638501365658], [47.52621666626618, -18.896800003417297], [47.526221456055396, -18.89690308730752], [47.52625534071154, -18.897038589059548], [47.526266665874005, -18.897183336741477], [47.52628302184411, -18.89779239180541], [47.52622192460217, -18.89812799541056], [47.52615287465562, -18.898507274590997], [47.52605106780271, -18.898804003202088], [47.52603598527264, -18.89884796386235], [47.52600113474466, -18.898949535992244], [47.52594154116929, -18.899302894013317], [47.52563691471204, -18.899281417303484], [47.525366492169894, -18.899261291375467], [47.52497722781692, -18.899244954291134], [47.52470983329226, -18.899189163948677], [47.524975824874446, -18.8984487341217], [47.52497699129515, -18.898178126319408], [47.52497823056092, -18.897890387331472], [47.524980483362754, -18.897367650996273], [47.52498079183016, -18.897296120719375], [47.524981546361346, -18.89712101822039], [47.524914942570604, -18.896911757671432], [47.5248944173436, -18.896847268186832], [47.52480514074483, -18.89665479168525], [47.52457933177084, -18.896389464701997], [47.524416235221224, -18.896334544903254], [47.52424999913819, -18.896366669586087], [47.52416352392754, -18.89638431518398], [47.524233332902156, -18.896283336606643], [47.52433333301701, -18.89608333727614], [47.52448333273969, -18.8960500030052], [47.52453333324689, -18.895966670025757], [47.52478333308443, -18.895866669910845], [47.524849998928346, -18.89585000277532], [47.52518143957195, -18.895872455249503], [47.5252333331519, -18.895583336701577], [47.525288869885514, -18.895408791782245], [47.52505379699528, -18.89523292755746], [47.52498600969665, -18.895126864213296], [47.52487312229681, -18.89496428477389], [47.52478651308718, -18.89482994134869], [47.524639891218044, -18.894639169062373], [47.52473333257723, -18.894583337351037], [47.52489999943555, -18.89438333712127], [47.5249999986512, -18.8942833370063], [47.52537637302123, -18.8942838244389], [47.52544919742269, -18.89381605466707], [47.52554999883347, -18.89375000306012], [47.52571666569173, -18.89356666996582], [47.52601666603647, -18.89363333670906], [47.52621666626618, -18.894116670148094], [47.52624999873842, -18.894183336891444]]]}}, {"type": "Feature", "properties": {"fokontany": "Ankadifotsy Befelatanana", "arrondissement": "3e Arrondissement", "pcode": "MG11101003008"}, "geometry": {"type": "Polygon", "coordinates": [[[47.52571666569173, -18.89356666996582], [47.52554999883347, -18.89375000306012], [47.52544919742269, -18.89381605466707], [47.52537637302123, -18.8942838244389], [47.5249999986512, -18.8942833370063], [47.52489999943555, -18.89438333712127], [47.52473333257723, -18.894583337351037], [47.524639891218044, -18.894639169062373], [47.52478651308718, -18.89482994134869], [47.52487312229681, -18.89496428477389], [47.52498600969665, -18.895126864213296], [47.52505379699528, -18.89523292755746], [47.525288869885514, -18.895408791782245], [47.5252333331519, -18.895583336701577], [47.52518143957195, -18.895872455249503], [47.524849998928346, -18.89585000277532], [47.52478333308443, -18.895866669910845], [47.52453333324689, -18.895966670025757], [47.52448333273969, -18.8960500030052], [47.52433333301701, -18.89608333727614], [47.524233332902156, -18.896283336606643], [47.52416352392754, -18.89638431518398], [47.52404852491958, -18.896407781194057], [47.523656722679675, -18.89646846025113], [47.52342678222027, -18.89642173237695], [47.52332692329895, -18.89661662175962], [47.52321791917183, -18.89657761006856], [47.52303360311839, -18.89650912129889], [47.52275710835386, -18.896403020183186], [47.52233200331949, -18.896282073059126], [47.52213223691325, -18.89614205940842], [47.52230017361421, -18.895862048294816], [47.522232011298456, -18.895336675147348], [47.52142635993857, -18.89531001204739], [47.52157018671488, -18.89451606716267], [47.52191275017333, -18.894381721039565], [47.522315586195475, -18.894239413218315], [47.5228944627093, -18.894029915248325], [47.52304110616228, -18.893978539677846], [47.52342536129146, -18.893843916563412], [47.52353669016611, -18.893803207851647], [47.52388151272169, -18.89367712020288], [47.52397656206875, -18.893642563753247], [47.52442570058571, -18.89347927115142], [47.52467173890966, -18.893382406073158], [47.524948319109626, -18.893285934897847], [47.52520597217796, -18.89319606474652], [47.52549687588015, -18.893099988373706], [47.52556666596905, -18.89323333714873], [47.52571666569173, -18.89356666996582]]]}}, {"type": "Feature", "properties": {"fokontany": "Ambodivona Ankadifotsy", "arrondissement": "3e Arrondissement", "pcode": "MG11101003006"}, "geometry": {"type": "Polygon", "coordinates": [[[47.53025252593346, -18.89268385857315], [47.53014462617375, -18.892733661229443], [47.5300113007811, -18.892794050704822], [47.52951833740144, -18.893017343375675], [47.528931632289016, -18.89325490109269], [47.52846952195097, -18.893464586121695], [47.52787588036762, -18.893732720788364], [47.52750297738055, -18.89390096775537], [47.52716533681098, -18.894085769442654], [47.527056787740605, -18.8942159103359], [47.52693586040175, -18.894495946630514], [47.52690998061115, -18.894620527914924], [47.52688289393052, -18.89471454843755], [47.526821035862156, -18.894929257978845], [47.526550368704704, -18.895106787748034], [47.52641666559674, -18.895000003147572], [47.52629999924562, -18.8949333373036], [47.52624999873842, -18.894183336891444], [47.52621666626618, -18.894116670148094], [47.52601666603647, -18.89363333670906], [47.52571666569173, -18.89356666996582], [47.52556666596905, -18.89323333714873], [47.52549687588015, -18.893099988373706], [47.52569424199578, -18.893034803713192], [47.52611707714152, -18.892885055800605], [47.52635452873858, -18.892804781415464], [47.52657874321454, -18.8927449432245], [47.526714433824225, -18.892738342200687], [47.526758686764026, -18.89243938956605], [47.52670180374537, -18.8922761922924], [47.52647780780461, -18.891987372319306], [47.5265666662188, -18.891916670317983], [47.52676088110985, -18.89178670389316], [47.52779507628185, -18.89163965394681], [47.5280353031867, -18.89159274980551], [47.528094073882585, -18.891695652932015], [47.52836690480899, -18.891974813286936], [47.52866355427966, -18.892238657288146], [47.528999183065935, -18.892365696419688], [47.529340443406795, -18.892408994279606], [47.52954911489985, -18.892347315176437], [47.52997613638968, -18.892095494211617], [47.5300744466785, -18.892222848105916], [47.530155284938644, -18.89239689570013], [47.53025252593346, -18.89268385857315]]]}}, {"type": "Feature", "properties": {"fokontany": "67ha Avaratra Andrefana", "arrondissement": "1er Arrondissement", "pcode": "MG11101001033"}, "geometry": {"type": "Polygon", "coordinates": [[[47.509529536159334, -18.900929444737983], [47.50951922273401, -18.901048851323367], [47.509497132686704, -18.901304632902452], [47.50944742625785, -18.901880174730252], [47.50933758216388, -18.903152033739275], [47.50930910692978, -18.903481742288477], [47.50928273341151, -18.90378711428383], [47.50927821971413, -18.903839369391335], [47.50927424561007, -18.903885374210574], [47.50927671065176, -18.903982869713616], [47.509278165754836, -18.904040394848323], [47.50928186016972, -18.904188460129262], [47.50928480634889, -18.904303025663978], [47.509285924206154, -18.90434723273853], [47.50928786494313, -18.904424018653515], [47.50929005029565, -18.90451040123395], [47.509291827356094, -18.904580649976936], [47.50928885869399, -18.904639882024867], [47.50928724171297, -18.904672170384288], [47.50927851559106, -18.90484637805781], [47.50927561887477, -18.904912464738402], [47.50876968007674, -18.904871757825276], [47.50872551527033, -18.904868165933067], [47.50853024187734, -18.90485266791626], [47.50816987094282, -18.904824067676543], [47.50786666631376, -18.90480000271782], [47.50774273164183, -18.90479208508657], [47.50768779205811, -18.904788575032626], [47.50727298336153, -18.904762072011977], [47.50683201698416, -18.904733896252196], [47.506292437246316, -18.904695658877472], [47.50595902259096, -18.90466614672522], [47.506017242002144, -18.90397064343034], [47.50604183576223, -18.90367738530307], [47.506072351557805, -18.903313527697037], [47.50609013475207, -18.903116131004538], [47.50611210159235, -18.90287229871757], [47.50613878717536, -18.902576081820598], [47.506155638671885, -18.902389031828307], [47.50620302035321, -18.90186308940997], [47.50624444582462, -18.901386413652006], [47.50627492384882, -18.90103572571809], [47.50630593157359, -18.900678934984796], [47.506416665996426, -18.90070000340239], [47.506837814014034, -18.900724221245753], [47.507071534323984, -18.900743893016227], [47.50740879088306, -18.900771909595903], [47.50769734915349, -18.900795881924296], [47.50825683898199, -18.900839373138524], [47.50907210589304, -18.90089598905854], [47.50937448134732, -18.900912524893045], [47.509529536159334, -18.900929444737983]]]}}, {"type": "Feature", "properties": {"fokontany": "67ha Avaratra Atsinanana", "arrondissement": "1er Arrondissement", "pcode": "MG11101001034"}, "geometry": {"type": "Polygon", "coordinates": [[[47.510055834709135, -18.900963342883927], [47.51018366974074, -18.90097366620165], [47.510317893556135, -18.900964140582516], [47.510883589606124, -18.90100467572512], [47.51185643572603, -18.901074378579665], [47.512406593289825, -18.901124172242703], [47.51274679512858, -18.901155733949906], [47.51297736421401, -18.901178249376585], [47.51305112031304, -18.901205838778367], [47.51326968794581, -18.901176809562003], [47.513402135600074, -18.901167352291395], [47.51350972869113, -18.90120152383122], [47.51366978373363, -18.901222349431862], [47.51379504760348, -18.90122957008856], [47.51376083919155, -18.901442499871393], [47.51374673422458, -18.90160298568918], [47.51372548504315, -18.901959779120432], [47.51361666527697, -18.902066669840906], [47.5136047375687, -18.90256765877035], [47.513599999040764, -18.902766669745972], [47.5135683536966, -18.903120397388363], [47.513563055790485, -18.903249200989706], [47.51363333421108, -18.903250002285745], [47.513818933596895, -18.903275312805363], [47.51399999860115, -18.903300003692095], [47.51401507843332, -18.90350134930776], [47.51391357195382, -18.90359882772367], [47.51389470058001, -18.903664071739456], [47.51383333444102, -18.903833336739012], [47.51366008544471, -18.903874818867678], [47.513613082378015, -18.903971047225923], [47.51357271181138, -18.904065823179167], [47.513549154070176, -18.904312510813668], [47.513474311590244, -18.904303043650486], [47.513350001001925, -18.90426666877164], [47.513276529987934, -18.90416720465265], [47.5132659683498, -18.904274658348754], [47.513258917664984, -18.904381773899672], [47.51324819684697, -18.904544643820145], [47.51324389269155, -18.904672980673467], [47.51323775481859, -18.90485591536816], [47.51321008177996, -18.905060922123823], [47.513164496044794, -18.905205015998604], [47.51313163301853, -18.90530889758753], [47.5129287621528, -18.90530784268276], [47.51269495640719, -18.90530662769862], [47.51248732003387, -18.90530554761284], [47.512171345930994, -18.90530390635007], [47.51197221444619, -18.90523151362339], [47.511766667197946, -18.905166669805908], [47.51153615566915, -18.905110139321437], [47.51153935006113, -18.905049093340892], [47.51130165474774, -18.90503681399764], [47.51107300841278, -18.905024999603995], [47.510876224158494, -18.90501483096955], [47.51035820566676, -18.904988066246233], [47.50997274274789, -18.904963296219023], [47.5094947216042, -18.904930205664357], [47.50927561887477, -18.904912464738402], [47.50927851559106, -18.90484637805781], [47.50928724171297, -18.904672170384288], [47.50928885869399, -18.904639882024867], [47.509291827356094, -18.904580649976936], [47.50929005029565, -18.90451040123395], [47.50928786494313, -18.904424018653515], [47.509285924206154, -18.90434723273853], [47.50928480634889, -18.904303025663978], [47.50928186016972, -18.904188460129262], [47.509278165754836, -18.904040394848323], [47.50927671065176, -18.903982869713616], [47.50927424561007, -18.903885374210574], [47.50927821971413, -18.903839369391335], [47.50928273341151, -18.90378711428383], [47.50930910692978, -18.903481742288477], [47.50933758216388, -18.903152033739275], [47.50944742625785, -18.901880174730252], [47.509497132686704, -18.901304632902452], [47.50951922273401, -18.901048851323367], [47.509529536159334, -18.900929444737983], [47.50976185172823, -18.900939601681216], [47.510055834709135, -18.900963342883927]]]}}, {"type": "Feature", "properties": {"fokontany": "Andavamamba Anjezika II", "arrondissement": "1er Arrondissement", "pcode": "MG11101001013"}, "geometry": {"type": "Polygon", "coordinates": [[[47.504201768896564, -18.916747198424446], [47.50436666678837, -18.91683333638929], [47.5046335388069, -18.916922816234944], [47.504934497828856, -18.917023723765794], [47.50525907664513, -18.917132550726592], [47.50548297815703, -18.91720762073504], [47.5056643543266, -18.917268433791094], [47.50581965195556, -18.91732050183964], [47.50596978207989, -18.917390950232118], [47.506166667058096, -18.91748333578721], [47.50639202097511, -18.91757001244605], [47.506599999090724, -18.917650002645416], [47.50668333386892, -18.91751666915883], [47.50684918414271, -18.91755902632798], [47.5070837273322, -18.917618923874215], [47.507292870969366, -18.91759860279319], [47.507450001416544, -18.91758333590218], [47.507704184001, -18.917654477671988], [47.50780120735993, -18.91768163539905], [47.50783521792107, -18.917404939186554], [47.50784885613979, -18.917202356103815], [47.507861904403455, -18.91697021140601], [47.50790097724848, -18.916710697640497], [47.50793297512678, -18.916516553795873], [47.50798429044272, -18.91628670057071], [47.5080852573289, -18.9161667220165], [47.508178352449136, -18.91624640374846], [47.50826666677335, -18.916316668679258], [47.50841407644862, -18.916381069130978], [47.50849074994812, -18.916286273392757], [47.50911940843412, -18.91634018864869], [47.50978576829863, -18.916392509406705], [47.50963519211052, -18.916893198861942], [47.50945595273021, -18.917244408402667], [47.50942702963374, -18.91729786140712], [47.50926419029031, -18.917572893873853], [47.50920441235394, -18.917640646998223], [47.509077875044056, -18.917784061884845], [47.508924900364036, -18.91789696996915], [47.508819679684564, -18.917974630025128], [47.50829684172584, -18.91820873164761], [47.50786207077806, -18.918395465078618], [47.50775356397577, -18.918442105718498], [47.505685141256265, -18.919391791597775], [47.503942256929804, -18.920163427000432], [47.502482908159834, -18.92083766762414], [47.502433985939774, -18.920754202444414], [47.50236131981916, -18.920631459374306], [47.502270659163685, -18.920505396906435], [47.50216912930199, -18.92036571330692], [47.50205324176386, -18.920229530768154], [47.5019084482164, -18.92006956655723], [47.50172381290383, -18.91986193557983], [47.50153922165788, -18.919661144845918], [47.50139068423272, -18.919477254171852], [47.50120634030037, -18.919256137860373], [47.50139999941064, -18.919083336726544], [47.501691904058305, -18.918578021158623], [47.501753162278646, -18.918424702038294], [47.50172133976815, -18.918311389259145], [47.50156148797237, -18.918255181631253], [47.50146584597212, -18.918221553282024], [47.50101841077122, -18.917427993307115], [47.50047782828932, -18.91721394566696], [47.500497287819655, -18.917009875105634], [47.50053591909756, -18.9165556788015], [47.500819602143, -18.91659354295757], [47.50111748278579, -18.916690541135438], [47.501483333289286, -18.91681667015314], [47.50293915941472, -18.915318442791772], [47.504201768896564, -18.916747198424446]]]}}, {"type": "Feature", "properties": {"fokontany": "Ampandrana Ankadivato", "arrondissement": "1er Arrondissement", "pcode": "MG11101001006"}, "geometry": {"type": "Polygon", "coordinates": [[[47.5307117791254, -18.90483325874783], [47.5309806143639, -18.904893262414078], [47.53101374358948, -18.904862037952626], [47.531057384091184, -18.904788306135345], [47.53108378998502, -18.904729670337986], [47.53109759188044, -18.90467110738564], [47.53113498299325, -18.904727788056903], [47.531152303036436, -18.904807662243797], [47.53112470733947, -18.904871802791433], [47.53106055959728, -18.90491500082652], [47.531057242897475, -18.90496085995568], [47.53105040804991, -18.90507750742097], [47.53104798527647, -18.905136170197977], [47.531064335850544, -18.905183584254928], [47.531096373299135, -18.90525585017724], [47.531152544054805, -18.905279514937604], [47.53126198435325, -18.90531086620348], [47.53137987737961, -18.905350164778156], [47.53155950976361, -18.90540776365725], [47.53173354117013, -18.905465395811348], [47.531896334648195, -18.905517762434727], [47.53199464044036, -18.905559839914645], [47.532129269849975, -18.90558837810113], [47.53230599922267, -18.90562999782611], [47.532435009668006, -18.90565590189823], [47.53253599633928, -18.905679304955868], [47.53263146566968, -18.905716068341803], [47.53270473613475, -18.905784951014596], [47.532747076216765, -18.905835355317322], [47.532700545294006, -18.906003575304737], [47.53265095577717, -18.90613182492376], [47.53266018461994, -18.90625973190106], [47.53283730969417, -18.906362663805794], [47.53277057100513, -18.906437697841397], [47.5326196899469, -18.906929094601935], [47.532501781631936, -18.907321663064238], [47.53239514631912, -18.907724829137464], [47.532375425985094, -18.907827875256203], [47.53237597726962, -18.907913178650233], [47.53242668824123, -18.908055061092114], [47.5325020829049, -18.908163622752966], [47.5329117987406, -18.90837923341479], [47.533271507773975, -18.908561960366058], [47.53348641786408, -18.90868392372397], [47.53367630791547, -18.90878707596272], [47.533766518909886, -18.908876593579862], [47.533841760688745, -18.908961459903423], [47.53389228999731, -18.909074906681553], [47.53391792337362, -18.90918850004914], [47.53390876018125, -18.909311773719253], [47.533899200387964, -18.909373441131322], [47.53388081374874, -18.909610512315226], [47.53385243833952, -18.909842901628565], [47.53379968680622, -18.91015600329689], [47.533734683808746, -18.91064769863226], [47.533692601832286, -18.91099503569228], [47.533641537427116, -18.911188059881], [47.533613401237574, -18.91125017695407], [47.5335018061636, -18.91139670799157], [47.533412665362334, -18.911430150181218], [47.53307504997372, -18.911649757430325], [47.532911246556864, -18.911780612385257], [47.532863176894125, -18.91184660913359], [47.53276407160479, -18.91200747176731], [47.53267460614825, -18.912216065918585], [47.53266474328342, -18.912251334631264], [47.53266276477484, -18.91246581934206], [47.53267011223596, -18.912561807581255], [47.53270760497202, -18.912638415430422], [47.53276191413113, -18.912714922555608], [47.53281666575657, -18.91278333668157], [47.53295818757044, -18.9128994373591], [47.53312055926659, -18.913042535684383], [47.53323924819284, -18.913192291690848], [47.533316666331245, -18.913316669728488], [47.533362065906715, -18.91346046412906], [47.533390194002266, -18.91364916257868], [47.533428225432374, -18.913808993690054], [47.533397664670645, -18.91381859485216], [47.533216504338384, -18.913978083321865], [47.533067101765425, -18.91416529878944], [47.53295502735273, -18.91430212704148], [47.5328131539041, -18.914489298442334], [47.53266666603389, -18.914716670437883], [47.532613088023595, -18.914785887658525], [47.53239437559995, -18.914749759193967], [47.53209295342725, -18.914719270377987], [47.5318476624397, -18.914634700830675], [47.5316186968455, -18.914576492211324], [47.53159012718277, -18.914403278288603], [47.531555615699176, -18.914306726174345], [47.531509812328125, -18.914226934725207], [47.531566665669175, -18.914033336769023], [47.53159798455937, -18.913876411367198], [47.53165165070328, -18.91378429111205], [47.531710754148094, -18.91360033478753], [47.531751399907364, -18.91335910693715], [47.53177679136593, -18.913287341037858], [47.53177747035414, -18.913218390016652], [47.531806585005995, -18.913049331861146], [47.531812285808485, -18.912826031995735], [47.53181925195702, -18.912671952948244], [47.53183053485128, -18.91254519980106], [47.531866292795314, -18.912355460835727], [47.53192961855717, -18.912222136342393], [47.53200832542399, -18.912131840811696], [47.532121417869234, -18.912016822018643], [47.53219370627471, -18.91194253082307], [47.532248380558485, -18.911886087572782], [47.53230790668459, -18.91174919187165], [47.53234839416319, -18.911587252749428], [47.53236632034958, -18.91143981969185], [47.53238440931318, -18.91131753887322], [47.53242139842894, -18.911198741128942], [47.532505512919215, -18.911121188991615], [47.53260412987686, -18.91104136067014], [47.53272942162556, -18.91095438723511], [47.53281242905052, -18.91090150799812], [47.5327179930411, -18.91074364190547], [47.532580962441614, -18.910571962226243], [47.532556809349444, -18.91052860770901], [47.53242698681612, -18.91036260904707], [47.532286602644774, -18.910183104366695], [47.532158912403986, -18.910021836138696], [47.53191088208166, -18.909708677813114], [47.531810356762605, -18.909535302012557], [47.531549977849295, -18.909100939356847], [47.53134519142753, -18.908763457967154], [47.53125961643832, -18.908639259793972], [47.53112796198599, -18.908520249809612], [47.530764037830124, -18.90829239937466], [47.530551965101154, -18.908193021590648], [47.53036723625894, -18.908092086180716], [47.53021521396113, -18.908015319151616], [47.53006666574419, -18.907950003190024], [47.52998668184006, -18.90796554617299], [47.529899632861884, -18.90799799461172], [47.52983597255218, -18.908036651969894], [47.52978240803168, -18.908069177750292], [47.5297200337526, -18.907954957555205], [47.52958466869762, -18.907703573660967], [47.52948298235384, -18.907503952045715], [47.52943434701757, -18.90744111911232], [47.52941581918475, -18.90737237223709], [47.529414820937404, -18.907217455920772], [47.529363061356264, -18.90711441609733], [47.52931710869768, -18.907022937958175], [47.52919612560072, -18.906898709208008], [47.52909999886589, -18.90680000321754], [47.52907909862154, -18.906778681191156], [47.52905008199582, -18.906749077308007], [47.528928669022946, -18.90663492815935], [47.528849922585835, -18.906560894169843], [47.528716666441085, -18.90636667028548], [47.528617422656, -18.906166330112], [47.52851411213675, -18.905902996026327], [47.52848323121634, -18.905788417901135], [47.528481829173245, -18.90557038716355], [47.528488092951136, -18.905490816947577], [47.52849514633391, -18.90540122378735], [47.52852066999304, -18.905048015053808], [47.52859723197679, -18.90476641303951], [47.52865160858488, -18.90466688057205], [47.528710444031844, -18.904559190354234], [47.528778813191764, -18.90445883500712], [47.52884780558185, -18.904357564150246], [47.52889525830966, -18.90423679239393], [47.52897997264779, -18.90407024694423], [47.529026158230806, -18.903979449591816], [47.52918333274471, -18.904050003205043], [47.529331846787386, -18.904112612207257], [47.52950928482568, -18.904145313355457], [47.52972251498227, -18.904231783170133], [47.52990032264188, -18.904321834085295], [47.53005408063149, -18.904530099984072], [47.530182832072114, -18.90470814866211], [47.530339199894286, -18.904771335029068], [47.530466908121355, -18.904787458074622], [47.53059102895287, -18.90479685419143], [47.5307117791254, -18.90483325874783]]]}}, {"type": "Feature", "properties": {"fokontany": "Ankasina", "arrondissement": "1er Arrondissement", "pcode": "MG11101001020"}, "geometry": {"type": "Polygon", "coordinates": [[[47.50472998929769, -18.891228875112404], [47.50472472196839, -18.891410771090136], [47.50512130860159, -18.891432701058193], [47.505370472969105, -18.89145063174118], [47.50555860124848, -18.891461653832152], [47.50563252642007, -18.891497516996765], [47.505889880913344, -18.891493496127907], [47.50626953780892, -18.891517133009245], [47.50659048876008, -18.891545404097087], [47.50672613080633, -18.891561832012826], [47.50688333409863, -18.891583336601627], [47.50712391173931, -18.891593962990896], [47.50740423132038, -18.89162676576251], [47.507671186076436, -18.891689746184795], [47.50777095686436, -18.89174938202825], [47.50789813179341, -18.891856163930697], [47.50798913868789, -18.891958853018593], [47.508071029154735, -18.89204869259305], [47.50812600201351, -18.892168788958372], [47.50816747694762, -18.892297561982843], [47.5081733234403, -18.89250824615857], [47.50817473357722, -18.892731856290027], [47.508158750825885, -18.893063075700354], [47.50816884481645, -18.893230730913444], [47.508251195736136, -18.893393674578306], [47.508356027908405, -18.89353928740809], [47.50847438768301, -18.893680522338173], [47.50861539058798, -18.893830227982562], [47.508824676317886, -18.894061251225708], [47.509061125170945, -18.89430071820351], [47.50922036272971, -18.894476121975345], [47.509411415604404, -18.894681446191726], [47.50956613676789, -18.894856875144626], [47.50978906071674, -18.895100719122865], [47.51002562108573, -18.895357387433364], [47.51027755536501, -18.895633854318874], [47.51044134079541, -18.895813530769715], [47.510587939282004, -18.89595460292253], [47.510731373953774, -18.896131170417107], [47.510933674649436, -18.896389544741623], [47.5110906935808, -18.896583485339534], [47.511001191252035, -18.896638072389067], [47.5108559057756, -18.896739792907056], [47.51072367485784, -18.896874255042746], [47.51059271288358, -18.897007427550705], [47.51049967531981, -18.89712861299506], [47.51032269323781, -18.89735914161099], [47.51024487939782, -18.897523336232894], [47.51016295026005, -18.897696217406462], [47.51009100989228, -18.897955753655026], [47.510058062329904, -18.898139932112144], [47.51002584141952, -18.898320039338273], [47.50998558956343, -18.89854308109824], [47.50990617133289, -18.898979300854023], [47.509855268805666, -18.899330555360734], [47.50978631328775, -18.899806382158715], [47.5098391007939, -18.90000917568284], [47.509914536826386, -18.900302886169243], [47.50999350719479, -18.90043427442214], [47.51007813699641, -18.900575078576992], [47.51016758176854, -18.900756655295368], [47.51018366974074, -18.90097366620165], [47.510055834709135, -18.900963342883927], [47.50976185172823, -18.900939601681216], [47.509529536159334, -18.900929444737983], [47.50937448134732, -18.900912524893045], [47.50907210589304, -18.90089598905854], [47.50825683898199, -18.900839373138524], [47.50769734915349, -18.900795881924296], [47.50740879088306, -18.900771909595903], [47.507071534323984, -18.900743893016227], [47.506837814014034, -18.900724221245753], [47.506416665996426, -18.90070000340239], [47.50630593157359, -18.900678934984796], [47.50627492384882, -18.90103572571809], [47.50624444582462, -18.901386413652006], [47.50620302035321, -18.90186308940997], [47.506155638671885, -18.902389031828307], [47.50613878717536, -18.902576081820598], [47.50611210159235, -18.90287229871757], [47.50609013475207, -18.903116131004538], [47.506072351557805, -18.903313527697037], [47.50604183576223, -18.90367738530307], [47.506017242002144, -18.90397064343034], [47.50595902259096, -18.90466614672522], [47.50581666620633, -18.904433337428486], [47.50580806329168, -18.904213224760497], [47.50582044605687, -18.90393548983093], [47.50579358240799, -18.90366615996527], [47.50572208630524, -18.903080573609486], [47.505695932221556, -18.902860681275342], [47.50555012244024, -18.901627306954538], [47.505493341044996, -18.901218004806992], [47.505414215993426, -18.900677895368517], [47.505405622071976, -18.900481850356982], [47.50539873056715, -18.900375283392577], [47.505394449794096, -18.900331166250282], [47.50531783564975, -18.89970589281262], [47.505263325042506, -18.899261001793775], [47.505186181197416, -18.898667996031122], [47.5051265948166, -18.898235363671063], [47.50509811418664, -18.898137020107356], [47.50506162869135, -18.898011044873726], [47.50502129499688, -18.897871790250804], [47.50494062491009, -18.89775277397132], [47.503933332057784, -18.896266670370494], [47.502666665734125, -18.895633336309402], [47.50018333269463, -18.89441667139215], [47.500566666918246, -18.892383336621606], [47.50256666561927, -18.891683335817277], [47.50256666741785, -18.89130000339236], [47.502566678209746, -18.89109004137225], [47.50353333339672, -18.89090000383203], [47.50472998929769, -18.891228875112404]]]}}, {"type": "Feature", "properties": {"fokontany": "Antohomadinika Antsalovana Faa", "arrondissement": "1er Arrondissement", "pcode": "MG11101001026"}, "geometry": {"type": "Polygon", "coordinates": [[[47.5114889592482, -18.897090274896243], [47.511596705223894, -18.89724930740954], [47.51164121177254, -18.897248587052616], [47.51169681955258, -18.89724495918739], [47.51191585303428, -18.897247712012188], [47.512164443634276, -18.897262319700246], [47.512429703168436, -18.897248773212198], [47.51261085720546, -18.897255751051944], [47.51271138702106, -18.897287156277116], [47.51274699927461, -18.89729828089088], [47.512866665764136, -18.89730000309254], [47.51289848197939, -18.897293004568382], [47.51308451483857, -18.897305929624906], [47.51325087682659, -18.89732894597398], [47.51335159639916, -18.897345827148115], [47.513615280321005, -18.89735837808655], [47.51397091812356, -18.897373290644794], [47.51434587156484, -18.897392187199557], [47.5147978438456, -18.897416857401993], [47.515347391668854, -18.897446853389454], [47.51559721523938, -18.89736143668091], [47.515750156644515, -18.89802043199728], [47.515838449385114, -18.898385738411037], [47.5158786203022, -18.898551945715667], [47.51598336434091, -18.898824473570528], [47.5164574653399, -18.899325983207518], [47.516730592143176, -18.89946447700396], [47.51701112306506, -18.899609928855057], [47.517173528035926, -18.89969303430604], [47.517490447326395, -18.89977524583088], [47.517548226969154, -18.89979763984917], [47.51761402316879, -18.89975531775366], [47.517634872151746, -18.899791018140945], [47.5176833339188, -18.89985000287527], [47.51771255828805, -18.89989322159488], [47.5174881774376, -18.899887222217444], [47.51735723075177, -18.89987360468308], [47.51725399667464, -18.899862871274422], [47.51718333334435, -18.89985000287527], [47.51701330302154, -18.89981849512742], [47.51696476840948, -18.89980954597371], [47.51679106795348, -18.899751887739342], [47.51669687655959, -18.899709860621442], [47.516528152951935, -18.899634579272288], [47.51638547371067, -18.899570917164], [47.516041600839344, -18.89940425390313], [47.51587518579123, -18.899280562947524], [47.515824811166226, -18.899233192957468], [47.51552943513536, -18.899198720144796], [47.515201152011684, -18.89916040542829], [47.514744843199935, -18.899102105077986], [47.514656638593124, -18.89911661833719], [47.514601209778164, -18.89917298604439], [47.51452504619391, -18.89925043925632], [47.51448529076367, -18.899280623202174], [47.514387820441755, -18.899354629312654], [47.51400370920385, -18.899650581808828], [47.51390997106836, -18.899723199366065], [47.513614503306826, -18.89987570190209], [47.51379981311095, -18.90013772927273], [47.513873702309695, -18.90022888815264], [47.5138355143975, -18.900610132351687], [47.51381741104473, -18.900790863707357], [47.513808228966695, -18.90087165070605], [47.51379862960323, -18.900956108737375], [47.51379504760348, -18.90122957008856], [47.51366978373363, -18.901222349431862], [47.51350972869113, -18.90120152383122], [47.513402135600074, -18.901167352291395], [47.51326968794581, -18.901176809562003], [47.51305112031304, -18.901205838778367], [47.51297736421401, -18.901178249376585], [47.51274679512858, -18.901155733949906], [47.512406593289825, -18.901124172242703], [47.51185643572603, -18.901074378579665], [47.510883589606124, -18.90100467572512], [47.510317893556135, -18.900964140582516], [47.51018366974074, -18.90097366620165], [47.51016758176854, -18.900756655295368], [47.51007813699641, -18.900575078576992], [47.50999350719479, -18.90043427442214], [47.509914536826386, -18.900302886169243], [47.5098391007939, -18.90000917568284], [47.50978631328775, -18.899806382158715], [47.509855268805666, -18.899330555360734], [47.50990617133289, -18.898979300854023], [47.50998558956343, -18.89854308109824], [47.51002584141952, -18.898320039338273], [47.510058062329904, -18.898139932112144], [47.51009100989228, -18.897955753655026], [47.51016295026005, -18.897696217406462], [47.51024487939782, -18.897523336232894], [47.51032269323781, -18.89735914161099], [47.51049967531981, -18.89712861299506], [47.51059271288358, -18.897007427550705], [47.51072367485784, -18.896874255042746], [47.5108559057756, -18.896739792907056], [47.511001191252035, -18.896638072389067], [47.5110906935808, -18.896583485339534], [47.511229539012106, -18.896757948420486], [47.51136979008385, -18.896933122865278], [47.5114889592482, -18.897090274896243]]]}}, {"type": "Feature", "properties": {"fokontany": "Andohatapenaka II", "arrondissement": "1er Arrondissement", "pcode": "MG11101001015"}, "geometry": {"type": "Polygon", "coordinates": [[[47.4985014673689, -18.886848556215796], [47.49864999939808, -18.886866668561822], [47.504746810217284, -18.887810724685153], [47.50477568115281, -18.88781519521507], [47.50473068267496, -18.888135058885837], [47.504726018790905, -18.888461085610516], [47.504708726626404, -18.88891502920518], [47.50471238326992, -18.88949669631546], [47.50472347910528, -18.89019337862146], [47.50471981796528, -18.89067920498121], [47.504724960288854, -18.890957055923366], [47.50472998929769, -18.891228875112404], [47.50353333339672, -18.89090000383203], [47.502566678209746, -18.89109004137225], [47.50256666741785, -18.89130000339236], [47.50256666561927, -18.891683335817277], [47.500566666918246, -18.892383336621606], [47.50018333269463, -18.89441667139215], [47.50000000139909, -18.894450002065923], [47.499993284362745, -18.89449861042243], [47.49997006656548, -18.89459865910078], [47.499957023697675, -18.89472597972008], [47.49991373483118, -18.894833830017205], [47.49983837074427, -18.894834257195157], [47.49970672078865, -18.89482338079432], [47.499605809660466, -18.89480568663305], [47.4994990430464, -18.89480629187682], [47.499329245648255, -18.894771385590843], [47.49919104233277, -18.894766192006102], [47.49901504231042, -18.894743278179703], [47.49892083472878, -18.89474381237693], [47.49881477498201, -18.894736768886673], [47.49874016632566, -18.894755970311678], [47.4987392643057, -18.894834509904626], [47.498720873169816, -18.894906351346947], [47.49872135880372, -18.89498406266432], [47.49871567508836, -18.89507974333543], [47.498716160722324, -18.895157454652747], [47.4987104419335, -18.895247158429584], [47.498704797788264, -18.895348815994964], [47.49869930113198, -18.895474385634373], [47.49870019865523, -18.89561785268171], [47.49869587831222, -18.89572103729597], [47.49870329232317, -18.895918737959278], [47.498788157747356, -18.896655333976412], [47.498900311300474, -18.897628745769907], [47.499005772998146, -18.898537140176813], [47.49907648309335, -18.89911716332631], [47.499233843767, -18.899571488233505], [47.49932505930417, -18.900687216841504], [47.49935313164184, -18.90103060138108], [47.499383332674824, -18.90140000420672], [47.49939999981024, -18.901566669266344], [47.49940642636551, -18.901711593215396], [47.49942669618514, -18.902168642168988], [47.499471939278635, -18.90234346857619], [47.499546351882714, -18.902476112282727], [47.49957205360738, -18.902498213121987], [47.49966570360948, -18.90257873392136], [47.49983966037206, -18.902725060812884], [47.50008309156158, -18.902911361669908], [47.500399477554026, -18.903153495137587], [47.50062847372516, -18.903328638106075], [47.500785507944954, -18.90344872367956], [47.50099566241994, -18.90360943162989], [47.5011209352831, -18.903688812988264], [47.5013133272484, -18.903810725984158], [47.501622687736926, -18.90391390610182], [47.50182948414357, -18.903982876008854], [47.50203625536898, -18.904100757344054], [47.502074011606396, -18.904254616956905], [47.50203854414366, -18.90438211024616], [47.501925929238325, -18.904379601137634], [47.501752029133, -18.90437320605855], [47.50166879777697, -18.90437523402977], [47.501576404127775, -18.904302837705757], [47.50147444439028, -18.9042616622458], [47.501399225993566, -18.90423519429868], [47.501350219237224, -18.904220155835503], [47.501285759430345, -18.904206381818994], [47.501211795588006, -18.904190578032626], [47.50112111334886, -18.90417427332403], [47.50099366322712, -18.904149121984346], [47.500927860732304, -18.904135281418064], [47.50082363470307, -18.904113356845812], [47.50069715494982, -18.90408866416044], [47.50058736211719, -18.90406916416049], [47.50050557507234, -18.90405464010945], [47.50042267556603, -18.90404250016121], [47.5003430396996, -18.90403360226884], [47.500175514888156, -18.904014881081878], [47.50007465502142, -18.904015453050647], [47.49995677278696, -18.90401612214623], [47.499862514843244, -18.904021042337206], [47.49977219413148, -18.904027926647473], [47.49968491043029, -18.904036640178674], [47.49958083458796, -18.904048944702936], [47.49947461566114, -18.904061503735306], [47.499410363597576, -18.904069101207938], [47.49937784321298, -18.90407023974973], [47.49925610738353, -18.90407449983826], [47.499161927680916, -18.90407779585354], [47.499041967113214, -18.904151968338624], [47.49890846185605, -18.904223825968757], [47.49881540900407, -18.904271954087392], [47.49871125042398, -18.904325822578585], [47.49861007309653, -18.904377484133533], [47.498500535671326, -18.90443341387089], [47.498601727387836, -18.904544428882218], [47.49871666614132, -18.904733335974583], [47.49881407710808, -18.905021466167625], [47.49883972937005, -18.90512445922633], [47.49888567213611, -18.905308926365763], [47.498970414353266, -18.905609317915605], [47.49904552303252, -18.90587301802526], [47.49909667557125, -18.90609763719607], [47.49914885963227, -18.906326760171794], [47.49916855298642, -18.906496171760807], [47.499199999580355, -18.906766668946545], [47.49811666725054, -18.906633334560695], [47.4978500011768, -18.90658333675151], [47.497674053314995, -18.906585881832882], [47.497605329822306, -18.90640929275463], [47.49731347733524, -18.906000683084926], [47.49725347276967, -18.905275091172427], [47.49717378114519, -18.90472779165418], [47.49715042395309, -18.904318762900516], [47.49707807799098, -18.90383741606388], [47.496852052280474, -18.90343836798627], [47.49643944962105, -18.90293636012484], [47.496219963780334, -18.902502030744074], [47.496097246790555, -18.90213592932963], [47.495947585213, -18.901311484837038], [47.49567241694865, -18.900486247142567], [47.49548341362862, -18.900077779565834], [47.495025555285224, -18.898996709930145], [47.494458766558864, -18.89767089519563], [47.49371963355429, -18.896264265583284], [47.49287234718116, -18.894735562895846], [47.49198389524065, -18.893493337447467], [47.49122560577712, -18.892454838120216], [47.490754546285416, -18.89188225686064], [47.49110000016498, -18.891616669973246], [47.49292955935181, -18.890262682176967], [47.49185829412505, -18.888859592296228], [47.49234634810557, -18.888629566401278], [47.49591666562168, -18.88653333574473], [47.4985014673689, -18.886848556215796]]]}}, {"type": "Feature", "properties": {"fokontany": "Amparibe Ambohidahy Mahamasina", "arrondissement": "1er Arrondissement", "pcode": "MG11101001007"}, "geometry": {"type": "Polygon", "coordinates": [[[47.52674023267565, -18.914491960435555], [47.526939431609605, -18.914529532311974], [47.52708510199591, -18.914483100314726], [47.5271983086551, -18.914447017715588], [47.52722823179761, -18.914437478606715], [47.52730992891014, -18.914421433802033], [47.527454036274946, -18.914393131237887], [47.527603027857594, -18.91435783644488], [47.527735720127566, -18.914350881987502], [47.527823467878875, -18.914334329965243], [47.527838231149474, -18.914244747596967], [47.52794999889352, -18.914433336329353], [47.52813640497129, -18.914693265581718], [47.528366499214656, -18.914993720084055], [47.52842914508909, -18.915071851384766], [47.52856543464725, -18.915128551841065], [47.52866459479526, -18.915282488795754], [47.5287499989135, -18.91541667034295], [47.52884329638101, -18.915475489602102], [47.5290512088464, -18.91551380431855], [47.52928179771692, -18.915555578726924], [47.52936757325506, -18.91554851814948], [47.52927195733503, -18.91565539358146], [47.52923333325191, -18.915716669788424], [47.529166665609296, -18.916016669233784], [47.529228636092796, -18.91710671410351], [47.52911666690085, -18.917233336848994], [47.5290431392296, -18.917272276594247], [47.52883572408945, -18.917109821261192], [47.52864999879847, -18.91698333611197], [47.52839880735911, -18.916915966098827], [47.52836872593605, -18.916992519089376], [47.528353837659665, -18.917054435613636], [47.52831993681576, -18.917131012885875], [47.52825187432461, -18.9172441583911], [47.5281911512007, -18.91730997797299], [47.528073190725365, -18.917423245786097], [47.527992158211646, -18.917547619327138], [47.527911237213914, -18.917689694223952], [47.52783748201432, -18.917789243778543], [47.527736027695596, -18.91763053322245], [47.52764242265965, -18.917535495566597], [47.5275153646424, -18.917444196392466], [47.5274500001176, -18.917416669043973], [47.52733639236078, -18.917377975712952], [47.527235893122, -18.91736794197692], [47.52709884183827, -18.91736330597172], [47.526960648415354, -18.917370329676885], [47.526641604026906, -18.91750317033501], [47.526400466108726, -18.917603692955993], [47.52618525204775, -18.91768636673237], [47.526122088163845, -18.917714867147367], [47.526014603890985, -18.91775815961131], [47.52580217682913, -18.91769567471556], [47.52566434673224, -18.917664615729393], [47.525526699198, -18.91766187459575], [47.525398388425, -18.917667411721652], [47.52516247197059, -18.91771001260696], [47.524672265013066, -18.917901194084777], [47.524517842424586, -18.918019972943284], [47.52440538310202, -18.91793024668351], [47.52425035886699, -18.91778449985469], [47.52416558967036, -18.917709319229573], [47.52404502295957, -18.91760238624107], [47.52387837228906, -18.917445709052174], [47.523742984751095, -18.91735850808857], [47.523658004213644, -18.917322339154566], [47.523692203632436, -18.91724881777867], [47.523726237575886, -18.91714963424812], [47.52373808974119, -18.917091394152465], [47.52376358372254, -18.916966111396903], [47.52378568725982, -18.916808337934413], [47.52379841086815, -18.91657103472545], [47.52381281980598, -18.916309199809632], [47.52382689329664, -18.916061738758174], [47.52383822565372, -18.91586246338187], [47.52384979093529, -18.915635228083204], [47.5238629453188, -18.915368425312465], [47.5238640982497, -18.915218303282018], [47.5238643455632, -18.914939411824378], [47.523871138142624, -18.914683391025562], [47.523878886701425, -18.91452012270537], [47.523936571915385, -18.914374112375356], [47.52394711916429, -18.914347416899716], [47.524119520999136, -18.914199771602057], [47.52436834902028, -18.913956361097064], [47.52463975182326, -18.913628498856042], [47.525018446444335, -18.913199206578042], [47.52542957961151, -18.912739637723973], [47.52593595997672, -18.912165520422377], [47.52611059392882, -18.911958305831092], [47.5261166670507, -18.912166668856628], [47.52611456893226, -18.912296203606843], [47.52607815538272, -18.912574343231313], [47.526041376708235, -18.912868981818008], [47.526028779904436, -18.91301967491802], [47.5260294436041, -18.913123072671624], [47.526030465233816, -18.913282170835487], [47.52603951960833, -18.913354535683197], [47.52606382918242, -18.91354878924517], [47.52610041630135, -18.9137429106068], [47.52616165383745, -18.913995773885745], [47.52616830342464, -18.91432709581875], [47.526440786313344, -18.914334476554757], [47.526582380072796, -18.91440894311819], [47.52674023267565, -18.914491960435555]]]}}, {"type": "Feature", "properties": {"fokontany": "Antetezanafovoany II", "arrondissement": "1er Arrondissement", "pcode": "MG11101001022"}, "geometry": {"type": "MultiPolygon", "coordinates": [[[[47.51287920860858, -18.907131211835917], [47.512910708262666, -18.907142608044865], [47.513103694679955, -18.90721243140848], [47.51325538782601, -18.907237161865453], [47.513198209829625, -18.907503616598603], [47.51317755779803, -18.907727840067707], [47.51323550381562, -18.908038867899393], [47.51312140772677, -18.90804747620996], [47.51286623229083, -18.908049565335148], [47.51249321688857, -18.90805261493614], [47.51250502228896, -18.907864511837715], [47.51251828189322, -18.907653281773435], [47.51258733273937, -18.90713574082173], [47.51244795311061, -18.907160037805454], [47.51223421483712, -18.907193840623222], [47.51212911736491, -18.907203799715546], [47.51213233423988, -18.90687268462659], [47.51216658581939, -18.906884022379643], [47.512602748917914, -18.907048761091403], [47.512811057984095, -18.907110887157614], [47.51287920860858, -18.907131211835917]]], [[[47.51001791839229, -18.906182874939702], [47.51049796031265, -18.906340130392664], [47.51071936440718, -18.9064126580177], [47.51108533272202, -18.906532542142997], [47.51144680622525, -18.906650952279506], [47.511549042954016, -18.906662639868898], [47.51153705499121, -18.906815170283778], [47.51152825602429, -18.906963549428212], [47.51152127638596, -18.907081229315224], [47.51148374497899, -18.90707546556024], [47.51114162488619, -18.9070229325622], [47.51084812394191, -18.906977865735826], [47.5106666668334, -18.90695000294022], [47.510599732991466, -18.906930527222016], [47.5105797626461, -18.906684676856287], [47.509969115782155, -18.906621798057472], [47.509961958977215, -18.90670571199894], [47.50974983318832, -18.906694311293336], [47.50952279574062, -18.906682111090447], [47.50954160685984, -18.906455649208738], [47.50954697401369, -18.906391023027197], [47.509553833142945, -18.90630639502399], [47.50956185329693, -18.906205395762356], [47.50952413842833, -18.90620756132978], [47.50947285099147, -18.906185944325784], [47.50944122902956, -18.906174880865933], [47.50937200281578, -18.906163661823484], [47.50931979087579, -18.906150110838837], [47.509269121273064, -18.90613059285249], [47.509204149751895, -18.906117830573294], [47.5091248933993, -18.90610674013385], [47.509051408895516, -18.905934879690847], [47.5091779462054, -18.905956958047057], [47.50923333365148, -18.90596666892651], [47.50931666663092, -18.90601666943371], [47.50957515966587, -18.90603783407869], [47.50967627763822, -18.906070960606257], [47.51001791839229, -18.906182874939702]]]]}}, {"type": "Feature", "properties": {"fokontany": "Andranomanalina Afovoany", "arrondissement": "1er Arrondissement", "pcode": "MG11101001017"}, "geometry": {"type": "Polygon", "coordinates": [[[47.51136666763773, -18.909166733757672], [47.51144241393638, -18.909175948211328], [47.51166221723764, -18.909211707953887], [47.51190553241452, -18.909260944936534], [47.51210149199039, -18.909321865911295], [47.51220000013001, -18.909366669236363], [47.512247821579706, -18.90938897961763], [47.51242573086296, -18.909404468641185], [47.51256250065899, -18.909414010448188], [47.5127711505682, -18.909423939862904], [47.512893077054, -18.909428021885617], [47.51306022235144, -18.909430098420216], [47.51314214159669, -18.909431117352085], [47.5132923310764, -18.909449977034683], [47.51320927778613, -18.909580013606615], [47.513078870693505, -18.909777237629328], [47.51295607366393, -18.909957805308352], [47.51292381857945, -18.910016443803727], [47.51282821075341, -18.910190247681726], [47.512778777718495, -18.910266283562066], [47.512687061259044, -18.910407362909382], [47.51261314957725, -18.91052177016354], [47.51254148260341, -18.910632706034505], [47.51243774940269, -18.91079496261733], [47.51237046392595, -18.910900445898733], [47.51218249662503, -18.910866660168153], [47.51196547402748, -18.91082765027579], [47.511824145567914, -18.91082537139374], [47.51154229713944, -18.91081764621731], [47.51127819593205, -18.910800078860518], [47.51116997241638, -18.91079487178581], [47.511058754158285, -18.910789519021023], [47.51097983774946, -18.910746639345803], [47.51085150539279, -18.91074343506142], [47.5106115338952, -18.9107158321699], [47.51052562166018, -18.910705948620546], [47.51042794089693, -18.910694713390285], [47.51038199992945, -18.91068942717527], [47.51014950089876, -18.910658003064327], [47.50985974023496, -18.910617144165826], [47.50955434665593, -18.91057161778582], [47.509193606999474, -18.91051222026266], [47.509202989626374, -18.910403558777148], [47.50940761237143, -18.910414236427755], [47.50958576537084, -18.910440793407815], [47.50965176301855, -18.910404959920925], [47.50968024005118, -18.910326010237156], [47.50975000495879, -18.910231064312143], [47.51003148196742, -18.910233389958933], [47.510036696236625, -18.90974881815339], [47.51046353606341, -18.909829099733088], [47.51056348221891, -18.90984523357065], [47.51079166720183, -18.909716669188867], [47.51076666694826, -18.90965000244563], [47.510620618846644, -18.909578705093054], [47.51047026658961, -18.909584819583642], [47.510258809896186, -18.909557842620245], [47.51002702222945, -18.909528269314137], [47.510025526656875, -18.909291913990614], [47.51024248000658, -18.909314837709474], [47.51048527897257, -18.90934049087093], [47.510860385298656, -18.909382659182256], [47.51115215324944, -18.90941545475937], [47.51116666740785, -18.90921666771493], [47.51117521726252, -18.909135627107446], [47.5113181761929, -18.909160907050136], [47.51136666763773, -18.909166733757672]]]}}, {"type": "Feature", "properties": {"fokontany": "Andranomanalina I", "arrondissement": "1er Arrondissement", "pcode": "MG11101001018"}, "geometry": {"type": "Polygon", "coordinates": [[[47.51014950089876, -18.910658003064327], [47.51038199992945, -18.91068942717527], [47.51042794089693, -18.910694713390285], [47.51052562166018, -18.910705948620546], [47.5106115338952, -18.9107158321699], [47.51085150539279, -18.91074343506142], [47.51097983774946, -18.910746639345803], [47.511058754158285, -18.910789519021023], [47.51116997241638, -18.91079487178581], [47.51127819593205, -18.910800078860518], [47.51154229713944, -18.91081764621731], [47.511824145567914, -18.91082537139374], [47.51196547402748, -18.91082765027579], [47.51218249662503, -18.910866660168153], [47.51237046392595, -18.910900445898733], [47.51223680578414, -18.911084520933855], [47.51209666892629, -18.911304507696798], [47.511949289827896, -18.91153362887377], [47.511615044199004, -18.912052288582174], [47.5114213958808, -18.91234250070579], [47.51130461711443, -18.912357456431437], [47.511225394936105, -18.912260498722958], [47.511088548697614, -18.912093804885103], [47.51097076718719, -18.911969836039077], [47.5109367692167, -18.911952801980135], [47.510816609898654, -18.91189260855691], [47.51078433862642, -18.91175984074397], [47.51074007489473, -18.911663701418604], [47.51068862827759, -18.911578594076786], [47.51063595678414, -18.91149145876369], [47.5105622834227, -18.911392141234217], [47.510532606694596, -18.911382913290765], [47.51046306212072, -18.911311576368064], [47.5103937441761, -18.91127610620731], [47.51026774556016, -18.911217047728485], [47.510053888576124, -18.911145959918088], [47.509998193561785, -18.91113317605516], [47.50997030108857, -18.91112730977744], [47.50983966197094, -18.911099839086205], [47.50959937481133, -18.911065761975294], [47.509321959141175, -18.91105159225708], [47.50910452105694, -18.91106818384958], [47.50881594929666, -18.911047181082495], [47.50882182276905, -18.910957771384005], [47.50883706268041, -18.910634135057194], [47.50902768208192, -18.910646308280434], [47.509180074900655, -18.910668971195946], [47.509193606999474, -18.91051222026266], [47.50955434665593, -18.91057161778582], [47.50985974023496, -18.910617144165826], [47.51014950089876, -18.910658003064327]]]}}, {"type": "Feature", "properties": {"fokontany": "Anosibe Ambohibarikely", "arrondissement": "4e Arrondissement", "pcode": "MG11101004021"}, "geometry": {"type": "Polygon", "coordinates": [[[47.51874830209255, -18.929140733957638], [47.518651087178, -18.92914445715087], [47.51852650139705, -18.929125435590265], [47.51831384860532, -18.929121730383486], [47.518132439160865, -18.929137582733233], [47.51813287892924, -18.929206673149338], [47.51810217427601, -18.929271007950547], [47.51799848784009, -18.92927654237843], [47.517713549340954, -18.929322603854985], [47.51749577401091, -18.929328795687297], [47.517252541571565, -18.929409162702655], [47.51671377841819, -18.929501104891983], [47.51641328074845, -18.929547255401417], [47.5160190602316, -18.929534723348695], [47.51551606311597, -18.92954255734304], [47.51547565207966, -18.92955858595991], [47.51386503194573, -18.928514437091565], [47.513822002083884, -18.928495277035324], [47.514068948723036, -18.92806523112546], [47.514253099301186, -18.927714821082077], [47.514409693752555, -18.927472061686274], [47.5145920879545, -18.927178767585985], [47.51482922838625, -18.926835443300945], [47.515126394067806, -18.92649513084558], [47.51542403818894, -18.926230060169075], [47.515605238990645, -18.92597170742829], [47.515676013837094, -18.925777812695856], [47.51569608940298, -18.9256043658487], [47.51572761423819, -18.925233336149518], [47.51576750816406, -18.924846134841232], [47.515742944081694, -18.92431419034756], [47.51569874240312, -18.9240242147456], [47.51559218533117, -18.923920023790004], [47.51544432329689, -18.923781094721676], [47.51552020179594, -18.923707550862673], [47.51573154067819, -18.923519227430347], [47.51616468115526, -18.923133253696676], [47.51638246098196, -18.92293918899236], [47.51657662461167, -18.922744404830382], [47.51686333657375, -18.92251067462786], [47.517006399825675, -18.922323048170085], [47.51712279638008, -18.92270980611255], [47.51731028434233, -18.923445298661534], [47.51748195592751, -18.924140167034977], [47.51766574677691, -18.92490529224534], [47.517940692908724, -18.925936389252854], [47.518119818974526, -18.92657939462333], [47.518351209141144, -18.9274885966214], [47.518467069699625, -18.927969106189266], [47.51874830209255, -18.929140733957638]]]}}, {"type": "Feature", "properties": {"fokontany": "Andrefan'ambohijanahary IIIG-I", "arrondissement": "4e Arrondissement", "pcode": "MG11101004001"}, "geometry": {"type": "Polygon", "coordinates": [[[47.52433333301701, -18.918366669685952], [47.52416666615875, -18.91878333728107], [47.52404109562025, -18.919502270613236], [47.523677127397605, -18.91935139405149], [47.522881964830844, -18.91988900517333], [47.52230695989846, -18.920281505287164], [47.52205068908802, -18.920456434216987], [47.52187010881852, -18.920600600936893], [47.521855404903135, -18.9207339353228], [47.52185122935094, -18.920891885052356], [47.521914119840915, -18.920995158699498], [47.52202525895859, -18.921344912237828], [47.522005748166805, -18.92153749665806], [47.52177451088505, -18.921869493981944], [47.52151159138697, -18.92211283973569], [47.52127491320681, -18.92240538560003], [47.52112747295462, -18.92264932310775], [47.52105938798053, -18.922761966791256], [47.52104477759457, -18.92291010581664], [47.52054848042815, -18.922892911678446], [47.520519801947444, -18.923192535207306], [47.520459309049954, -18.92346431932276], [47.52040114629591, -18.923623504720865], [47.520316580345934, -18.92385495334338], [47.520260536394744, -18.92400833811422], [47.520096125036275, -18.924401887736906], [47.519882569325205, -18.92491596180207], [47.51970396216825, -18.92536872998278], [47.5195458829362, -18.925789134261095], [47.519529520670915, -18.925866767337425], [47.5195109298856, -18.925954980038227], [47.51949565040411, -18.926027477086336], [47.519485481769664, -18.92607572301614], [47.5193801729568, -18.926638941433907], [47.51936314159576, -18.926723833837798], [47.5192752319665, -18.927162017712817], [47.51924914083526, -18.92733983526506], [47.51915176044548, -18.927415083339326], [47.51910091007909, -18.927573302865596], [47.51898764136661, -18.927702271942167], [47.5188748133221, -18.92790033143507], [47.5187934147844, -18.928147559562206], [47.51882638842727, -18.928438544203402], [47.51895421896222, -18.92896586798031], [47.519030915844155, -18.929102951639834], [47.51874830209255, -18.929140733957638], [47.518467069699625, -18.927969106189266], [47.518351209141144, -18.9274885966214], [47.518119818974526, -18.92657939462333], [47.517940692908724, -18.925936389252854], [47.51766574677691, -18.92490529224534], [47.51748195592751, -18.924140167034977], [47.51731028434233, -18.923445298661534], [47.51712279638008, -18.92270980611255], [47.517006399825675, -18.922323048170085], [47.51726289726497, -18.922101296937228], [47.51738914679186, -18.921978811972565], [47.51777950382103, -18.921608804802418], [47.518130663899115, -18.92125985166075], [47.51864844137265, -18.92078957367977], [47.519232628383236, -18.920233949137412], [47.51980936990657, -18.919678365963705], [47.52021241726936, -18.91930078830069], [47.520442479137216, -18.919084951908985], [47.52069206618603, -18.918850527429868], [47.52086266757823, -18.918698202959604], [47.521087299339456, -18.918487818258143], [47.52111250823572, -18.918503602259364], [47.52115657861333, -18.91852175597421], [47.52120895692798, -18.918534903163163], [47.521267517182196, -18.91853058282004], [47.52132388129223, -18.918510342678132], [47.521363482938455, -18.91848621926357], [47.52139675515616, -18.918454165627224], [47.52142159533048, -18.918412205059155], [47.5214358468869, -18.918350392856325], [47.52143334677157, -18.918286685781823], [47.52140109258647, -18.918227649786104], [47.52195983957506, -18.9179137738015], [47.52207662463667, -18.917853359145113], [47.52226012320625, -18.91775472330181], [47.52237694603929, -18.91770028104304], [47.52250344198029, -18.917671205961312], [47.52270286574469, -18.917642082316206], [47.522870159430454, -18.917626952122077], [47.52305246459963, -18.91763297488177], [47.523238287017364, -18.917607115775695], [47.52338875618625, -18.91756229176633], [47.52344222987517, -18.917506811689975], [47.52347924507126, -18.91747827710077], [47.52351026808452, -18.91751636518802], [47.523629527181015, -18.917678992291542], [47.52414184756839, -18.91816690507852], [47.52422172535239, -18.91824825595222], [47.52426837678428, -18.918304624558687], [47.52433333301701, -18.918366669685952]]]}}, {"type": "Feature", "properties": {"fokontany": "Mahamasina Atsimo", "arrondissement": "4e Arrondissement", "pcode": "MG11101004012"}, "geometry": {"type": "Polygon", "coordinates": [[[47.52783748201432, -18.917789243778543], [47.52786502105397, -18.918068360966004], [47.52780208379926, -18.918764586416444], [47.527783663885145, -18.918948595800998], [47.52773386662477, -18.919446036005695], [47.52765210476082, -18.92036348658553], [47.52762909380772, -18.92062168824026], [47.5275672887995, -18.9209216373236], [47.527506015290555, -18.921131653303064], [47.52754105917268, -18.921266848386267], [47.52750206456864, -18.921427048219584], [47.52746092328306, -18.92145992383638], [47.52738568600074, -18.92152004441442], [47.52728132956986, -18.92153600288418], [47.52698154416305, -18.92145586699462], [47.52695971671761, -18.921636822281414], [47.52700285090094, -18.92189320011107], [47.52707108875984, -18.922021116081623], [47.52719575008393, -18.922172031314176], [47.52741192372133, -18.922447681615154], [47.52756436960004, -18.922629267326784], [47.527730333188515, -18.922826952701598], [47.527955508140224, -18.92316616618558], [47.52813394712399, -18.923495782104567], [47.528213193584065, -18.923722339314452], [47.52823081490038, -18.924043021368277], [47.52814064797258, -18.924537062135585], [47.528053953327344, -18.924764586116737], [47.52802095630216, -18.9252780351531], [47.527898656597756, -18.925614338430933], [47.52785350793323, -18.925696525674084], [47.52776538516457, -18.925856936848106], [47.52766812528387, -18.92605491090535], [47.527596889984636, -18.926267537616695], [47.52756131999911, -18.926381253292163], [47.52759992159923, -18.926485678071458], [47.52749225926044, -18.92667877690394], [47.527265577044886, -18.92691205025079], [47.52676503058177, -18.927299907164866], [47.52606290288071, -18.927792573768215], [47.52579412879612, -18.927932322118863], [47.52538979540287, -18.927959349444393], [47.52517793671245, -18.928079024927], [47.524770602281535, -18.928446594934314], [47.524430584803724, -18.928798967298405], [47.524194000153045, -18.9291063213995], [47.52413360528169, -18.929392911053924], [47.52412691342647, -18.929831905218123], [47.524240639893605, -18.930313794346034], [47.52436561418176, -18.931111466920584], [47.5243672383574, -18.93115963820668], [47.52414986322566, -18.93082259118961], [47.52409344875383, -18.93065183331538], [47.523888201879004, -18.929916041292245], [47.52373881279607, -18.92908451194063], [47.523773609364696, -18.928759685810746], [47.52411072742831, -18.928134800880287], [47.52412663283792, -18.927739895080038], [47.52408919406122, -18.92765237665577], [47.52393752429737, -18.927498347970356], [47.52370846337493, -18.92736149363793], [47.52359450218461, -18.927381895657845], [47.52345546699627, -18.92753569321758], [47.52336730825482, -18.927536204931812], [47.52329827989183, -18.927284911869094], [47.52319845334608, -18.92708314986743], [47.523093789347, -18.92693570242062], [47.522952255842085, -18.926699634880208], [47.52291447802088, -18.926486065679285], [47.52283007484823, -18.926060896792876], [47.52277349220299, -18.925728101770403], [47.52285933069362, -18.925346319776736], [47.522935622880766, -18.925112690298306], [47.52295808165019, -18.924975609336798], [47.52295727585778, -18.924849767202943], [47.52287486558271, -18.924735502941076], [47.52279186265446, -18.924528707433865], [47.522739927705686, -18.92431432884314], [47.522758639000074, -18.924199477323896], [47.522889475968725, -18.92398033682298], [47.52315487219971, -18.92351612566864], [47.52334340607342, -18.923196714356777], [47.523339018281206, -18.923119010234075], [47.52326474327339, -18.923060218853948], [47.52316751217114, -18.92306078272884], [47.52311339456759, -18.923112916427897], [47.52297781637321, -18.923198834958157], [47.52246644926737, -18.923516417048916], [47.52242086802869, -18.92368694469667], [47.522339572913154, -18.923746638096816], [47.5222889410818, -18.923735828245754], [47.52226506138362, -18.923650834218563], [47.522275046556274, -18.923387978572237], [47.52238664972424, -18.923202263173835], [47.52244420723446, -18.92307978360509], [47.52245483182509, -18.92291686242322], [47.522487560852426, -18.92256133973399], [47.52254165417406, -18.922505505324693], [47.52270127934065, -18.922530489390454], [47.52285687194717, -18.92253328808073], [47.52293444297021, -18.922499525732405], [47.52304263141241, -18.922387856914042], [47.52310017543277, -18.92222980376232], [47.5233585722404, -18.921550541324393], [47.52346456184023, -18.921199703203683], [47.52359554899539, -18.92076611936085], [47.52384436532526, -18.92006145467235], [47.52404109562025, -18.919502270613236], [47.52416666615875, -18.91878333728107], [47.52433333301701, -18.918366669685952], [47.524394341226014, -18.91835424195466], [47.524440628432444, -18.91835397305732], [47.524493489682925, -18.918347372932885], [47.524559374015894, -18.918309229087583], [47.5246051791857, -18.91823344231949], [47.52463106437216, -18.918145183753154], [47.52460408920746, -18.918063526210744], [47.524517842424586, -18.918019972943284], [47.524672265013066, -18.917901194084777], [47.52516247197059, -18.91771001260696], [47.525398388425, -18.917667411721652], [47.525526699198, -18.91766187459575], [47.52566434673224, -18.917664615729393], [47.52580217682913, -18.91769567471556], [47.526014603890985, -18.91775815961131], [47.526122088163845, -18.917714867147367], [47.52618525204775, -18.91768636673237], [47.526400466108726, -18.917603692955993], [47.526641604026906, -18.91750317033501], [47.526960648415354, -18.917370329676885], [47.52709884183827, -18.91736330597172], [47.527235893122, -18.91736794197692], [47.52733639236078, -18.917377975712952], [47.5274500001176, -18.917416669043973], [47.5275153646424, -18.917444196392466], [47.52764242265965, -18.917535495566597], [47.527736027695596, -18.91763053322245], [47.52783748201432, -18.917789243778543]]]}}, {"type": "Feature", "properties": {"fokontany": "Tsimialonjafy", "arrondissement": "4e Arrondissement", "pcode": "MG11101004013"}, "geometry": {"type": "Polygon", "coordinates": [[[47.52883572408945, -18.917109821261192], [47.5290431392296, -18.917272276594247], [47.52911666690085, -18.917233336848994], [47.529228636092796, -18.91710671410351], [47.529254749707036, -18.917121353267817], [47.52999684597785, -18.917537376048983], [47.53031666558172, -18.91771667028803], [47.53052540092665, -18.918559219932035], [47.530759330778665, -18.91950584361973], [47.53078847690682, -18.919690047257745], [47.53083314713223, -18.919955779835277], [47.53086423489657, -18.92005191106682], [47.5307499994131, -18.92006666984082], [47.5305500000826, -18.92016666995579], [47.53075000031231, -18.921916669718485], [47.5305857688183, -18.921921778767057], [47.530490428090786, -18.921835612023813], [47.530340003888114, -18.921697924919215], [47.53032303188246, -18.92150703032513], [47.53025157535001, -18.92141007801257], [47.530172416124174, -18.921339385903877], [47.530184101015436, -18.921246476943338], [47.53017934270258, -18.92119329193679], [47.530137859674596, -18.921167942746308], [47.52940055768977, -18.92074282062464], [47.52907565062088, -18.920804637324125], [47.528688069798704, -18.920911755573], [47.52854975766519, -18.92094337933338], [47.52828465641193, -18.9210039882434], [47.52813662530508, -18.92100074708668], [47.52774415127169, -18.92099215676251], [47.52760120043513, -18.920930888649536], [47.5275672887995, -18.9209216373236], [47.52762909380772, -18.92062168824026], [47.52765210476082, -18.92036348658553], [47.52773386662477, -18.919446036005695], [47.527783663885145, -18.918948595800998], [47.52780208379926, -18.918764586416444], [47.52786502105397, -18.918068360966004], [47.52783748201432, -18.917789243778543], [47.527911237213914, -18.917689694223952], [47.527992158211646, -18.917547619327138], [47.528073190725365, -18.917423245786097], [47.5281911512007, -18.91730997797299], [47.52825187432461, -18.9172441583911], [47.52831993681576, -18.917131012885875], [47.528353837659665, -18.917054435613636], [47.52836872593605, -18.916992519089376], [47.52839880735911, -18.916915966098827], [47.52864999879847, -18.91698333611197], [47.52883572408945, -18.917109821261192]]]}}, {"type": "Feature", "properties": {"fokontany": "Ambanin'ampamarinana", "arrondissement": "4e Arrondissement", "pcode": "MG11101004014"}, "geometry": {"type": "Polygon", "coordinates": [[[47.53075000031231, -18.921916669718485], [47.530683332669696, -18.922816668954056], [47.53064797942085, -18.923174893206635], [47.530619906183745, -18.92338021292636], [47.530498716242846, -18.92358141375115], [47.530383333224336, -18.92368333661659], [47.53030610844024, -18.923725351144014], [47.53028231957353, -18.923588177552233], [47.5301742606336, -18.92350482928441], [47.53008732407079, -18.92343777223533], [47.530019104198345, -18.923377675938923], [47.52999998191382, -18.923261933191554], [47.53008832321768, -18.923152048628026], [47.52997930110405, -18.923094680874726], [47.52988382098158, -18.92308262905999], [47.52984433085129, -18.92312321006807], [47.52977536723955, -18.92311352526889], [47.529745128435025, -18.92315327530332], [47.52971755612049, -18.923189520679728], [47.52958232776234, -18.923177700890164], [47.52955813599931, -18.92312488010907], [47.529459924636, -18.923100233289006], [47.529276203933705, -18.923028022225367], [47.52913076916974, -18.922912061842055], [47.52888409232719, -18.922877562949054], [47.52885478342171, -18.922877194227112], [47.5286917822001, -18.922875138376867], [47.52854403617846, -18.92284833678127], [47.52840740937455, -18.922855165333488], [47.52819045332694, -18.922774040189722], [47.52794192927672, -18.92276357927574], [47.52781704042417, -18.922711344852644], [47.52756436960004, -18.922629267326784], [47.52741192372133, -18.922447681615154], [47.52719575008393, -18.922172031314176], [47.52707108875984, -18.922021116081623], [47.52700285090094, -18.92189320011107], [47.52695971671761, -18.921636822281414], [47.52698154416305, -18.92145586699462], [47.52728132956986, -18.92153600288418], [47.52738568600074, -18.92152004441442], [47.52746092328306, -18.92145992383638], [47.52750206456864, -18.921427048219584], [47.52754105917268, -18.921266848386267], [47.527506015290555, -18.921131653303064], [47.5275672887995, -18.9209216373236], [47.52760120043513, -18.920930888649536], [47.52774415127169, -18.92099215676251], [47.52813662530508, -18.92100074708668], [47.52828465641193, -18.9210039882434], [47.52854975766519, -18.92094337933338], [47.528688069798704, -18.920911755573], [47.52907565062088, -18.920804637324125], [47.52940055768977, -18.92074282062464], [47.530137859674596, -18.921167942746308], [47.53017934270258, -18.92119329193679], [47.530184101015436, -18.921246476943338], [47.530172416124174, -18.921339385903877], [47.53025157535001, -18.92141007801257], [47.53032303188246, -18.92150703032513], [47.530340003888114, -18.921697924919215], [47.530490428090786, -18.921835612023813], [47.5305857688183, -18.921921778767057], [47.53075000031231, -18.921916669718485]]]}}, {"type": "Feature", "properties": {"fokontany": "Ankadilalana", "arrondissement": "4e Arrondissement", "pcode": "MG11101004015"}, "geometry": {"type": "Polygon", "coordinates": [[[47.52819045332694, -18.922774040189722], [47.52840740937455, -18.922855165333488], [47.52854403617846, -18.92284833678127], [47.5286917822001, -18.922875138376867], [47.52885478342171, -18.922877194227112], [47.52888409232719, -18.922877562949054], [47.52913076916974, -18.922912061842055], [47.529276203933705, -18.923028022225367], [47.529459924636, -18.923100233289006], [47.52955813599931, -18.92312488010907], [47.52958232776234, -18.923177700890164], [47.52971755612049, -18.923189520679728], [47.529745128435025, -18.92315327530332], [47.52977536723955, -18.92311352526889], [47.52984433085129, -18.92312321006807], [47.52988382098158, -18.92308262905999], [47.52997930110405, -18.923094680874726], [47.53008832321768, -18.923152048628026], [47.52999998191382, -18.923261933191554], [47.530019104198345, -18.923377675938923], [47.53008732407079, -18.92343777223533], [47.5301742606336, -18.92350482928441], [47.53028231957353, -18.923588177552233], [47.53030610844024, -18.923725351144014], [47.5303355999082, -18.92396283511664], [47.53034040588511, -18.92405034814493], [47.530377923802234, -18.92421603204417], [47.53034305258984, -18.924437317428158], [47.5302860022972, -18.92459655138964], [47.53030880370841, -18.924755318603047], [47.53028333310948, -18.924800003217456], [47.53018333389383, -18.925550001831084], [47.529896924103866, -18.926152969383963], [47.52986666641368, -18.926216669263795], [47.529999999900156, -18.927283336256835], [47.530350684236794, -18.92747681730117], [47.53048333333919, -18.92755000412933], [47.53047638967382, -18.927737471407113], [47.53023098177448, -18.927798160356758], [47.52971281399522, -18.92778236826166], [47.529455187007386, -18.92769354941771], [47.52931275058313, -18.92768309120163], [47.52897996275527, -18.927590946664736], [47.52881736622862, -18.927520390353664], [47.52853634967278, -18.92748439498871], [47.52830584443922, -18.92738963342481], [47.528319050983555, -18.927024354890023], [47.52821909223735, -18.926802854567995], [47.528021015657316, -18.92664608474894], [47.527839166444494, -18.926592858373624], [47.52759992159923, -18.926485678071458], [47.52756131999911, -18.926381253292163], [47.527596889984636, -18.926267537616695], [47.52766812528387, -18.92605491090535], [47.52776538516457, -18.925856936848106], [47.52785350793323, -18.925696525674084], [47.527898656597756, -18.925614338430933], [47.52802095630216, -18.9252780351531], [47.528053953327344, -18.924764586116737], [47.52814064797258, -18.924537062135585], [47.52823081490038, -18.924043021368277], [47.528213193584065, -18.923722339314452], [47.52813394712399, -18.923495782104567], [47.527955508140224, -18.92316616618558], [47.527730333188515, -18.922826952701598], [47.52756436960004, -18.922629267326784], [47.52781704042417, -18.922711344852644], [47.52794192927672, -18.92276357927574], [47.52819045332694, -18.922774040189722]]]}}, {"type": "Feature", "properties": {"fokontany": "Fiadanana IIil", "arrondissement": "4e Arrondissement", "pcode": "MG11101004017"}, "geometry": {"type": "Polygon", "coordinates": [[[47.52830584443922, -18.92738963342481], [47.52816318318452, -18.927785277568375], [47.52798552391289, -18.92838346702331], [47.52768711806618, -18.929559773964343], [47.527500449386366, -18.930370226804484], [47.527481624777295, -18.930473362855366], [47.527365192249874, -18.931111287955503], [47.52719376078352, -18.931872300566113], [47.52707317069036, -18.932475091851984], [47.52708490774245, -18.932687234728064], [47.527394677422535, -18.933376557881786], [47.52770404690443, -18.93400337005943], [47.52798780729148, -18.934579128623795], [47.52840281024157, -18.935400878747487], [47.52825845916061, -18.93553497036254], [47.52812973020298, -18.93567884030614], [47.52800650419687, -18.935872029070765], [47.52787837778499, -18.936109663230297], [47.52773532892246, -18.936446087017202], [47.52770103507487, -18.936659775827934], [47.52726347083262, -18.936889845789665], [47.52722413178839, -18.936911111158793], [47.526860848849196, -18.937111611411638], [47.52659341565379, -18.937260297224896], [47.52631150337328, -18.937425723917954], [47.526148035403594, -18.937502231942403], [47.52606407829461, -18.93751044455132], [47.52587396161414, -18.937433823212245], [47.52560470819088, -18.93729936467389], [47.525326666592434, -18.937159404982424], [47.52512074972293, -18.937055538682046], [47.525001887227404, -18.93699558267997], [47.524902286411475, -18.936945342953152], [47.52470736105596, -18.9368732506], [47.524711038383714, -18.93669410474905], [47.52469841100299, -18.93649029229306], [47.52462251361828, -18.936179818443804], [47.52454270418258, -18.935865666367363], [47.524479116718055, -18.935655057734664], [47.52443462186045, -18.935388817939497], [47.524423547608706, -18.935334038435087], [47.52440248458703, -18.935229845680738], [47.524373238634155, -18.934915400425325], [47.52438255561049, -18.934548911403056], [47.52438719970962, -18.934060303440162], [47.5243822840153, -18.933294149405413], [47.52437540240305, -18.93282781675032], [47.52438838681479, -18.93178690274334], [47.524386952396014, -18.931744329737], [47.5243672383574, -18.93115963820668], [47.52436561418176, -18.931111466920584], [47.524240639893605, -18.930313794346034], [47.52412691342647, -18.929831905218123], [47.52413360528169, -18.929392911053924], [47.524194000153045, -18.9291063213995], [47.524430584803724, -18.928798967298405], [47.524770602281535, -18.928446594934314], [47.52517793671245, -18.928079024927], [47.52538979540287, -18.927959349444393], [47.52579412879612, -18.927932322118863], [47.52606290288071, -18.927792573768215], [47.52676503058177, -18.927299907164866], [47.527265577044886, -18.92691205025079], [47.52749225926044, -18.92667877690394], [47.52759992159923, -18.926485678071458], [47.527839166444494, -18.926592858373624], [47.528021015657316, -18.92664608474894], [47.52821909223735, -18.926802854567995], [47.528319050983555, -18.927024354890023], [47.52830584443922, -18.92738963342481]]]}}, {"type": "Feature", "properties": {"fokontany": "Soanierana IIIJ", "arrondissement": "4e Arrondissement", "pcode": "MG11101004029"}, "geometry": {"type": "Polygon", "coordinates": [[[47.52400331869819, -18.943743774255722], [47.52390545896992, -18.94353766133395], [47.523735141763495, -18.9433227827202], [47.52366182903023, -18.943180828332515], [47.52365061358512, -18.94293746818954], [47.5236348367784, -18.94273547056548], [47.52354898389859, -18.942143481936057], [47.523528027896305, -18.94188639903797], [47.523476461669475, -18.94137229079854], [47.52340797739629, -18.941230306733246], [47.52328489708037, -18.940854401809077], [47.52326459038858, -18.940698360440877], [47.523238248346615, -18.94035404330441], [47.5232364506017, -18.940073884701917], [47.52325493256916, -18.939945174629997], [47.52329124809273, -18.939586715654343], [47.52334219019002, -18.939251136330824], [47.523422975390076, -18.93905317126672], [47.523470327393795, -18.938910515407883], [47.52351332308149, -18.938841371032424], [47.523651995843124, -18.93863847678415], [47.52375217402374, -18.93845417781796], [47.52390500211419, -18.93820067871826], [47.52397669157125, -18.93809003242899], [47.524039255607306, -18.93799764327656], [47.52412969592888, -18.93786408855675], [47.524198923941356, -18.937750271257983], [47.52425865511299, -18.937652065290536], [47.524454743291926, -18.937370755555833], [47.52458858669405, -18.937167889186696], [47.524636203098396, -18.937066567967634], [47.52470736105596, -18.9368732506], [47.524902286411475, -18.936945342953152], [47.525001887227404, -18.93699558267997], [47.52512074972293, -18.937055538682046], [47.525326666592434, -18.937159404982424], [47.52560470819088, -18.93729936467389], [47.52587396161414, -18.937433823212245], [47.52606407829461, -18.93751044455132], [47.526148035403594, -18.937502231942403], [47.52631150337328, -18.937425723917954], [47.52659341565379, -18.937260297224896], [47.526860848849196, -18.937111611411638], [47.52722413178839, -18.936911111158793], [47.52726347083262, -18.936889845789665], [47.52770103507487, -18.936659775827934], [47.52771900173059, -18.936731846597354], [47.52777251229173, -18.936886993140092], [47.527814013306056, -18.93698946369267], [47.52785055186155, -18.937064729753445], [47.52788792588723, -18.937141714418487], [47.52799414121671, -18.93732708807454], [47.528062451920675, -18.93751545917104], [47.528069108702425, -18.937643117036203], [47.52805332200319, -18.93790970666754], [47.52803821429222, -18.93828178227841], [47.52802325856669, -18.938496169862276], [47.528002595743374, -18.93864009556387], [47.527918856270276, -18.93877383374536], [47.52777392512672, -18.938919031987666], [47.52754779509468, -18.939139654571363], [47.527299001248025, -18.939339281582534], [47.52704032924794, -18.939439493038094], [47.52671954916792, -18.93955980524072], [47.5266428828628, -18.939623113915445], [47.52653898598555, -18.939708911037314], [47.526415375069575, -18.9398428803446], [47.52624527909654, -18.94000672962676], [47.52591460107806, -18.940201126180966], [47.52550619285665, -18.940405843354938], [47.52523234030042, -18.940565360602818], [47.52510910799907, -18.940758549367445], [47.52507461090465, -18.94104005335572], [47.525024650867124, -18.941336451915674], [47.525005301053966, -18.941553711034885], [47.52502715457956, -18.94172631431792], [47.52506448543778, -18.94187156022423], [47.52508034857931, -18.941933280696276], [47.52512864217317, -18.9421846933688], [47.52515065487893, -18.94238197135087], [47.525125895643555, -18.942564715389267], [47.52506416617848, -18.942778108322955], [47.52494151304052, -18.943061769784777], [47.52476324402852, -18.943299692626624], [47.52455684871967, -18.943465398109595], [47.52435019980197, -18.943591623354678], [47.52430381816674, -18.94361033015258], [47.52418466159304, -18.94365838812405], [47.52400331869819, -18.943743774255722]]]}}, {"type": "Feature", "properties": {"fokontany": "Ankaditoho Marohoho", "arrondissement": "4e Arrondissement", "pcode": "MG11101004030"}, "geometry": {"type": "Polygon", "coordinates": [[[47.53698861623184, -18.93612718112439], [47.536796959012634, -18.93642867704176], [47.536717563265086, -18.93653976040156], [47.536692586393826, -18.936521320702354], [47.53662462912342, -18.936496672983026], [47.536505128109184, -18.936657270316744], [47.536385851925615, -18.936852623749473], [47.53618646503338, -18.937086685801887], [47.53608867635131, -18.93721587071576], [47.53605629716043, -18.937292531624962], [47.53604946501082, -18.93736556736701], [47.53602659704978, -18.937476195669774], [47.53600640277335, -18.93756410080249], [47.53594680110416, -18.937631975335307], [47.535900514797106, -18.9376414631829], [47.53574168103387, -18.93764198299101], [47.53566527733079, -18.93768761459171], [47.53562675487086, -18.937807511307483], [47.53555691442011, -18.937946290189018], [47.53555376139707, -18.93806597826216], [47.53553481358091, -18.93817454082233], [47.5355000269048, -18.938264498207957], [47.53543394741877, -18.93837707624101], [47.53539144455954, -18.938489516677805], [47.535321871207486, -18.938669431449057], [47.53507562244215, -18.939255073562776], [47.5350396018963, -18.9393490113477], [47.53489256274173, -18.939300010886768], [47.53481717707109, -18.939278421761628], [47.53475606813822, -18.939260921854043], [47.53466262318153, -18.93939609895068], [47.534637425077165, -18.939550821013484], [47.53457512813975, -18.93964093937774], [47.53443484739046, -18.939826253678632], [47.53425355036114, -18.94015142424871], [47.53410915881068, -18.94051128077092], [47.53402153336725, -18.940736176932944], [47.53391301307511, -18.94097116708565], [47.53389231068172, -18.941011178822748], [47.53386878441705, -18.94111625201333], [47.53364749993227, -18.941426964182938], [47.533539181987805, -18.941505225885408], [47.53353982680176, -18.94160494810984], [47.53347752896485, -18.9416950646754], [47.5332256252625, -18.941636705869257], [47.53314909115778, -18.941609906971507], [47.532690087977244, -18.941475297346983], [47.532449817005556, -18.94172743757116], [47.53174999876347, -18.942283337306094], [47.53093333340678, -18.945216670412947], [47.528881651567076, -18.94600694786226], [47.5285132317004, -18.945811810266775], [47.527962156828266, -18.945563287115988], [47.527587992092265, -18.94539764368625], [47.52715265187345, -18.94521299218576], [47.526690013633356, -18.945002679430047], [47.52617319303852, -18.94480558940637], [47.52571754792666, -18.94462750655407], [47.525241304742565, -18.944410814907144], [47.524839929219524, -18.944232414594183], [47.52452050261917, -18.944117640416664], [47.52469507361894, -18.944246522259107], [47.52492880022413, -18.944392832063443], [47.5250872769563, -18.94456706761605], [47.524911346181796, -18.94454065992346], [47.524670175887934, -18.944513397874914], [47.52451216590384, -18.94453581527557], [47.5243764294288, -18.94450793988949], [47.52422360313693, -18.944164854824066], [47.524135209672295, -18.94395944427282], [47.52400331869819, -18.943743774255722], [47.52418466159304, -18.94365838812405], [47.52430381816674, -18.94361033015258], [47.52435019980197, -18.943591623354678], [47.52455684871967, -18.943465398109595], [47.52476324402852, -18.943299692626624], [47.52494151304052, -18.943061769784777], [47.52506416617848, -18.942778108322955], [47.525125895643555, -18.942564715389267], [47.52515065487893, -18.94238197135087], [47.52512864217317, -18.9421846933688], [47.52508034857931, -18.941933280696276], [47.52506448543778, -18.94187156022423], [47.52502715457956, -18.94172631431792], [47.525005301053966, -18.941553711034885], [47.525024650867124, -18.941336451915674], [47.52507461090465, -18.94104005335572], [47.52510910799907, -18.940758549367445], [47.52523234030042, -18.940565360602818], [47.52550619285665, -18.940405843354938], [47.52591460107806, -18.940201126180966], [47.52624527909654, -18.94000672962676], [47.526415375069575, -18.9398428803446], [47.52653898598555, -18.939708911037314], [47.5266428828628, -18.939623113915445], [47.52671954916792, -18.93955980524072], [47.52704032924794, -18.939439493038094], [47.527299001248025, -18.939339281582534], [47.52754779509468, -18.939139654571363], [47.52777392512672, -18.938919031987666], [47.527918856270276, -18.93877383374536], [47.528002595743374, -18.93864009556387], [47.52802325856669, -18.938496169862276], [47.52803821429222, -18.93828178227841], [47.52805332200319, -18.93790970666754], [47.528069108702425, -18.937643117036203], [47.528062451920675, -18.93751545917104], [47.52799414121671, -18.93732708807454], [47.52788792588723, -18.937141714418487], [47.52785055186155, -18.937064729753445], [47.527814013306056, -18.93698946369267], [47.52777251229173, -18.936886993140092], [47.52771900173059, -18.936731846597354], [47.52770103507487, -18.936659775827934], [47.52773532892246, -18.936446087017202], [47.52787837778499, -18.936109663230297], [47.52800650419687, -18.935872029070765], [47.52812973020298, -18.93567884030614], [47.52825845916061, -18.93553497036254], [47.52840281024157, -18.935400878747487], [47.528599533341946, -18.93535020105088], [47.528900600282554, -18.935336178821558], [47.5291117772868, -18.935375089788522], [47.52939211755228, -18.935508935888663], [47.52966702411396, -18.93561772507786], [47.52980888767007, -18.93562916175631], [47.53001497631027, -18.93560565707537], [47.530335396661314, -18.935413105030648], [47.53048245829888, -18.935321923667743], [47.530714370971566, -18.93530551463772], [47.53106798440007, -18.935353626568542], [47.53181215270877, -18.93545465011192], [47.532447613666534, -18.935559250259132], [47.532970937258995, -18.935624276639032], [47.53322989704225, -18.935664661594785], [47.53327946677399, -18.93566960966473], [47.533356455935746, -18.935658682901874], [47.53343314022737, -18.935600618173908], [47.533458081125616, -18.935577459731917], [47.53379359300004, -18.935120908103386], [47.53396514407632, -18.934887468381874], [47.53422635306373, -18.934159441105294], [47.5343951594092, -18.933733981737817], [47.53451124299954, -18.933570298830148], [47.53461198055851, -18.93349434568745], [47.5347291172551, -18.933434735924266], [47.53492928385947, -18.93336037638022], [47.53500381337534, -18.933306747108645], [47.535103927704256, -18.933254688053353], [47.535203899940086, -18.933180570426885], [47.5352960498729, -18.933091791153117], [47.53541858430032, -18.932921949688136], [47.53546818820638, -18.932826067568897], [47.535535626568105, -18.932847804182757], [47.535678019824786, -18.932922995599654], [47.53581880329517, -18.932988950979222], [47.53590994868523, -18.933039484784274], [47.535947116766124, -18.933020912884786], [47.5359548941031, -18.93296950943528], [47.53599343365016, -18.932960099828676], [47.53605621802018, -18.93296891408403], [47.53610947137514, -18.932996150951567], [47.536191584873905, -18.933009443830713], [47.536307621699564, -18.933045494953603], [47.5364572850757, -18.933058391231725], [47.53658785674435, -18.933103539896422], [47.53681045963515, -18.933203246832306], [47.53710073291256, -18.933320923121983], [47.53702400995019, -18.933394840199696], [47.53694219412705, -18.933427462207533], [47.53690433896418, -18.933542474705348], [47.53692429492031, -18.933643373243058], [47.53697317127484, -18.933739508971144], [47.53700241812726, -18.9337852538863], [47.53705072790888, -18.933794152677876], [47.53708453162602, -18.93379854586607], [47.5370996033642, -18.9338902902046], [47.537133794689, -18.93395437139708], [47.537148717139644, -18.934023157842375], [47.53717829314388, -18.93411940778435], [47.53719753144105, -18.9342016984495], [47.53720595539056, -18.934277147072578], [47.537214464775786, -18.934316379996858], [47.537243386972875, -18.934320139162992], [47.53734248416839, -18.934323483741764], [47.53729817277258, -18.93449266330572], [47.537245325011895, -18.934618679008736], [47.537164845581344, -18.93481460530967], [47.53765564159477, -18.935077870147552], [47.53698861623184, -18.93612718112439]]]}}, {"type": "Feature", "properties": {"fokontany": "Mananjara", "arrondissement": "4e Arrondissement", "pcode": "MG11101004019"}, "geometry": {"type": "Polygon", "coordinates": [[[47.5243672383574, -18.93115963820668], [47.52371943600326, -18.931178166039444], [47.52345089933959, -18.931153815096422], [47.523123878864, -18.93110759623852], [47.52229054277444, -18.931563996780937], [47.52223187010469, -18.931512517788406], [47.52212308361345, -18.931531656260802], [47.52201429802153, -18.93155079383405], [47.521913267283594, -18.931566184831468], [47.52180104178484, -18.931655668274345], [47.521681345617765, -18.93179331311086], [47.52163960358496, -18.93195641505639], [47.52164484393444, -18.932167362733537], [47.521525765601666, -18.932434849888352], [47.52098199502308, -18.932572146687164], [47.52081095476183, -18.932538629853866], [47.51991779037388, -18.9335004610773], [47.51971678470204, -18.932792090282703], [47.519544784864024, -18.932049109079003], [47.51946116769892, -18.931746080716948], [47.51930961124975, -18.93115843941041], [47.5190348593714, -18.930160656888745], [47.51874830209255, -18.929140733957638], [47.519030915844155, -18.929102951639834], [47.51895421896222, -18.92896586798031], [47.51882638842727, -18.928438544203402], [47.5187934147844, -18.928147559562206], [47.5188748133221, -18.92790033143507], [47.51898764136661, -18.927702271942167], [47.51910091007909, -18.927573302865596], [47.51915176044548, -18.927415083339326], [47.51924914083526, -18.92733983526506], [47.5192752319665, -18.927162017712817], [47.51936314159576, -18.926723833837798], [47.5193801729568, -18.926638941433907], [47.519485481769664, -18.92607572301614], [47.51949565040411, -18.926027477086336], [47.5195109298856, -18.925954980038227], [47.519529520670915, -18.925866767337425], [47.51966322018154, -18.92590038129748], [47.51981161371509, -18.92593008140807], [47.51994023385487, -18.925957544904747], [47.52016524333135, -18.92599385323365], [47.52026904308201, -18.926002654898525], [47.520363023135076, -18.926020915632705], [47.52044439739103, -18.92599928873608], [47.52052617724132, -18.926041126996324], [47.52058520963982, -18.926075508078213], [47.52070427178489, -18.926080056849116], [47.5208849266981, -18.926133076380324], [47.52109812807629, -18.926254073866346], [47.52236614158414, -18.926681675418877], [47.52249610441186, -18.926325588854752], [47.52258373435194, -18.92604007478957], [47.52259065913165, -18.92590678536982], [47.52264373442085, -18.9256917979381], [47.52272820863999, -18.925521044560526], [47.52285933069362, -18.925346319776736], [47.52277349220299, -18.925728101770403], [47.52283007484823, -18.926060896792876], [47.52291447802088, -18.926486065679285], [47.522952255842085, -18.926699634880208], [47.523093789347, -18.92693570242062], [47.52319845334608, -18.92708314986743], [47.52329827989183, -18.927284911869094], [47.52336730825482, -18.927536204931812], [47.52345546699627, -18.92753569321758], [47.52359450218461, -18.927381895657845], [47.52370846337493, -18.92736149363793], [47.52393752429737, -18.927498347970356], [47.52408919406122, -18.92765237665577], [47.52412663283792, -18.927739895080038], [47.52411072742831, -18.928134800880287], [47.523773609364696, -18.928759685810746], [47.52373881279607, -18.92908451194063], [47.523888201879004, -18.929916041292245], [47.52409344875383, -18.93065183331538], [47.52414986322566, -18.93082259118961], [47.5243672383574, -18.93115963820668]]]}}, {"type": "Feature", "properties": {"fokontany": "Madera Namontana", "arrondissement": "4e Arrondissement", "pcode": "MG11101004027"}, "geometry": {"type": "Polygon", "coordinates": [[[47.52092021159865, -18.937138852775718], [47.52097521773214, -18.93733294535906], [47.52111306401679, -18.937861408577078], [47.521157447358405, -18.938111242040122], [47.52132644885671, -18.938732581843112], [47.521433551817154, -18.939232142649246], [47.52153394943235, -18.93963868477738], [47.52168383584052, -18.940137998269904], [47.521809463935654, -18.94066653073571], [47.521921825232084, -18.9410322922065], [47.52186038624791, -18.941023292690772], [47.52162441763295, -18.94105109613116], [47.5213950131693, -18.94101938063983], [47.52119359920522, -18.94102054795985], [47.52098519930752, -18.941015146631685], [47.52079123892469, -18.94109557929744], [47.520513682060766, -18.94113684199158], [47.5203818207645, -18.94113295781966], [47.52003833909811, -18.941141161435326], [47.519860869583624, -18.941147230060494], [47.5196661483742, -18.941108704003398], [47.519520001347075, -18.941029921593554], [47.51914496786617, -18.941102264857534], [47.518832207940136, -18.941069375751], [47.51850843221854, -18.940942371692984], [47.518330693806604, -18.94084426375173], [47.51802295569502, -18.9407816025888], [47.517881556189025, -18.94066345775235], [47.517690406187455, -18.940912400886532], [47.51767544326708, -18.941016579251652], [47.51758819104231, -18.941200667776513], [47.51715268534821, -18.94121115387162], [47.515502241435456, -18.941164882852945], [47.51522720087462, -18.941217280952685], [47.51480325956288, -18.94074148832891], [47.514626983448636, -18.940682723928546], [47.51466262178275, -18.94035970903326], [47.51477497498519, -18.94024547984492], [47.5146605677312, -18.94003691177403], [47.514372316129595, -18.940152153598888], [47.513970418999804, -18.940178379628435], [47.51370619278663, -18.940120120646952], [47.51366069878236, -18.939881265208157], [47.51339374042897, -18.93939260778251], [47.513323992608264, -18.939291383690318], [47.513318390731285, -18.93913024406538], [47.513497263188185, -18.939042302959876], [47.5134208675791, -18.93888332980174], [47.51328568688507, -18.938700782714875], [47.51321786990883, -18.938573642859296], [47.5131828458118, -18.938334726266532], [47.513132051203286, -18.93812536229558], [47.51310775961554, -18.937991669080134], [47.513079375213124, -18.937828257767762], [47.513027573363956, -18.937626234962693], [47.51311022016051, -18.93745040671081], [47.51328631641047, -18.937481275940115], [47.51339434027676, -18.937345154555203], [47.51344406828923, -18.937196391400278], [47.5135308726517, -18.937140601057763], [47.51355288355876, -18.93694695004166], [47.51371448723387, -18.93677461205857], [47.513835451445004, -18.93660803783058], [47.51396159215386, -18.9363419068535], [47.514018851988624, -18.936208876438457], [47.51414562582005, -18.936042268036203], [47.51424823037161, -18.93588224896655], [47.51440973871854, -18.93554311192497], [47.514593876706044, -18.935260059304255], [47.51467980063234, -18.93506603956604], [47.51477160612478, -18.934883044616697], [47.51490957561646, -18.934650022180676], [47.51500169677092, -18.934516787619543], [47.515041770561425, -18.934422560252926], [47.51530794560534, -18.934310349143175], [47.51552381617125, -18.93424048980671], [47.515588650096106, -18.934219508623357], [47.51587465878862, -18.93414350871592], [47.516087773831885, -18.93407288405632], [47.5163635230582, -18.93402172612167], [47.51660830143214, -18.934015357122917], [47.51694134466743, -18.93396386733849], [47.517362968426426, -18.933916822003653], [47.51753458785106, -18.933887283771014], [47.51769077131223, -18.933860403934432], [47.51793292276636, -18.93383739028326], [47.51802393955336, -18.933828738805175], [47.51840386084956, -18.93377697562687], [47.51904170501086, -18.93367230982915], [47.51916357483918, -18.933653621017697], [47.51952775889902, -18.933589818615133], [47.519808601885586, -18.93351605622098], [47.51991779037388, -18.9335004610773], [47.520099712431886, -18.934232234030333], [47.52031197221976, -18.93492893342352], [47.520399879151284, -18.935294836987055], [47.52049986127963, -18.935637405841476], [47.5206252942221, -18.936136862326293], [47.520762804160256, -18.936612983202508], [47.520881420241494, -18.937001973262397], [47.52092021159865, -18.937138852775718]]]}}, {"type": "Feature", "properties": {"fokontany": "Soanierana III-I Cite Gare", "arrondissement": "4e Arrondissement", "pcode": "MG11101004028"}, "geometry": {"type": "Polygon", "coordinates": [[[47.524711038383714, -18.93669410474905], [47.52470736105596, -18.9368732506], [47.524636203098396, -18.937066567967634], [47.52458858669405, -18.937167889186696], [47.524454743291926, -18.937370755555833], [47.52425865511299, -18.937652065290536], [47.524198923941356, -18.937750271257983], [47.52412969592888, -18.93786408855675], [47.524039255607306, -18.93799764327656], [47.52397669157125, -18.93809003242899], [47.52390500211419, -18.93820067871826], [47.52375217402374, -18.93845417781796], [47.523651995843124, -18.93863847678415], [47.52351332308149, -18.938841371032424], [47.523470327393795, -18.938910515407883], [47.523422975390076, -18.93905317126672], [47.52334219019002, -18.939251136330824], [47.52329124809273, -18.939586715654343], [47.52325493256916, -18.939945174629997], [47.5232364506017, -18.940073884701917], [47.523238248346615, -18.94035404330441], [47.52326459038858, -18.940698360440877], [47.52328489708037, -18.940854401809077], [47.52340797739629, -18.941230306733246], [47.523476461669475, -18.94137229079854], [47.523528027896305, -18.94188639903797], [47.52354898389859, -18.942143481936057], [47.5236348367784, -18.94273547056548], [47.52365061358512, -18.94293746818954], [47.52366182903023, -18.943180828332515], [47.523735141763495, -18.9433227827202], [47.52390545896992, -18.94353766133395], [47.52400331869819, -18.943743774255722], [47.52385304378305, -18.943643603269607], [47.523610414789005, -18.943442923152304], [47.52334347711985, -18.94321482720244], [47.52320273861562, -18.943096229107596], [47.5231194937698, -18.943019224657405], [47.522863930725975, -18.943139877703118], [47.52271793388559, -18.94321982833236], [47.52265686272415, -18.9431857853956], [47.52265581861121, -18.943022941555398], [47.522551392932485, -18.9429421230804], [47.52244010902399, -18.942745022264887], [47.52230374482207, -18.942449194774497], [47.52221050131374, -18.942205462312188], [47.52217200403493, -18.94192069738216], [47.522097244292524, -18.941700120663995], [47.52202173991145, -18.94136322833026], [47.521921825232084, -18.9410322922065], [47.521809463935654, -18.94066653073571], [47.52168383584052, -18.940137998269904], [47.52153394943235, -18.93963868477738], [47.521433551817154, -18.939232142649246], [47.52132644885671, -18.938732581843112], [47.521157447358405, -18.938111242040122], [47.52111306401679, -18.937861408577078], [47.52097521773214, -18.93733294535906], [47.52092021159865, -18.937138852775718], [47.521842808099166, -18.93499759216502], [47.52190034222701, -18.934937549827964], [47.52199657598135, -18.934891062072836], [47.522127065811446, -18.934917862769055], [47.52223851429602, -18.93498611141979], [47.52233092233422, -18.935095806226457], [47.52266953597041, -18.935213257685575], [47.52292150981981, -18.93536795456737], [47.523227047290504, -18.93559582928407], [47.52343567291808, -18.935764555589742], [47.5237410341216, -18.935964872380907], [47.52407076425436, -18.93620178888142], [47.52411658291402, -18.936233441420143], [47.52440043503219, -18.936429520605827], [47.524604207018626, -18.936593681952786], [47.524711038383714, -18.93669410474905]]]}}, {"type": "Feature", "properties": {"fokontany": "Fiadanana IIin", "arrondissement": "4e Arrondissement", "pcode": "MG11101004018"}, "geometry": {"type": "Polygon", "coordinates": [[[47.5243672383574, -18.93115963820668], [47.524386952396014, -18.931744329737], [47.52438838681479, -18.93178690274334], [47.52437540240305, -18.93282781675032], [47.5243822840153, -18.933294149405413], [47.52438719970962, -18.934060303440162], [47.52438255561049, -18.934548911403056], [47.524373238634155, -18.934915400425325], [47.52440248458703, -18.935229845680738], [47.524423547608706, -18.935334038435087], [47.52443462186045, -18.935388817939497], [47.524479116718055, -18.935655057734664], [47.52454270418258, -18.935865666367363], [47.52462251361828, -18.936179818443804], [47.52469841100299, -18.93649029229306], [47.524711038383714, -18.93669410474905], [47.524604207018626, -18.936593681952786], [47.52440043503219, -18.936429520605827], [47.52411658291402, -18.936233441420143], [47.52407076425436, -18.93620178888142], [47.5237410341216, -18.935964872380907], [47.52343567291808, -18.935764555589742], [47.523227047290504, -18.93559582928407], [47.52292150981981, -18.93536795456737], [47.52266953597041, -18.935213257685575], [47.52233092233422, -18.935095806226457], [47.52223851429602, -18.93498611141979], [47.522127065811446, -18.934917862769055], [47.52199657598135, -18.934891062072836], [47.52190034222701, -18.934937549827964], [47.521842808099166, -18.93499759216502], [47.52092021159865, -18.937138852775718], [47.520881420241494, -18.937001973262397], [47.520762804160256, -18.936612983202508], [47.5206252942221, -18.936136862326293], [47.52049986127963, -18.935637405841476], [47.520399879151284, -18.935294836987055], [47.52031197221976, -18.93492893342352], [47.520099712431886, -18.934232234030333], [47.51991779037388, -18.9335004610773], [47.52081095476183, -18.932538629853866], [47.52098199502308, -18.932572146687164], [47.521525765601666, -18.932434849888352], [47.52164484393444, -18.932167362733537], [47.52163960358496, -18.93195641505639], [47.521681345617765, -18.93179331311086], [47.52180104178484, -18.931655668274345], [47.521913267283594, -18.931566184831468], [47.52201429802153, -18.93155079383405], [47.52212308361345, -18.931531656260802], [47.52223187010469, -18.931512517788406], [47.52229054277444, -18.931563996780937], [47.523123878864, -18.93110759623852], [47.52345089933959, -18.931153815096422], [47.52371943600326, -18.931178166039444], [47.5243672383574, -18.93115963820668]]]}}, {"type": "Feature", "properties": {"fokontany": "Ambatovinaky", "arrondissement": "1er Arrondissement", "pcode": "MG11101001004"}, "geometry": {"type": "Polygon", "coordinates": [[[47.52987359299209, -18.913959820789046], [47.5300833328796, -18.91415000222071], [47.53045508203655, -18.913903944111667], [47.53061666592646, -18.9139833371612], [47.53116276215178, -18.914048142307877], [47.53119690671201, -18.91408055477376], [47.531246258807926, -18.91417373532954], [47.531250318347645, -18.914229971735722], [47.53126943073971, -18.914283458015063], [47.531279729775804, -18.914344081314255], [47.531302798285594, -18.91439622310719], [47.531313530794876, -18.914464237034792], [47.531325966620216, -18.914521501366153], [47.53131594817262, -18.914611077439247], [47.5313055403185, -18.914704103311692], [47.53130020374141, -18.914791393308064], [47.531332564046636, -18.914870478789453], [47.53134450074822, -18.91494317099051], [47.53137206676752, -18.915014272290705], [47.531381131933756, -18.91506868936841], [47.53139999971023, -18.91513333623442], [47.53169198979356, -18.915153898333642], [47.53183333264229, -18.915250001686104], [47.531917460622424, -18.915320698291566], [47.5320511016771, -18.91547498867976], [47.53206227035764, -18.91550517082686], [47.532096486863566, -18.91559302829552], [47.53213364055523, -18.915721041392885], [47.53214909540452, -18.91576317822802], [47.53228993823012, -18.916072778835655], [47.53229818321472, -18.916183419728952], [47.53232471141638, -18.916229481205562], [47.532371984279735, -18.916352018330883], [47.53247339093434, -18.916435420558173], [47.532536688817174, -18.91647505008342], [47.53263355839215, -18.91650648228824], [47.53272197074244, -18.916529962687548], [47.53281896892031, -18.916581394016077], [47.53287071770956, -18.916635400103587], [47.532941828003004, -18.91673266987675], [47.532946910071814, -18.916868634779632], [47.53294783997103, -18.917012626131736], [47.53294840834252, -18.917100544754305], [47.53295725407412, -18.917168564077883], [47.53303744212428, -18.917220093432547], [47.53316801109503, -18.91726332744048], [47.53333204743615, -18.917282366987592], [47.5334709171492, -18.917309551694416], [47.533630672717436, -18.917316615869083], [47.53367267375495, -18.917312370169725], [47.53373756973315, -18.917341846349018], [47.53380754957885, -18.917371578835173], [47.5338880469958, -18.917471104108074], [47.53367930805376, -18.917688319160504], [47.53362498180746, -18.917736636136794], [47.533507616683266, -18.917785320935764], [47.53255122635812, -18.91807490803052], [47.532531970074444, -18.918347011405388], [47.53252916059239, -18.91856301956767], [47.532498666380434, -18.91904718128228], [47.532486754859974, -18.91915524741671], [47.53244119520508, -18.919259507620154], [47.53239537834418, -18.919323774972213], [47.532236756820964, -18.9194926973301], [47.53206568328483, -18.919685690941833], [47.531757899307706, -18.91953549606626], [47.53172359466822, -18.91952002323046], [47.5316753478391, -18.919629003075954], [47.53160072389437, -18.919788433089593], [47.531526158405654, -18.919956864417657], [47.53149788731781, -18.91997202788673], [47.53143484484235, -18.919972395709408], [47.53136240355224, -18.919981818805866], [47.53121110340987, -18.919982702839377], [47.53086423489657, -18.92005191106682], [47.53083314713223, -18.919955779835277], [47.53078847690682, -18.919690047257745], [47.530759330778665, -18.91950584361973], [47.53052540092665, -18.918559219932035], [47.53031666558172, -18.91771667028803], [47.52999684597785, -18.917537376048983], [47.529254749707036, -18.917121353267817], [47.529228636092796, -18.91710671410351], [47.529166665609296, -18.916016669233784], [47.52923333325191, -18.915716669788424], [47.52927195733503, -18.91565539358146], [47.52936757325506, -18.91554851814948], [47.52928179771692, -18.915555578726924], [47.5290512088464, -18.91551380431855], [47.52884329638101, -18.915475489602102], [47.5287499989135, -18.91541667034295], [47.52866459479526, -18.915282488795754], [47.52856543464725, -18.915128551841065], [47.52842914508909, -18.915071851384766], [47.528366499214656, -18.914993720084055], [47.52813640497129, -18.914693265581718], [47.52794999889352, -18.914433336329353], [47.527838231149474, -18.914244747596967], [47.52784605704994, -18.91417998112115], [47.527837958654914, -18.914109109148], [47.527826891597954, -18.914012261156813], [47.52782134727738, -18.91385306766483], [47.527878545958174, -18.91369398299088], [47.5279696715632, -18.91348814795964], [47.52809063757303, -18.913079416881487], [47.528165707581365, -18.91282343295501], [47.52816469224689, -18.912531894331437], [47.5281348077753, -18.912211368759586], [47.52805963974066, -18.911903850981844], [47.52804338539397, -18.911823801427204], [47.528206179771416, -18.911928659679802], [47.52835751408804, -18.91210008664956], [47.52853245830647, -18.912348365184812], [47.528916388780374, -18.912905174134437], [47.52932177168253, -18.913487600272504], [47.52946519376371, -18.913626076981814], [47.52982139634048, -18.913906291342244], [47.52987359299209, -18.913959820789046]]]}}, {"type": "Feature", "properties": {"fokontany": "Soarano Ambondrona Ambodifilao", "arrondissement": "1er Arrondissement", "pcode": "MG11101001005"}, "geometry": {"type": "Polygon", "coordinates": [[[47.528021707236064, -18.907123376042932], [47.528039509316045, -18.907285886234547], [47.528067285776615, -18.907529305732794], [47.52814052566475, -18.907984074005697], [47.528160976248216, -18.9081758139626], [47.52822229472309, -18.90833611721797], [47.528344231101414, -18.908547707910316], [47.52848436526136, -18.90877640640599], [47.528492016693406, -18.909028828117812], [47.528523820318185, -18.909286847210126], [47.528525186388265, -18.90949913937368], [47.52849925263854, -18.909614956764756], [47.52847244294895, -18.90973469879725], [47.52828331642189, -18.910346269264835], [47.52821573956476, -18.910337258957213], [47.528053856200586, -18.910313041113852], [47.527871042015136, -18.91028127436124], [47.52768560720506, -18.910247099224193], [47.5275661268754, -18.910236795691503], [47.5274166658466, -18.910250002235728], [47.527343125584935, -18.910282627840957], [47.527288429717316, -18.910306892449057], [47.527223817925005, -18.910168825830567], [47.52709548107168, -18.90997893308122], [47.527069261337374, -18.90994293681706], [47.526943912931415, -18.909770845248204], [47.52686779611207, -18.909587046305035], [47.5269878771889, -18.909485505651446], [47.527103306972094, -18.90915347325415], [47.52730186379006, -18.9090920693435], [47.527395597429006, -18.908902173896138], [47.527439871053275, -18.908755599691062], [47.52743468736105, -18.908652350325667], [47.527384313635196, -18.908553664120234], [47.52733625116724, -18.908492442771887], [47.52717916298815, -18.90829235081128], [47.52704244265465, -18.9081253143317], [47.52692874406631, -18.90802269359233], [47.52675648972041, -18.90761776484794], [47.526636279141144, -18.907335173579327], [47.526437520874936, -18.906867936206254], [47.52635530575293, -18.90673931156988], [47.52601174044963, -18.906142418937407], [47.525858674038716, -18.90587649030772], [47.525857643415634, -18.905715833618785], [47.52578360762749, -18.905452323266047], [47.525633515274706, -18.90519966593172], [47.52557639573416, -18.905103516713893], [47.52540836370514, -18.904911462893665], [47.52522665208835, -18.904703770762353], [47.52504195562187, -18.904492668401872], [47.5244919698286, -18.904277822163635], [47.524395756758736, -18.904175288658564], [47.52399389560196, -18.903752136951482], [47.52373853760355, -18.903500492253897], [47.523712609249685, -18.903461537220096], [47.52334187542738, -18.903474078266072], [47.522767528798454, -18.903493507219537], [47.522449999767844, -18.903116668799157], [47.522489114880784, -18.903060596968885], [47.522712893185656, -18.903053862845468], [47.523016553771015, -18.903035059820127], [47.52339680242068, -18.903020393676172], [47.52385192682493, -18.902997021195517], [47.524047647181305, -18.902978941225115], [47.52421274022578, -18.902944094294412], [47.524342646396065, -18.90297480884027], [47.52446666560411, -18.903016669583508], [47.52471746134188, -18.90312271494122], [47.52496790724325, -18.90324101895777], [47.525229018204755, -18.90335752343094], [47.52551900819566, -18.90348657884249], [47.525646877401584, -18.903547013283912], [47.52575054225372, -18.903596006550345], [47.525799998671175, -18.903633337408564], [47.52592675541547, -18.903708753655962], [47.52601359395237, -18.903776779274892], [47.5261281423999, -18.903866509132], [47.526202822102675, -18.903925009131797], [47.52628788178038, -18.9040041512705], [47.52639526532937, -18.904104062352474], [47.52644844943643, -18.90415354395077], [47.52654321369852, -18.904301807082675], [47.52661849594682, -18.904423286605322], [47.52668247911316, -18.904530948944057], [47.52678839586781, -18.90470917209052], [47.52689999903578, -18.90491666996826], [47.52697157068161, -18.905069593386997], [47.527041584701465, -18.905194002900885], [47.52710424856241, -18.905305353359324], [47.52716804736758, -18.90541871919845], [47.527230293043715, -18.905521037765652], [47.52724999898834, -18.905550003130088], [47.52746666635363, -18.905816670103206], [47.52754976730802, -18.905921171324906], [47.527653431261, -18.906104178864723], [47.52772063040288, -18.906241497247265], [47.52776389858519, -18.906407644297246], [47.527778845317584, -18.90655104569413], [47.52778959941065, -18.906654222214513], [47.527838785131905, -18.90680312116706], [47.52792432774561, -18.9069804962528], [47.527982092999366, -18.90706525285907], [47.528021707236064, -18.907123376042932]]]}}, {"type": "Feature", "properties": {"fokontany": "Antanimalalaka Analakely", "arrondissement": "1er Arrondissement", "pcode": "MG11101001001"}, "geometry": {"type": "Polygon", "coordinates": [[[47.527288429717316, -18.910306892449057], [47.527185728938434, -18.910385656872506], [47.527124051633734, -18.910417729394624], [47.52703599721366, -18.91046351657792], [47.52696295067966, -18.910485937575856], [47.526812727025856, -18.910486811716908], [47.52662353394902, -18.910418257296612], [47.52650806279695, -18.910355873125013], [47.52640358765552, -18.910299428975406], [47.526302386945645, -18.910240974841088], [47.52619826883523, -18.910178764238537], [47.526117096027235, -18.91013524244738], [47.52603171798944, -18.910036754092857], [47.52597733778401, -18.909952325739198], [47.525907362434964, -18.909833627819637], [47.52586669419264, -18.90975285610932], [47.525762828791585, -18.909554383827697], [47.5256542473457, -18.90944136422752], [47.52550721628512, -18.909339567267182], [47.525341019772384, -18.909252546168034], [47.52542437523482, -18.909043084170946], [47.52556098944814, -18.90869978866425], [47.52568040592604, -18.908399710078527], [47.5256499998477, -18.908366669885822], [47.52542462974287, -18.908268125773304], [47.52526582655668, -18.90818297976068], [47.52508927165263, -18.9081495789398], [47.524849443147275, -18.90812084829838], [47.52461843699143, -18.90805763764979], [47.52443412093794, -18.907939943373663], [47.524259591307214, -18.90780151792569], [47.52419933673008, -18.907752425733747], [47.52405505129968, -18.90763487175184], [47.52376003499768, -18.90748028998337], [47.52337477262773, -18.907316062985842], [47.52317986705731, -18.90725949472983], [47.52296621781676, -18.907211043754614], [47.52305473898514, -18.90713231890129], [47.52228212601932, -18.90625121801918], [47.522974336896254, -18.90569230825332], [47.52215456438182, -18.904775718324686], [47.52169051330674, -18.904275591844964], [47.521306429947856, -18.90386164739698], [47.521551748814204, -18.903667524236766], [47.521954074021494, -18.903372382029772], [47.52224185887468, -18.903161265280062], [47.52230000004499, -18.903166670205565], [47.522449999767844, -18.903116668799157], [47.522767528798454, -18.903493507219537], [47.52334187542738, -18.903474078266072], [47.523712609249685, -18.903461537220096], [47.52373853760355, -18.903500492253897], [47.52399389560196, -18.903752136951482], [47.524395756758736, -18.904175288658564], [47.5244919698286, -18.904277822163635], [47.52504195562187, -18.904492668401872], [47.52522665208835, -18.904703770762353], [47.52540836370514, -18.904911462893665], [47.52557639573416, -18.905103516713893], [47.525633515274706, -18.90519966593172], [47.52578360762749, -18.905452323266047], [47.525857643415634, -18.905715833618785], [47.525858674038716, -18.90587649030772], [47.52601174044963, -18.906142418937407], [47.52635530575293, -18.90673931156988], [47.526437520874936, -18.906867936206254], [47.526636279141144, -18.907335173579327], [47.52675648972041, -18.90761776484794], [47.52692874406631, -18.90802269359233], [47.52704244265465, -18.9081253143317], [47.52717916298815, -18.90829235081128], [47.52733625116724, -18.908492442771887], [47.527384313635196, -18.908553664120234], [47.52743468736105, -18.908652350325667], [47.527439871053275, -18.908755599691062], [47.527395597429006, -18.908902173896138], [47.52730186379006, -18.9090920693435], [47.527103306972094, -18.90915347325415], [47.5269878771889, -18.909485505651446], [47.52686779611207, -18.909587046305035], [47.526943912931415, -18.909770845248204], [47.527069261337374, -18.90994293681706], [47.52709548107168, -18.90997893308122], [47.527223817925005, -18.910168825830567], [47.527288429717316, -18.910306892449057]]]}}, {"type": "Feature", "properties": {"fokontany": "Ankazotoho Anosimahavelona", "arrondissement": "4e Arrondissement", "pcode": "MG11101004032"}, "geometry": {"type": "Polygon", "coordinates": [[[47.50296290331545, -18.94422101568722], [47.50316719780807, -18.94428759519633], [47.50402241710094, -18.944351650308306], [47.50512532407453, -18.944634864807085], [47.50596814801173, -18.945029852445714], [47.50726811623065, -18.9454116065603], [47.508420709848, -18.945663771965485], [47.509376259306975, -18.946008891297197], [47.509987406194, -18.946229619101587], [47.51128210258713, -18.946791616240034], [47.51199228011973, -18.946828894038106], [47.512703597093434, -18.947045384237015], [47.51351668314845, -18.94731642910989], [47.51532740963239, -18.94710187335272], [47.51641483207885, -18.947382442045978], [47.51760435455742, -18.947359628943616], [47.51847196560885, -18.947342985190573], [47.51912463509393, -18.94744949999432], [47.51950247086245, -18.947626534237145], [47.52058023728824, -18.948502609707646], [47.521134229561085, -18.949037060611772], [47.52184397721783, -18.949005372999522], [47.52275399490111, -18.948572719954996], [47.523303572401915, -18.948417880081024], [47.52362284162098, -18.948498742622746], [47.524033025104075, -18.94919945389165], [47.524556990812584, -18.949568636383333], [47.52540818114272, -18.950135086964565], [47.52520321575582, -18.9503340196992], [47.52515305696812, -18.95045548483273], [47.52511935577377, -18.950496073035254], [47.52499271144461, -18.950605866767262], [47.52489562513318, -18.950691253798198], [47.52482364429591, -18.95071994666813], [47.524692494363194, -18.950789375229363], [47.524548531789435, -18.950846760069794], [47.524385176234944, -18.950897721052854], [47.5242217838084, -18.950948123556998], [47.524113929014675, -18.95100933861005], [47.52399337669311, -18.951076686140084], [47.52395569869657, -18.951158697116114], [47.52390557678109, -18.951286221881617], [47.523858989201074, -18.951468253656913], [47.52371718230222, -18.951696281258307], [47.52362260509926, -18.95184224032704], [47.52347668110406, -18.95192487813057], [47.5234051930953, -18.95194801408951], [47.52325237669595, -18.951948901720357], [47.52305917803869, -18.951930247982432], [47.52296828895544, -18.95191773481548], [47.522920417143666, -18.951899837407495], [47.52272578496712, -18.95183432089715], [47.52251515744871, -18.951756781350355], [47.52241636782122, -18.95174220693724], [47.52225742074347, -18.951716566366372], [47.522185457892704, -18.951728905064897], [47.52208810897923, -18.951773899945408], [47.52200352234479, -18.951822861735593], [47.52161299084702, -18.95182512802711], [47.52137387820193, -18.951692521192797], [47.521318596875744, -18.95167097973183], [47.521225409125464, -18.951661294932762], [47.52101406125007, -18.95165740896215], [47.52087972771733, -18.95165478024387], [47.52075787587546, -18.951643557603973], [47.52005751264426, -18.951600521446835], [47.519754665045866, -18.95148819792189], [47.519571822981334, -18.951393431861277], [47.51934999980284, -18.95131667022804], [47.519264241351834, -18.95129026163619], [47.519148653287914, -18.951213358809355], [47.5190328907554, -18.9511090779215], [47.51896025431239, -18.950993898149818], [47.518906778824885, -18.950886216925255], [47.518800636340416, -18.950786444338917], [47.518680341224865, -18.950723256173262], [47.518521857297856, -18.950687668201226], [47.518377675289514, -18.950670083757302], [47.51815000022242, -18.95061666942371], [47.51786666611389, -18.95058333605209], [47.51769063281648, -18.95052083766643], [47.517562418271154, -18.950504764982895], [47.51736783465793, -18.950472262584753], [47.5172333320528, -18.95048333503786], [47.51708524878518, -18.950494912909846], [47.51669594486208, -18.950408888259517], [47.51629339122718, -18.950322940950855], [47.51606089939111, -18.95026333388563], [47.515919432435965, -18.95024733674512], [47.515795776554, -18.950253653583218], [47.51521323979932, -18.95034668665022], [47.51511907178781, -18.95035843809137], [47.514953899602915, -18.950320159347825], [47.51484213455694, -18.950343220663], [47.514583260209406, -18.950389550137572], [47.51435965277585, -18.95042446541669], [47.514194662254, -18.95041420774936], [47.51412983642291, -18.95040897639302], [47.51371096908599, -18.95030490055069], [47.513421858632, -18.950228102045173], [47.51319764775337, -18.95016774314678], [47.513085238792826, -18.95008992570945], [47.51300000014999, -18.949983337161257], [47.512765292384415, -18.94979472594582], [47.51231573208537, -18.949494665346492], [47.51222727566824, -18.949478359738464], [47.51203872470745, -18.949468235170855], [47.51160893510445, -18.94949872758417], [47.51128494984056, -18.949494984605792], [47.51119067391056, -18.949489921422696], [47.51093690771211, -18.94941291517381], [47.51074228902547, -18.949374801006172], [47.510541924570305, -18.949359138413456], [47.51013569360748, -18.9493894932304], [47.509964956417775, -18.94940168174213], [47.5097824381092, -18.949413936803637], [47.50952342076937, -18.949437840783673], [47.50932944060122, -18.94950060356996], [47.509164629044506, -18.949518361583046], [47.50882311599412, -18.949537134930722], [47.508652484025106, -18.94956613536874], [47.508429021382426, -18.949623460854014], [47.50819991369508, -18.949720051638963], [47.507970948100876, -18.949839058925306], [47.507736375233605, -18.950002935187285], [47.50751929687817, -18.950138686950822], [47.50723739089301, -18.950269205559266], [47.50704323265916, -18.950303943671997], [47.50685153676909, -18.950278283316038], [47.50663951620089, -18.950282647725942], [47.506387659263055, -18.950274632068556], [47.50613871702825, -18.95020354605674], [47.50590623778277, -18.950116604097957], [47.5057467322261, -18.950041853348807], [47.505616666875824, -18.949933336654055], [47.50543417015086, -18.949820717252237], [47.50530013789108, -18.949732875072073], [47.50516937106971, -18.94967012127904], [47.50511674274367, -18.949692571954586], [47.50508256131121, -18.94968686305822], [47.504795837657866, -18.949505378070626], [47.504737012103476, -18.949529342305254], [47.504687236426946, -18.94951190535005], [47.50465662620252, -18.949580011008607], [47.50459693190288, -18.949563600179886], [47.50455552531736, -18.949480113416428], [47.50439980410772, -18.949431710105216], [47.50427228293955, -18.949374182272663], [47.504205815845864, -18.949289419371098], [47.50412541735426, -18.949236103962903], [47.50401696091416, -18.949214316987025], [47.50382367772062, -18.949184051202963], [47.50363978704672, -18.949149250137737], [47.503474393628494, -18.949060569789424], [47.50334726816203, -18.949065776864074], [47.503252827655956, -18.9490259845615], [47.50309707856735, -18.948973098129898], [47.50299742109428, -18.94885267620998], [47.50281333256942, -18.948786505892485], [47.50262442187966, -18.94870244086485], [47.5024875405677, -18.94865392873578], [47.502360358443866, -18.948650171368286], [47.50222353288973, -18.948610620084025], [47.50214781806744, -18.94855279727375], [47.502072353256665, -18.94853530186265], [47.50194905080809, -18.948492871848487], [47.501764625037595, -18.94837293106582], [47.50159104778868, -18.948293258327112], [47.501481070595105, -18.948216583928115], [47.501367645400705, -18.948153372380204], [47.501338903068074, -18.948076235729616], [47.50128875687068, -18.947965611024074], [47.50120001267061, -18.94789553944753], [47.50113980036167, -18.947868994158625], [47.501089548943526, -18.947741565620674], [47.50101506079653, -18.94769157590548], [47.5009450458773, -18.947635399753835], [47.50078148797536, -18.947588530686062], [47.500686851417186, -18.94751737092986], [47.50055435070277, -18.947416550633193], [47.50044057657152, -18.9472977007282], [47.500137941213154, -18.94710224836996], [47.499948781411206, -18.94697785144666], [47.49984790175938, -18.946912700061034], [47.499722321328136, -18.94691341412272], [47.4996464095542, -18.946824222060172], [47.49948240289069, -18.946705656340896], [47.49941318297215, -18.94668214806262], [47.49931253084873, -18.946652846351697], [47.49913021218953, -18.946618032695937], [47.49896654277177, -18.946553238341153], [47.498771405176285, -18.946476671860808], [47.49865169102287, -18.946411628393832], [47.49843741495488, -18.946287371764754], [47.498342517593244, -18.946174386338782], [47.498276065787934, -18.946051591108017], [47.49822050207467, -18.945958542752464], [47.498214572844404, -18.94582949993145], [47.49821377334706, -18.94570179170421], [47.4982626730839, -18.94561413208646], [47.49834363365176, -18.945569979870584], [47.49845955806228, -18.945468495874366], [47.49853675586672, -18.945387395911553], [47.49865597719179, -18.945248922799465], [47.498735654427094, -18.94512980399719], [47.49880368184455, -18.94496633332949], [47.498759681614104, -18.944888719139044], [47.49873089881197, -18.944804860056195], [47.49872347580788, -18.944747766596095], [47.498733773045274, -18.944605992072752], [47.49873693686027, -18.94435950768502], [47.49873115961543, -18.944189255229844], [47.498729923946996, -18.94399208966314], [47.498738189615835, -18.943808315001718], [47.498779462202606, -18.94362728866838], [47.49882700126528, -18.942780647109146], [47.500145402888165, -18.942981314635915], [47.50133790841784, -18.9436914193235], [47.50296290331545, -18.94422101568722]]]}}, {"type": "Feature", "properties": {"fokontany": "Mandrangobato II", "arrondissement": "4e Arrondissement", "pcode": "MG11101004023"}, "geometry": {"type": "Polygon", "coordinates": [[[47.513822002083884, -18.928495277035324], [47.51386503194573, -18.928514437091565], [47.51547565207966, -18.92955858595991], [47.51551606311597, -18.92954255734304], [47.5155529838832, -18.929741600694285], [47.51557796884822, -18.930000554182186], [47.51558440169896, -18.930400265060086], [47.515614889615506, -18.930584222283926], [47.51564507715864, -18.930766352984676], [47.51572578501714, -18.93122485794072], [47.51576159062506, -18.931350497727237], [47.515845911060126, -18.931459203279587], [47.51578278224969, -18.931624278337665], [47.51578398374386, -18.93181304243791], [47.51597968161707, -18.932004383995093], [47.51612880180295, -18.93221080178705], [47.51594611442181, -18.932230362041537], [47.51583855280711, -18.93244195992844], [47.515375800352956, -18.93245943375581], [47.51518500378489, -18.932427220939474], [47.5149827525521, -18.93242838556148], [47.514882709269784, -18.932599224374655], [47.51475541563002, -18.932766519858944], [47.51461926007079, -18.9327636033575], [47.51458486729791, -18.932860035861893], [47.514613788595625, -18.93312636918654], [47.513597017788186, -18.933833718351366], [47.513585799645114, -18.933791951137607], [47.51293062105145, -18.933858366070695], [47.51275371361305, -18.933889123783956], [47.512467611391344, -18.933950249804127], [47.51226556970039, -18.934124899044775], [47.51208338863762, -18.93414577410806], [47.511979402727434, -18.934176111837985], [47.51176117144104, -18.934261631968695], [47.51141758095679, -18.934293345661274], [47.51112074622563, -18.934304964002763], [47.51087609015951, -18.934331152260825], [47.510553273115136, -18.93435283221737], [47.510355403379265, -18.93436388038873], [47.51016816902592, -18.93440956504935], [47.510001646059095, -18.934435303646296], [47.5097568658868, -18.9344416663497], [47.50960658467625, -18.934485732230712], [47.50961383860789, -18.93443440342486], [47.509627066735845, -18.934383158256026], [47.50984825679177, -18.933526256331618], [47.509976689872474, -18.93300945372323], [47.510136577641106, -18.93256126399109], [47.51015226991137, -18.93249547498607], [47.51017679622231, -18.932392654597265], [47.5101894056167, -18.93233978885013], [47.51020875812776, -18.93229043135824], [47.51033426391524, -18.931970340159012], [47.51037155160583, -18.931741583207383], [47.51038588230267, -18.931565084960596], [47.510407484917664, -18.93129903492246], [47.510397637341214, -18.930967334374884], [47.51031134739088, -18.930798265427484], [47.5101013377066, -18.93066676655792], [47.510109243646866, -18.93045792599247], [47.5100518597057, -18.93021382211009], [47.510037836576885, -18.930078593752], [47.51002807803343, -18.92948137466567], [47.50986584393365, -18.92934863113436], [47.509827519324745, -18.929316853589853], [47.509717232764274, -18.929231873951778], [47.50977847569624, -18.929174831753016], [47.50984933777687, -18.929108829608708], [47.51066314778609, -18.92835083422358], [47.51097237607445, -18.928062811049813], [47.51124428609495, -18.92813271625181], [47.511862213870245, -18.92819839823744], [47.51230797363411, -18.92827173255438], [47.51236727672841, -18.928281489299195], [47.51266117966986, -18.92831563206073], [47.512962840163084, -18.9283855588464], [47.51334701165541, -18.928404848404966], [47.513603311243855, -18.928446371003133], [47.513822002083884, -18.928495277035324]]]}}, {"type": "Feature", "properties": {"fokontany": "Andrefan'ambohijanahary IIIH-I", "arrondissement": "4e Arrondissement", "pcode": "MG11101004011"}, "geometry": {"type": "Polygon", "coordinates": [[[47.52404109562025, -18.919502270613236], [47.52384436532526, -18.92006145467235], [47.52359554899539, -18.92076611936085], [47.52346456184023, -18.921199703203683], [47.5233585722404, -18.921550541324393], [47.52310017543277, -18.92222980376232], [47.52304263141241, -18.922387856914042], [47.52293444297021, -18.922499525732405], [47.52285687194717, -18.92253328808073], [47.52270127934065, -18.922530489390454], [47.52254165417406, -18.922505505324693], [47.522487560852426, -18.92256133973399], [47.52245483182509, -18.92291686242322], [47.52244420723446, -18.92307978360509], [47.52238664972424, -18.923202263173835], [47.522275046556274, -18.923387978572237], [47.52226506138362, -18.923650834218563], [47.5222889410818, -18.923735828245754], [47.522339572913154, -18.923746638096816], [47.52242086802869, -18.92368694469667], [47.52246644926737, -18.923516417048916], [47.52297781637321, -18.923198834958157], [47.52311339456759, -18.923112916427897], [47.52316751217114, -18.92306078272884], [47.52326474327339, -18.923060218853948], [47.523339018281206, -18.923119010234075], [47.52334340607342, -18.923196714356777], [47.52315487219971, -18.92351612566864], [47.522889475968725, -18.92398033682298], [47.522758639000074, -18.924199477323896], [47.522739927705686, -18.92431432884314], [47.52279186265446, -18.924528707433865], [47.52287486558271, -18.924735502941076], [47.52295727585778, -18.924849767202943], [47.52295808165019, -18.924975609336798], [47.522935622880766, -18.925112690298306], [47.52285933069362, -18.925346319776736], [47.52272820863999, -18.925521044560526], [47.52264373442085, -18.9256917979381], [47.52259065913165, -18.92590678536982], [47.52258373435194, -18.92604007478957], [47.52249610441186, -18.926325588854752], [47.52236614158414, -18.926681675418877], [47.52109812807629, -18.926254073866346], [47.5208849266981, -18.926133076380324], [47.52070427178489, -18.926080056849116], [47.52058520963982, -18.926075508078213], [47.52052617724132, -18.926041126996324], [47.52044439739103, -18.92599928873608], [47.520363023135076, -18.926020915632705], [47.52026904308201, -18.926002654898525], [47.52016524333135, -18.92599385323365], [47.51994023385487, -18.925957544904747], [47.51981161371509, -18.92593008140807], [47.51966322018154, -18.92590038129748], [47.519529520670915, -18.925866767337425], [47.5195458829362, -18.925789134261095], [47.51970396216825, -18.92536872998278], [47.519882569325205, -18.92491596180207], [47.520096125036275, -18.924401887736906], [47.520260536394744, -18.92400833811422], [47.520316580345934, -18.92385495334338], [47.52040114629591, -18.923623504720865], [47.520459309049954, -18.92346431932276], [47.520519801947444, -18.923192535207306], [47.52054848042815, -18.922892911678446], [47.52104477759457, -18.92291010581664], [47.52105938798053, -18.922761966791256], [47.52112747295462, -18.92264932310775], [47.52127491320681, -18.92240538560003], [47.52151159138697, -18.92211283973569], [47.52177451088505, -18.921869493981944], [47.522005748166805, -18.92153749665806], [47.52202525895859, -18.921344912237828], [47.521914119840915, -18.920995158699498], [47.52185122935094, -18.920891885052356], [47.521855404903135, -18.9207339353228], [47.52187010881852, -18.920600600936893], [47.52205068908802, -18.920456434216987], [47.52230695989846, -18.920281505287164], [47.522881964830844, -18.91988900517333], [47.523677127397605, -18.91935139405149], [47.52404109562025, -18.919502270613236]]]}}, {"type": "Feature", "properties": {"fokontany": "Manarintsoa Isotry", "arrondissement": "1er Arrondissement", "pcode": "MG11101001043"}, "geometry": {"type": "Polygon", "coordinates": [[[47.514019977040334, -18.91086324364369], [47.51388788102105, -18.91089283223829], [47.51378009817313, -18.91089490787357], [47.5136619236589, -18.910897184057717], [47.51353246984769, -18.910887665633197], [47.51343569739964, -18.910880550197135], [47.51328469673149, -18.910841067261345], [47.51319851290111, -18.910841561888446], [47.51297405740695, -18.910844999097378], [47.51285134131649, -18.910848040604492], [47.51264484708213, -18.910838701145053], [47.512587455047196, -18.910836104802286], [47.51243774940269, -18.91079496261733], [47.51254148260341, -18.910632706034505], [47.51261314957725, -18.91052177016354], [47.512687061259044, -18.910407362909382], [47.512778777718495, -18.910266283562066], [47.51282821075341, -18.910190247681726], [47.51292381857945, -18.910016443803727], [47.51295607366393, -18.909957805308352], [47.513078870693505, -18.909777237629328], [47.51320927778613, -18.909580013606615], [47.5132923310764, -18.909449977034683], [47.51334288106921, -18.90937083039944], [47.51343983068375, -18.909218654317385], [47.51348416186465, -18.909148956858814], [47.51352424195039, -18.909089396558386], [47.51361666617635, -18.909366669236363], [47.5137391682282, -18.909815843726165], [47.51386011894948, -18.91025932910469], [47.513966667028114, -18.910650002695434], [47.51400973286292, -18.91082226963198], [47.514019977040334, -18.91086324364369]]]}}, {"type": "Feature", "properties": {"fokontany": "Avaratetezana Bekiraro", "arrondissement": "1er Arrondissement", "pcode": "MG11101001028"}, "geometry": {"type": "Polygon", "coordinates": [[[47.51450360815505, -18.907659663362722], [47.51463333356162, -18.907700003352375], [47.514829621390106, -18.907832579609817], [47.51464612731701, -18.9080536041904], [47.514457434263306, -18.90826488281806], [47.51416160407484, -18.90858920622685], [47.51391186683935, -18.90889371217503], [47.51382072504657, -18.909099540011653], [47.513785951860314, -18.909285491931826], [47.51379386139769, -18.9094137145712], [47.51363333421108, -18.909216670412945], [47.51352424195039, -18.909089396558386], [47.51349802671274, -18.909010749046786], [47.5134839352354, -18.908968474615335], [47.51343333308205, -18.908816669053977], [47.51338333257485, -18.908666669331296], [47.51332535058458, -18.90842749283445], [47.51324999998752, -18.908116670048173], [47.51323550381562, -18.908038867899393], [47.51317755779803, -18.907727840067707], [47.513198209829625, -18.907503616598603], [47.51325538782601, -18.907237161865453], [47.51354585895439, -18.907332938764057], [47.51374671084221, -18.90739829969175], [47.51387743719408, -18.907440191011972], [47.51400000039973, -18.90748333598708], [47.51420081361681, -18.907543817193357], [47.51437197528651, -18.9076187298204], [47.51450360815505, -18.907659663362722]]]}}, {"type": "Feature", "properties": {"fokontany": "67ha Afovoany Andrefana", "arrondissement": "1er Arrondissement", "pcode": "MG11101001031"}, "geometry": {"type": "Polygon", "coordinates": [[[47.50774273164183, -18.90479208508657], [47.50773333372649, -18.905000002947702], [47.5077166656917, -18.905350002900207], [47.50756472882932, -18.905509438309878], [47.50748333298958, -18.905550003130088], [47.50744315038122, -18.905645753048987], [47.50743352583669, -18.90574609400693], [47.50742331943081, -18.90585252517377], [47.50740302982615, -18.906064043920367], [47.50757667542325, -18.90607574679825], [47.50765253503664, -18.90615302734028], [47.507678147728484, -18.906230593866724], [47.50767886358875, -18.90634417284525], [47.507605921376296, -18.907174561856493], [47.50759852894902, -18.907262573109165], [47.50757895520479, -18.907503612101948], [47.50755065623787, -18.90783027464738], [47.507508827870254, -18.90826408242134], [47.507514445935044, -18.90845199396432], [47.50721436914796, -18.908441592405495], [47.50682448066539, -18.90842124164692], [47.50665107968365, -18.908401974571404], [47.50634602424975, -18.908373936407997], [47.50601056903258, -18.908350971320203], [47.505658039287255, -18.908326836214428], [47.50586996362807, -18.905990716798044], [47.505919098087986, -18.90522681106836], [47.505956001768254, -18.90470085426091], [47.50595902259096, -18.90466614672522], [47.506292437246316, -18.904695658877472], [47.50683201698416, -18.904733896252196], [47.50727298336153, -18.904762072011977], [47.50768779205811, -18.904788575032626], [47.50774273164183, -18.90479208508657]]]}}, {"type": "Feature", "properties": {"fokontany": "Antanimora Ampasanimalo", "arrondissement": "2e Arrondissement", "pcode": "MG11101002002"}, "geometry": {"type": "Polygon", "coordinates": [[[47.54756022782237, -18.912636602397242], [47.54794335070511, -18.912725537253664], [47.54800147029181, -18.912762502986993], [47.548022002713424, -18.91279027944779], [47.54808053329009, -18.912778319363838], [47.5481534278386, -18.91276300031211], [47.54832294464825, -18.912821860940028], [47.54847180672863, -18.912885560819916], [47.54862483177067, -18.912937127046746], [47.5487865217807, -18.913016897811474], [47.54899900460043, -18.913128310323145], [47.5490824032305, -18.913191666661987], [47.54922082058454, -18.913297527658756], [47.548200000130066, -18.913650003444843], [47.5478794916454, -18.913793933643092], [47.54730948694328, -18.914036431336115], [47.5469646473008, -18.913836384341607], [47.546706736127135, -18.91377813255474], [47.54655006163614, -18.91383286259645], [47.54638738237196, -18.913929474065867], [47.54626305199838, -18.914127482297374], [47.546214092906155, -18.91432504266652], [47.54617757863241, -18.91450459770897], [47.54609733212624, -18.91472027941728], [47.54593445591047, -18.91478700101925], [47.54571469667599, -18.914800257925492], [47.54546326062109, -18.914771857335325], [47.54538835698719, -18.914844035124077], [47.54540806023391, -18.914975433269547], [47.545604099849356, -18.915177522624504], [47.545592396971585, -18.915309106030293], [47.54537380955372, -18.91550169404792], [47.545091826226894, -18.91560498658083], [47.5448592318682, -18.91557647267598], [47.54455612706363, -18.91547405158616], [47.544494109815446, -18.915453095583814], [47.544324521059934, -18.91545409922719], [47.544224494864636, -18.91546690467385], [47.54407975527664, -18.915485435204573], [47.5439805069949, -18.915677316355016], [47.54405689271147, -18.915832291127288], [47.54425874644414, -18.915962612784313], [47.54424103519568, -18.916136076718487], [47.54410296677855, -18.916154826683794], [47.543989907608136, -18.916155495779435], [47.543606371936676, -18.91609798323526], [47.54342218718426, -18.916103453811274], [47.54335516700746, -18.916105444910272], [47.54324311957441, -18.91626153304327], [47.54300580287554, -18.91647216325964], [47.54281881223852, -18.91669445138774], [47.542656945062106, -18.916916590228368], [47.54253029623629, -18.917136186685582], [47.54234227857336, -18.917059284758068], [47.54227539329486, -18.917163937965256], [47.54195599097625, -18.917309292689595], [47.54164212758229, -18.917341035160575], [47.54117724733226, -18.917331819807544], [47.54087357415625, -18.91699884492067], [47.540737278302856, -18.91696312564767], [47.540628182444834, -18.916934534401207], [47.5403702281036, -18.916870296726756], [47.53999223315515, -18.91669916293597], [47.539859358322815, -18.916550496008483], [47.539695428101595, -18.91645581538353], [47.53952037326678, -18.91658238237102], [47.53925753560685, -18.916733379441837], [47.53910066416444, -18.91675821422018], [47.53874279604338, -18.916784230707606], [47.53837864525843, -18.916810284067253], [47.53823367814192, -18.916820995892124], [47.53811495504124, -18.91682976877871], [47.53775111542183, -18.91690364178953], [47.53758765104931, -18.916880691090967], [47.53732229169043, -18.916643133373782], [47.537163946259284, -18.916440812893086], [47.53698924665639, -18.91627361813289], [47.53712029676444, -18.916141333255894], [47.537253605069964, -18.915963733339538], [47.53738212538491, -18.915834918946246], [47.53742493041625, -18.915655328830326], [47.53746788833257, -18.91549964988883], [47.53748595571233, -18.915379985198058], [47.53747839511203, -18.91518275667886], [47.53740821831468, -18.915015786749052], [47.537300355427135, -18.914849038052637], [47.53721773111357, -18.914700074348843], [47.53713557444735, -18.91462284416889], [47.537009138760936, -18.914498048845758], [47.536933068706276, -18.914390892825338], [47.536774841985505, -18.91420650572553], [47.536665082427646, -18.913981715683576], [47.53661544704522, -18.913841470907073], [47.536809944323636, -18.91383340039107], [47.53703764187384, -18.913814290696905], [47.53718688976329, -18.913792088234175], [47.53738081507271, -18.913748294847835], [47.5375373708531, -18.91369192624137], [47.537664371313724, -18.913703976257466], [47.53775789900794, -18.91372830741534], [47.537855390913705, -18.913788159995477], [47.537911687574365, -18.913830482090987], [47.53805194584072, -18.9137858010738], [47.538489662967606, -18.9136415830925], [47.53876228705002, -18.91355169585404], [47.53892756985152, -18.913490623793223], [47.539031609721064, -18.91349976809977], [47.539191214203186, -18.91351517708364], [47.53942202520642, -18.91353717270232], [47.53968973269514, -18.91357296392107], [47.53986652861755, -18.913590605921684], [47.53997222593762, -18.91361800916377], [47.5401048984225, -18.91364291678707], [47.540247158579575, -18.913632738260162], [47.540389389059044, -18.91361788685589], [47.54085630537429, -18.91349097003217], [47.541078433423024, -18.913435686008086], [47.54131372934518, -18.913392781151856], [47.54154999923327, -18.913366670235575], [47.541841300435806, -18.91334815139595], [47.542194486686356, -18.91332115644616], [47.542490962587976, -18.913294496044045], [47.54276131768074, -18.913276292866556], [47.5430446796683, -18.913245556736968], [47.54321470279632, -18.913227945313395], [47.54375037408056, -18.91303437883346], [47.54388662496774, -18.91298957370975], [47.54396304216067, -18.9129575308653], [47.54412582035036, -18.912889274120687], [47.54428210363625, -18.91282318833936], [47.54440130067957, -18.912771635602383], [47.54450198337997, -18.912724282699457], [47.54453510541077, -18.91269614291258], [47.54467460105212, -18.91257819412823], [47.544784730231186, -18.912487940865674], [47.54501124427355, -18.91243677843454], [47.545351340891784, -18.91240985543044], [47.54575253744969, -18.9123867221694], [47.546088461213515, -18.91238888503898], [47.54638954074477, -18.91239955819293], [47.546673362286015, -18.91243939456234], [47.546883104871426, -18.912492127209873], [47.547062475552934, -18.9125699491438], [47.54730722604768, -18.912639080029464], [47.54747312938156, -18.912658856121254], [47.547529301036434, -18.912657324575775], [47.54756022782237, -18.912636602397242]]]}}, {"type": "Feature", "properties": {"fokontany": "Faliarivo Ambanidia", "arrondissement": "2e Arrondissement", "pcode": "MG11101002001"}, "geometry": {"type": "Polygon", "coordinates": [[[47.54117724733226, -18.917331819807544], [47.54114484206093, -18.91744685388909], [47.5411972302681, -18.917775331266398], [47.54138597728115, -18.91782204295282], [47.54185016235516, -18.917820279382283], [47.54199485967507, -18.917758672224863], [47.54230662135359, -18.918082446147935], [47.54234528140972, -18.91823166615842], [47.54214860057755, -18.91847734025697], [47.542062028240196, -18.918687078345954], [47.541994412712086, -18.918914637400576], [47.541914471075984, -18.919178139659323], [47.54174042797837, -18.919460128382184], [47.54160743803294, -18.919712570778415], [47.54160880140512, -18.919921789958607], [47.54165864273227, -18.920405126095602], [47.54153859762829, -18.920298229979267], [47.541416302420544, -18.920263668133714], [47.54127214469389, -18.92031234304011], [47.541030093963855, -18.920762113780427], [47.540769667386314, -18.9212837295604], [47.54060689729056, -18.921368380945978], [47.54032982066474, -18.921262411131238], [47.53997390856904, -18.92062486824301], [47.539766666998105, -18.92021666866424], [47.53960000014001, -18.920316670577847], [47.5394401177673, -18.920226905647155], [47.53921969123587, -18.92013853466557], [47.539062310777126, -18.920085659025915], [47.53880641678279, -18.91999704073072], [47.53862176887958, -18.919956735814594], [47.53850184338552, -18.919867773079204], [47.538466667302885, -18.91978333663161], [47.53827168618949, -18.91973163370784], [47.53829867394478, -18.920018415817196], [47.538363638271335, -18.92011114041668], [47.537798541169934, -18.920386012804215], [47.53768819525408, -18.920805117562054], [47.53785430003609, -18.921234551932912], [47.53780478786075, -18.921348424989787], [47.53786930792239, -18.92161107469127], [47.53776318612233, -18.921713324010568], [47.53756226318808, -18.921726458609157], [47.53722966331844, -18.921776238782343], [47.537067163019174, -18.92190273022669], [47.53665569800211, -18.921899168911466], [47.536361018946025, -18.92198459101604], [47.53614225616036, -18.922051961928446], [47.535948154583764, -18.92214874966504], [47.535829068157, -18.922392242907563], [47.53567087381191, -18.922213832702198], [47.535650866594324, -18.922034612207483], [47.53575648837125, -18.921854654268827], [47.53588711669721, -18.921656614561073], [47.53590860329956, -18.92162232071348], [47.536048765338364, -18.92139861525385], [47.53614185955922, -18.921224707953797], [47.53628629697522, -18.921025741944334], [47.53631618684267, -18.92098456738381], [47.53645301779261, -18.920774536115857], [47.53658356877685, -18.920564540820862], [47.53661423925581, -18.920450780179294], [47.53663223019345, -18.920319159001963], [47.536662899773034, -18.920205398360338], [47.53672983541372, -18.91991982134266], [47.53690559261912, -18.919900854640673], [47.53708127338223, -18.91986993325071], [47.53726288697271, -18.919785174845856], [47.536909392254756, -18.91951824437143], [47.53693971379681, -18.919350683587083], [47.53699477119193, -18.91912319827685], [47.53703784691925, -18.918985452716356], [47.537093332391464, -18.918823721337617], [47.53713016592451, -18.918691991342257], [47.53716056390908, -18.918536385245886], [47.53719144393011, -18.918394601729403], [47.536971407704414, -18.918366004187646], [47.53678262381919, -18.918313311110353], [47.53660628565166, -18.918242611807045], [47.53654296978232, -18.918165270111103], [47.53646046238049, -18.918034238888936], [47.53642200287328, -18.91795422620652], [47.53640315668042, -18.917915016664665], [47.536364306867426, -18.91773590588724], [47.53633185573074, -18.917574691618654], [47.536305762800794, -18.917425396964404], [47.53637334415464, -18.91719186011619], [47.53639749994471, -18.91704226958501], [47.5364905159247, -18.916856407597095], [47.5365127912325, -18.91682588370753], [47.53660881094805, -18.916694308395563], [47.53668379731948, -18.91663408889201], [47.5367774716031, -18.91654984669799], [47.53689572705633, -18.91638176970281], [47.53698924665639, -18.91627361813289], [47.537163946259284, -18.916440812893086], [47.53732229169043, -18.916643133373782], [47.53758765104931, -18.916880691090967], [47.53775111542183, -18.91690364178953], [47.53811495504124, -18.91682976877871], [47.53823367814192, -18.916820995892124], [47.53837864525843, -18.916810284067253], [47.53874279604338, -18.916784230707606], [47.53910066416444, -18.91675821422018], [47.53925753560685, -18.916733379441837], [47.53952037326678, -18.91658238237102], [47.539695428101595, -18.91645581538353], [47.539859358322815, -18.916550496008483], [47.53999223315515, -18.91669916293597], [47.5403702281036, -18.916870296726756], [47.540628182444834, -18.916934534401207], [47.540737278302856, -18.91696312564767], [47.54087357415625, -18.91699884492067], [47.54117724733226, -18.917331819807544]]]}}, {"type": "Feature", "properties": {"fokontany": "Mahavoky", "arrondissement": "3e Arrondissement", "pcode": "MG11101003019"}, "geometry": {"type": "Polygon", "coordinates": [[[47.53254519280654, -18.896777815343796], [47.53263599915209, -18.896945332061364], [47.53274499968211, -18.897159166562233], [47.53289134725793, -18.897427204102087], [47.532986461356245, -18.89757389791697], [47.53303032129236, -18.89763662113313], [47.53314252610687, -18.897784255638783], [47.53322730519602, -18.897892597864995], [47.53330162696858, -18.89796882260299], [47.53333225967617, -18.89796674876635], [47.53398920273963, -18.897993672669827], [47.53417111940183, -18.897948954780418], [47.534233332702286, -18.89801666923381], [47.53456666731802, -18.898816669253847], [47.53491666727041, -18.89928333555747], [47.53504999895836, -18.89941666994332], [47.535138781829346, -18.899475857924415], [47.535166666208795, -18.899533337193702], [47.53513333283718, -18.89968333691644], [47.53511666929904, -18.899733331128232], [47.53522928330483, -18.899732445296024], [47.53533075920734, -18.899765989109085], [47.53544316726851, -18.899812279912737], [47.53551510583759, -18.899841735407676], [47.535570779268085, -18.8998414080545], [47.53570327188868, -18.899815022844905], [47.53582412278507, -18.89978016961902], [47.53590021532284, -18.899758382643142], [47.53602178118035, -18.89974753412133], [47.53605179965086, -18.899708944212307], [47.53607136979798, -18.8996711097339], [47.53608100693299, -18.900494805091057], [47.53615544831547, -18.901268504437894], [47.53615938644651, -18.901366035014462], [47.53601885388707, -18.90160242001565], [47.53535364605409, -18.90161329371847], [47.534961642365886, -18.90162395518132], [47.53487494862003, -18.901626312304415], [47.534868396159595, -18.901544016243236], [47.53483303661551, -18.901244808201284], [47.5347845811437, -18.901048601311857], [47.534708575840284, -18.900848813322057], [47.53457746098104, -18.900639989843626], [47.53434618233064, -18.90034650418778], [47.53413655935492, -18.900158725744575], [47.533870902320416, -18.89998686080486], [47.53383842690198, -18.899965851742593], [47.53363411891951, -18.899856638073345], [47.53331466623905, -18.89969166643715], [47.53328297772731, -18.899675300574643], [47.53325230904693, -18.89965711538349], [47.53313297800463, -18.899586354026894], [47.53297194629846, -18.899495668190468], [47.53288325875542, -18.899445724340637], [47.532679120744945, -18.89933076310416], [47.532661233229476, -18.89930092629669], [47.53206523092581, -18.898954467874375], [47.53154234890047, -18.898665593042665], [47.53104301202552, -18.89836909285924], [47.53095898926608, -18.898320533965432], [47.53132233425839, -18.898106269588595], [47.5319352995744, -18.897730291819414], [47.53207200372003, -18.89758727173512], [47.53218113555107, -18.897436925773377], [47.53224636337899, -18.89718578469615], [47.53234316730351, -18.896953173250267], [47.53240740587711, -18.896853615601856], [47.532490969982405, -18.896764864207], [47.53253048529382, -18.896750681898425], [47.53254519280654, -18.896777815343796]]]}}, {"type": "Feature", "properties": {"fokontany": "Ampandrana Besarety", "arrondissement": "3e Arrondissement", "pcode": "MG11101003026"}, "geometry": {"type": "Polygon", "coordinates": [[[47.5358834600537, -18.90292582906369], [47.53589687344214, -18.903017271230055], [47.53598934263408, -18.903308897987188], [47.53599008727275, -18.903423845733812], [47.53595041188214, -18.903543900730313], [47.53595339942996, -18.903894722663267], [47.53590348885507, -18.904001475787368], [47.53574764533761, -18.904200101853178], [47.53551666616136, -18.9041857603645], [47.53551666616136, -18.904866670360434], [47.535450133417044, -18.905298117414077], [47.53527740602755, -18.905270111626237], [47.53476742028039, -18.905277555314854], [47.534713211845315, -18.905283284895575], [47.53472263314319, -18.905603526281595], [47.5347113367589, -18.905720600924894], [47.534748013809974, -18.905800687351814], [47.534746092858086, -18.905876410268036], [47.534585106117845, -18.906155197404416], [47.534499998776084, -18.906233336799005], [47.53435324560593, -18.906257795660622], [47.533999999100786, -18.90631666977839], [47.53424999893832, -18.90668333686648], [47.534283333209316, -18.906750002710396], [47.53389999898593, -18.90696667007569], [47.533805734747034, -18.907022599813104], [47.53339130016849, -18.90671022569626], [47.53324113317194, -18.90659632925707], [47.532953922985314, -18.906370952857117], [47.532914165756324, -18.906303817567107], [47.532918828741, -18.90621396630138], [47.53295755534708, -18.906121419767658], [47.53302778790214, -18.906036174829524], [47.53329322999872, -18.90573271209496], [47.5334436317184, -18.9054773298148], [47.53352360842791, -18.90527725224331], [47.533567383827744, -18.905154734902965], [47.53359518816757, -18.904994884006612], [47.53360663473853, -18.904737819994295], [47.53359995817169, -18.9045157926696], [47.53359131838471, -18.904376768273153], [47.53358407794303, -18.904260265598737], [47.53357655241615, -18.90413916738862], [47.53357114119535, -18.904048293593803], [47.533561849399916, -18.90389223603779], [47.53353297306836, -18.90374070836691], [47.53350938744836, -18.90361693557304], [47.533391175162706, -18.903275171611824], [47.533264039803726, -18.90307381070778], [47.532847323645115, -18.90278619043022], [47.53262192206415, -18.902591017761154], [47.532568160592234, -18.90248653722381], [47.53253719693413, -18.90225841429435], [47.532523842001865, -18.9020170893171], [47.53249688302492, -18.901800171040975], [47.53245345026653, -18.901711327915393], [47.53278394212532, -18.901703196245478], [47.53310307734529, -18.90170133015215], [47.53333742268393, -18.901681360706164], [47.53367057293872, -18.90166457396083], [47.534098204168856, -18.901653804579382], [47.53467122339828, -18.90163185212822], [47.53487494862003, -18.901626312304415], [47.534961642365886, -18.90162395518132], [47.53535364605409, -18.90161329371847], [47.53601885388707, -18.90160242001565], [47.536166665559335, -18.901600002637963], [47.53606976630675, -18.90173980944462], [47.535898080332174, -18.90203777462358], [47.53586109931041, -18.902155339397325], [47.5358454241271, -18.902454785759687], [47.535875814017686, -18.902873704357887], [47.5358834600537, -18.90292582906369]]]}}, {"type": "Feature", "properties": {"fokontany": "Ambohidroa", "arrondissement": "6e Arrondissement", "pcode": "MG11101006006"}, "geometry": {"type": "Polygon", "coordinates": [[[47.491258714318235, -18.855533550133202], [47.49092497230981, -18.855608193862963], [47.49077200932089, -18.85549484331233], [47.49062925543592, -18.85553957199363], [47.49008116631285, -18.85569639217465], [47.48956931267372, -18.85599284109668], [47.4893621844173, -18.856321992965547], [47.48895000084184, -18.856150003919424], [47.488116666551036, -18.85588333694642], [47.488001374364046, -18.855943287552634], [47.487699998056655, -18.856100003412394], [47.487116667200496, -18.85548333738609], [47.48699999905091, -18.856100003412394], [47.48641666729554, -18.8564500033649], [47.48629729578374, -18.85669092814379], [47.485683334018745, -18.856850002925228], [47.48556666496978, -18.856316668979048], [47.485683333119425, -18.855800003067657], [47.484533333147, -18.85501666928377], [47.484495478883275, -18.85498210114298], [47.484114012551686, -18.854960026383992], [47.484066666843376, -18.854900003832086], [47.48353333289708, -18.85488333579724], [47.48393949820934, -18.85251806485678], [47.483740017787625, -18.85171510157062], [47.48353333289708, -18.85095000333996], [47.48363333301194, -18.8499833355624], [47.484183334093586, -18.849916669718482], [47.4850559040068, -18.849425201012195], [47.48567973043538, -18.849536874327214], [47.48572772905146, -18.849293414359465], [47.48574172969711, -18.84922240838739], [47.485827438685476, -18.848852571189184], [47.48605699063768, -18.848924813729127], [47.48645642272578, -18.84908707390923], [47.48705875985405, -18.848842312622537], [47.49048333323924, -18.84768333561732], [47.48887545333963, -18.849975221878935], [47.49057751743857, -18.852651628569674], [47.490677661445034, -18.852611054756267], [47.49072376608905, -18.85260272433618], [47.49075603016672, -18.852783741676262], [47.49083798358623, -18.853165447227582], [47.49090888343824, -18.85343849578993], [47.490921366927694, -18.853777761434515], [47.49090041811985, -18.854219359136096], [47.49113239644299, -18.854273191654443], [47.49152497479787, -18.854364292078287], [47.49156272204215, -18.854377120907373], [47.49167038797822, -18.85439791862899], [47.49155643398228, -18.85499486791872], [47.49145759579147, -18.855239219114594], [47.491258714318235, -18.855533550133202]]]}}, {"type": "Feature", "properties": {"fokontany": "Avaratetezana", "arrondissement": "6e Arrondissement", "pcode": "MG11101006010"}, "geometry": {"type": "Polygon", "coordinates": [[[47.4893621844173, -18.856321992965547], [47.48704999865856, -18.859200003377396], [47.48774995719481, -18.859631254378826], [47.491031603125975, -18.861397101994555], [47.491164380831606, -18.86146960713654], [47.49048315607291, -18.861606547803888], [47.489733687160026, -18.86173737577917], [47.48914776715577, -18.861844558779296], [47.48830631828196, -18.86199212943319], [47.488123041844915, -18.861963081331112], [47.48802025832828, -18.86205866757342], [47.487622602401245, -18.86227842321057], [47.4869842402307, -18.862730042957082], [47.48626380682941, -18.86314640658128], [47.48608957127681, -18.863177131019654], [47.48553542342103, -18.863201386634557], [47.48541093926349, -18.863211695563223], [47.48537168925225, -18.86305309562374], [47.48531200124802, -18.862804968174657], [47.485281429694396, -18.86267201420202], [47.48527339874852, -18.862575754367526], [47.485189348110055, -18.862213671123982], [47.485128247270836, -18.86195484264175], [47.48505346234748, -18.86164794000041], [47.48497418980713, -18.86133681324327], [47.484905207309566, -18.86100580157637], [47.48480465591018, -18.860621149846168], [47.48471315079132, -18.860256273308323], [47.48467671206072, -18.859895340297612], [47.48476856881456, -18.859593169888853], [47.48479029193851, -18.859518024337262], [47.48461694491624, -18.85945365536179], [47.48415162040112, -18.859380186146552], [47.48375248598853, -18.859205155593372], [47.48370005731198, -18.85918216532457], [47.483645347055244, -18.859144436066742], [47.483437872559875, -18.8590695279363], [47.483283333059546, -18.858200003127592], [47.483283333059546, -18.85808333677653], [47.483274727446826, -18.857898151078757], [47.48329999929558, -18.857816669803412], [47.48348333328926, -18.8575666690665], [47.48400000009991, -18.857166670405434], [47.484300000444705, -18.856866669161434], [47.48488333309939, -18.85631666987831], [47.485683334018745, -18.856850002925228], [47.48629729578374, -18.85669092814379], [47.48641666729554, -18.8564500033649], [47.48699999905091, -18.856100003412394], [47.487116667200496, -18.85548333738609], [47.487699998056655, -18.856100003412394], [47.488001374364046, -18.855943287552634], [47.488116666551036, -18.85588333694642], [47.48895000084184, -18.856150003919424], [47.4893621844173, -18.856321992965547]]]}}, {"type": "Feature", "properties": {"fokontany": "Amboavahy", "arrondissement": "6e Arrondissement", "pcode": "MG11101006009"}, "geometry": {"type": "Polygon", "coordinates": [[[47.485683334018745, -18.856850002925228], [47.48488333309939, -18.85631666987831], [47.484300000444705, -18.856866669161434], [47.48400000009991, -18.857166670405434], [47.48348333328926, -18.8575666690665], [47.48329999929558, -18.857816669803412], [47.483274727446826, -18.857898151078757], [47.483283333059546, -18.85808333677653], [47.483283333059546, -18.858200003127592], [47.483437872559875, -18.8590695279363], [47.483645347055244, -18.859144436066742], [47.48370005731198, -18.85918216532457], [47.48375248598853, -18.859205155593372], [47.48415162040112, -18.859380186146552], [47.48461694491624, -18.85945365536179], [47.48479029193851, -18.859518024337262], [47.48476856881456, -18.859593169888853], [47.48467671206072, -18.859895340297612], [47.48471315079132, -18.860256273308323], [47.48480465591018, -18.860621149846168], [47.484905207309566, -18.86100580157637], [47.48497418980713, -18.86133681324327], [47.48505346234748, -18.86164794000041], [47.485128247270836, -18.86195484264175], [47.485189348110055, -18.862213671123982], [47.48527339874852, -18.862575754367526], [47.485281429694396, -18.86267201420202], [47.48531200124802, -18.862804968174657], [47.48537168925225, -18.86305309562374], [47.48541093926349, -18.863211695563223], [47.485241517782015, -18.863225725886423], [47.484375980567165, -18.863274075238337], [47.48336250217773, -18.863310463606922], [47.48284904234947, -18.863284954337132], [47.48236140475518, -18.863260724802558], [47.481405012631285, -18.86313082133023], [47.480843293383316, -18.863090690882643], [47.48028751325825, -18.86305098491499], [47.47922158820586, -18.86295855889034], [47.47753509137141, -18.862746635448786], [47.475855051669384, -18.86253466074595], [47.474814623296254, -18.86238674655101], [47.47460838806683, -18.862354908751968], [47.474627087670115, -18.862205978323175], [47.47465070386693, -18.86204667601322], [47.47479518714823, -18.861468824726444], [47.47493539235461, -18.8609080866388], [47.47505597974981, -18.86097394758957], [47.47522108538493, -18.86107177044579], [47.47535306269384, -18.861092301968142], [47.47541566989736, -18.861130908064922], [47.475501704440205, -18.861134951416773], [47.475580466165695, -18.861114179775484], [47.47566574707656, -18.861088311676212], [47.47573092364331, -18.861065898772154], [47.47583243282071, -18.86102349214042], [47.47590238658597, -18.860975114010273], [47.47596905872507, -18.86091771657931], [47.47602716931857, -18.860857474592706], [47.47607723187889, -18.860800712083176], [47.47612788259579, -18.860731564110324], [47.476178999161675, -18.86064542164877], [47.476202618955824, -18.86058030983338], [47.47624538801432, -18.860448483610583], [47.476133406231895, -18.860296909174963], [47.47613997308133, -18.86019411306779], [47.47617406727937, -18.85988564200869], [47.476409809265306, -18.859603459032314], [47.4766671772486, -18.85932800388423], [47.477211994638026, -18.858989301215217], [47.47767723821414, -18.858582529759815], [47.47808333337929, -18.85811667014815], [47.47873698312537, -18.856755548030094], [47.48013241977549, -18.856664240761972], [47.48034999905326, -18.856650002695403], [47.481883097626906, -18.856496513603133], [47.48201666583651, -18.856250004034393], [47.48209999881601, -18.85576666969598], [47.482479052266456, -18.855517921714636], [47.48264999899828, -18.855450004014358], [47.48353333289708, -18.85488333579724], [47.484066666843376, -18.854900003832086], [47.484114012551686, -18.854960026383992], [47.484495478883275, -18.85498210114298], [47.484533333147, -18.85501666928377], [47.485683333119425, -18.855800003067657], [47.48556666496978, -18.856316668979048], [47.485683334018745, -18.856850002925228]]]}}, {"type": "Feature", "properties": {"fokontany": "Anosibe Zaivola", "arrondissement": "6e Arrondissement", "pcode": "MG11101006014"}, "geometry": {"type": "Polygon", "coordinates": [[[47.480843293383316, -18.863090690882643], [47.480807089375844, -18.86320671241981], [47.47950000032483, -18.866083336077054], [47.48056492263322, -18.866665937582923], [47.48051666681073, -18.869500002623], [47.480966665979, -18.87458333595214], [47.48036666618867, -18.87785000277529], [47.48060073723428, -18.879514724324963], [47.48058361144456, -18.87955932710122], [47.480595490589565, -18.87977074962032], [47.480572404093266, -18.880317276620985], [47.479977989093015, -18.879840956095165], [47.47965342466597, -18.879454279091647], [47.47908945981089, -18.87855776742697], [47.47841835961964, -18.877702743286875], [47.47751275580919, -18.877135268377856], [47.47632631530729, -18.876303539376806], [47.47574427407909, -18.875959173676847], [47.47467459885371, -18.87526686027735], [47.47335087144569, -18.874292440343822], [47.47187033195041, -18.873147248146893], [47.47071466534959, -18.87227749311171], [47.469825325778345, -18.87165793216775], [47.47038333262475, -18.870750002710338], [47.47148333298952, -18.865983335962085], [47.4745945996612, -18.86246471777241], [47.47460838806683, -18.862354908751968], [47.474814623296254, -18.86238674655101], [47.475855051669384, -18.86253466074595], [47.47753509137141, -18.862746635448786], [47.47922158820586, -18.86295855889034], [47.48028751325825, -18.86305098491499], [47.480843293383316, -18.863090690882643]]]}}, {"type": "Feature", "properties": {"fokontany": "Andohatapenaka I", "arrondissement": "1er Arrondissement", "pcode": "MG11101001014"}, "geometry": {"type": "Polygon", "coordinates": [[[47.50203854414366, -18.90438211024616], [47.50199118764323, -18.904708787180766], [47.50197186301119, -18.904814754297433], [47.50196569725921, -18.904848845797517], [47.501956343410654, -18.904904671213558], [47.501901562107435, -18.905229779730462], [47.503566665869016, -18.905133337333552], [47.50408495325797, -18.905023852069064], [47.50413055608033, -18.905009944952894], [47.504175305446154, -18.90499628694903], [47.50459999859112, -18.90486666856185], [47.50464999909832, -18.904833336988816], [47.505033333321705, -18.905100002163294], [47.505919098087986, -18.90522681106836], [47.50586996362807, -18.905990716798044], [47.505658039287255, -18.908326836214428], [47.505482602240306, -18.91039024701223], [47.505314723995355, -18.910399408405908], [47.505214776041214, -18.910390294676233], [47.50475750675372, -18.91034860210624], [47.50420947518728, -18.910298631276703], [47.503663327700394, -18.91027078916551], [47.50344060160256, -18.910260823777946], [47.50313870099035, -18.910239177096287], [47.50286092019536, -18.910211715398304], [47.502616479966605, -18.910187547916962], [47.502032273170926, -18.910140349697315], [47.501435891353424, -18.910104878637185], [47.50119214090461, -18.910091008393294], [47.49831729520713, -18.909847220172992], [47.4983237640306, -18.909778871697483], [47.49841066821796, -18.909032753658607], [47.49848059230561, -18.908387083597006], [47.498417049807074, -18.908082405878304], [47.49801870769738, -18.907462853927484], [47.49785589533343, -18.90705314708498], [47.497674053314995, -18.906585881832882], [47.4978500011768, -18.90658333675151], [47.49811666725054, -18.906633334560695], [47.499199999580355, -18.906766668946545], [47.49916855298642, -18.906496171760807], [47.49914885963227, -18.906326760171794], [47.49909667557125, -18.90609763719607], [47.49904552303252, -18.90587301802526], [47.498970414353266, -18.905609317915605], [47.49888567213611, -18.905308926365763], [47.49883972937005, -18.90512445922633], [47.49881407710808, -18.905021466167625], [47.49871666614132, -18.904733335974583], [47.498601727387836, -18.904544428882218], [47.498500535671326, -18.90443341387089], [47.49861007309653, -18.904377484133533], [47.49871125042398, -18.904325822578585], [47.49881540900407, -18.904271954087392], [47.49890846185605, -18.904223825968757], [47.499041967113214, -18.904151968338624], [47.499161927680916, -18.90407779585354], [47.49925610738353, -18.90407449983826], [47.49937784321298, -18.90407023974973], [47.499410363597576, -18.904069101207938], [47.49947461566114, -18.904061503735306], [47.49958083458796, -18.904048944702936], [47.49968491043029, -18.904036640178674], [47.49977219413148, -18.904027926647473], [47.499862514843244, -18.904021042337206], [47.49995677278696, -18.90401612214623], [47.50007465502142, -18.904015453050647], [47.500175514888156, -18.904014881081878], [47.5003430396996, -18.90403360226884], [47.50042267556603, -18.90404250016121], [47.50050557507234, -18.90405464010945], [47.50058736211719, -18.90406916416049], [47.50069715494982, -18.90408866416044], [47.50082363470307, -18.904113356845812], [47.500927860732304, -18.904135281418064], [47.50099366322712, -18.904149121984346], [47.50112111334886, -18.90417427332403], [47.501211795588006, -18.904190578032626], [47.501285759430345, -18.904206381818994], [47.501350219237224, -18.904220155835503], [47.501399225993566, -18.90423519429868], [47.50147444439028, -18.9042616622458], [47.501576404127775, -18.904302837705757], [47.50166879777697, -18.90437523402977], [47.501752029133, -18.90437320605855], [47.501925929238325, -18.904379601137634], [47.50203854414366, -18.90438211024616]]]}}, {"type": "Feature", "properties": {"fokontany": "Andohatapenaka IIi", "arrondissement": "1er Arrondissement", "pcode": "MG11101001016"}, "geometry": {"type": "Polygon", "coordinates": [[[47.50595902259096, -18.90466614672522], [47.505956001768254, -18.90470085426091], [47.505919098087986, -18.90522681106836], [47.505033333321705, -18.905100002163294], [47.50464999909832, -18.904833336988816], [47.50459999859112, -18.90486666856185], [47.504175305446154, -18.90499628694903], [47.50413055608033, -18.905009944952894], [47.50408495325797, -18.905023852069064], [47.503566665869016, -18.905133337333552], [47.501901562107435, -18.905229779730462], [47.501956343410654, -18.904904671213558], [47.50196569725921, -18.904848845797517], [47.50197186301119, -18.904814754297433], [47.50199118764323, -18.904708787180766], [47.50203854414366, -18.90438211024616], [47.502074011606396, -18.904254616956905], [47.50203625536898, -18.904100757344054], [47.50182948414357, -18.903982876008854], [47.501622687736926, -18.90391390610182], [47.5013133272484, -18.903810725984158], [47.5011209352831, -18.903688812988264], [47.50099566241994, -18.90360943162989], [47.500785507944954, -18.90344872367956], [47.50062847372516, -18.903328638106075], [47.500399477554026, -18.903153495137587], [47.50008309156158, -18.902911361669908], [47.49983966037206, -18.902725060812884], [47.49966570360948, -18.90257873392136], [47.49957205360738, -18.902498213121987], [47.499546351882714, -18.902476112282727], [47.499471939278635, -18.90234346857619], [47.49942669618514, -18.902168642168988], [47.49940642636551, -18.901711593215396], [47.49939999981024, -18.901566669266344], [47.499383332674824, -18.90140000420672], [47.49935313164184, -18.90103060138108], [47.49932505930417, -18.900687216841504], [47.499233843767, -18.899571488233505], [47.49907648309335, -18.89911716332631], [47.499005772998146, -18.898537140176813], [47.498900311300474, -18.897628745769907], [47.498788157747356, -18.896655333976412], [47.49870329232317, -18.895918737959278], [47.49869587831222, -18.89572103729597], [47.49870019865523, -18.89561785268171], [47.49869930113198, -18.895474385634373], [47.498704797788264, -18.895348815994964], [47.4987104419335, -18.895247158429584], [47.498716160722324, -18.895157454652747], [47.49871567508836, -18.89507974333543], [47.49872135880372, -18.89498406266432], [47.498720873169816, -18.894906351346947], [47.4987392643057, -18.894834509904626], [47.49874016632566, -18.894755970311678], [47.49881477498201, -18.894736768886673], [47.49892083472878, -18.89474381237693], [47.49901504231042, -18.894743278179703], [47.49919104233277, -18.894766192006102], [47.499329245648255, -18.894771385590843], [47.4994990430464, -18.89480629187682], [47.499605809660466, -18.89480568663305], [47.49970672078865, -18.89482338079432], [47.49983837074427, -18.894834257195157], [47.49991373483118, -18.894833830017205], [47.499957023697675, -18.89472597972008], [47.49997006656548, -18.89459865910078], [47.499993284362745, -18.89449861042243], [47.50000000139909, -18.894450002065923], [47.50018333269463, -18.89441667139215], [47.502666665734125, -18.895633336309402], [47.503933332057784, -18.896266670370494], [47.50494062491009, -18.89775277397132], [47.50502129499688, -18.897871790250804], [47.50506162869135, -18.898011044873726], [47.50509811418664, -18.898137020107356], [47.5051265948166, -18.898235363671063], [47.505186181197416, -18.898667996031122], [47.505263325042506, -18.899261001793775], [47.50531783564975, -18.89970589281262], [47.505394449794096, -18.900331166250282], [47.50539873056715, -18.900375283392577], [47.505405622071976, -18.900481850356982], [47.505414215993426, -18.900677895368517], [47.505493341044996, -18.901218004806992], [47.50555012244024, -18.901627306954538], [47.505695932221556, -18.902860681275342], [47.50572208630524, -18.903080573609486], [47.50579358240799, -18.90366615996527], [47.50582044605687, -18.90393548983093], [47.50580806329168, -18.904213224760497], [47.50581666620633, -18.904433337428486], [47.50595902259096, -18.90466614672522]]]}}, {"type": "Feature", "properties": {"fokontany": "Andavamamba Anatihazo II", "arrondissement": "1er Arrondissement", "pcode": "MG11101001011"}, "geometry": {"type": "Polygon", "coordinates": [[[47.512646114226925, -18.919040245710676], [47.51263125832588, -18.919296669405696], [47.512799999920105, -18.91928333605705], [47.51300401382417, -18.91929812810605], [47.51326927965357, -18.919315582148272], [47.513543720366386, -18.91932892538955], [47.51367951529744, -18.919343851437475], [47.51385211228535, -18.91936688577306], [47.51400643594832, -18.919387482046545], [47.514150858075766, -18.919406757216052], [47.51416666635862, -18.921416670043243], [47.513339560772295, -18.921772152262974], [47.51115148415374, -18.921558154984837], [47.511028044109025, -18.921558862751226], [47.50974999866355, -18.921183337341063], [47.50941048840349, -18.921136343267563], [47.50901837230015, -18.921125406612134], [47.50865345799076, -18.92110676996134], [47.508541811655334, -18.921102226586413], [47.50825453401956, -18.920875881616553], [47.508131112860724, -18.920797690061306], [47.50801947102184, -18.920726960181014], [47.507696641386985, -18.92047490898983], [47.50755433086772, -18.920356547416645], [47.50755403678954, -18.920309913971266], [47.50757509531445, -18.920195798996815], [47.507649998948466, -18.919816670003286], [47.50766158401507, -18.919396043592428], [47.50766490161408, -18.919059222305236], [47.50769629334934, -18.91885696028038], [47.507841503282805, -18.918483210131967], [47.50786207077806, -18.918395465078618], [47.50829684172584, -18.91820873164761], [47.508819679684564, -18.917974630025128], [47.508924900364036, -18.91789696996915], [47.509077875044056, -18.917784061884845], [47.50920441235394, -18.917640646998223], [47.50941569098143, -18.917772014566765], [47.50970110881923, -18.917864796722938], [47.509907863856824, -18.917934681240524], [47.510195928399355, -18.918039014289036], [47.51039442856006, -18.918110907892014], [47.51057551424873, -18.91817649365015], [47.51062578994839, -18.918194704022312], [47.51060566671822, -18.918273314661633], [47.510569440227584, -18.91844240968942], [47.51056659567189, -18.918537548968686], [47.511799999670416, -18.918966668576786], [47.51193901867077, -18.91897256992803], [47.512104044266266, -18.918994040342625], [47.512222908560545, -18.919011586115744], [47.512382217165566, -18.919028310807846], [47.51250866634206, -18.919034029596673], [47.512646114226925, -18.919040245710676]]]}}, {"type": "Feature", "properties": {"fokontany": "Andavamamba Anatihazo I", "arrondissement": "1er Arrondissement", "pcode": "MG11101001010"}, "geometry": {"type": "Polygon", "coordinates": [[[47.511737044429196, -18.914824214066186], [47.511800000569565, -18.914933336004594], [47.51183438974533, -18.914952073379368], [47.511827538710065, -18.91501416976803], [47.51180020471577, -18.915110311791352], [47.51178428671557, -18.915189357702673], [47.51186653870991, -18.915227910739418], [47.51211972394623, -18.915270787716622], [47.51240321813418, -18.915311373221243], [47.512569840925494, -18.915361062562965], [47.512733334076245, -18.91543333567978], [47.512752756734415, -18.915874400083453], [47.512728084733396, -18.91596586743077], [47.5125024367382, -18.91622190981326], [47.512550000981946, -18.916500003572196], [47.51263761293552, -18.91658145157271], [47.51274540117947, -18.916569834130428], [47.51279539629064, -18.916672947698316], [47.512801359695175, -18.916870186110145], [47.51279260659362, -18.917100237186105], [47.512777132858446, -18.917506980762425], [47.51271416232885, -18.918158735637064], [47.512646114226925, -18.919040245710676], [47.51250866634206, -18.919034029596673], [47.512382217165566, -18.919028310807846], [47.512222908560545, -18.919011586115744], [47.512104044266266, -18.918994040342625], [47.51193901867077, -18.91897256992803], [47.511799999670416, -18.918966668576786], [47.51056659567189, -18.918537548968686], [47.510569440227584, -18.91844240968942], [47.51060566671822, -18.918273314661633], [47.51062578994839, -18.918194704022312], [47.51057551424873, -18.91817649365015], [47.51039442856006, -18.918110907892014], [47.510195928399355, -18.918039014289036], [47.509907863856824, -18.917934681240524], [47.50970110881923, -18.917864796722938], [47.50941569098143, -18.917772014566765], [47.50920441235394, -18.917640646998223], [47.50926419029031, -18.917572893873853], [47.50942702963374, -18.91729786140712], [47.50945595273021, -18.917244408402667], [47.50963519211052, -18.916893198861942], [47.50978576829863, -18.916392509406705], [47.50991715295436, -18.916068008831417], [47.509998145897896, -18.91586336360325], [47.510079791749035, -18.91563820393992], [47.510126548401615, -18.915509260943566], [47.510184524096644, -18.91534093123886], [47.51024508624181, -18.915169624778287], [47.510297264007534, -18.91504042997184], [47.5103412039835, -18.914929051634317], [47.51039583869709, -18.914790568629712], [47.510451204559615, -18.91480589127883], [47.5105392913552, -18.914829298833013], [47.51066579179292, -18.914872520250583], [47.51087309541714, -18.91488475372836], [47.510871253605615, -18.914934229031417], [47.51100919162093, -18.914928185587257], [47.51110548922708, -18.914901927182143], [47.51135819062807, -18.914832620928678], [47.5115160576201, -18.91478871332839], [47.51164847739551, -18.91478270136048], [47.511737044429196, -18.914824214066186]]]}}, {"type": "Feature", "properties": {"fokontany": "Manarintsoa Anatihazo", "arrondissement": "1er Arrondissement", "pcode": "MG11101001041"}, "geometry": {"type": "Polygon", "coordinates": [[[47.513143569720114, -18.913218641826745], [47.51297580209166, -18.913295061717633], [47.512679811824, -18.913438740105732], [47.512484774952554, -18.913529943052367], [47.512351440566704, -18.913587631863606], [47.51230624693585, -18.913607187621494], [47.51220732780604, -18.91370862395371], [47.51216115121622, -18.913755975058166], [47.51209077566887, -18.913948010891886], [47.51203593411111, -18.91404699297425], [47.511970565988975, -18.914160583643934], [47.51192988695476, -18.91425509879366], [47.51190092608692, -18.914322388767175], [47.51189377287949, -18.914392924393837], [47.51187992062182, -18.914559586755445], [47.51186768804354, -18.914702348734295], [47.51185141301244, -18.914816759585676], [47.5118394196536, -18.914906496637457], [47.51183438974533, -18.914952073379368], [47.511800000569565, -18.914933336004594], [47.511737044429196, -18.914824214066186], [47.51164847739551, -18.91478270136048], [47.5115160576201, -18.91478871332839], [47.51135819062807, -18.914832620928678], [47.51110548922708, -18.914901927182143], [47.51100919162093, -18.914928185587257], [47.510871253605615, -18.914934229031417], [47.51087309541714, -18.91488475372836], [47.51066579179292, -18.914872520250583], [47.5105392913552, -18.914829298833013], [47.510451204559615, -18.91480589127883], [47.51039583869709, -18.914790568629712], [47.51043709059928, -18.914666675326714], [47.510454309019224, -18.914614966107763], [47.510479007100685, -18.91454079182398], [47.510516551997455, -18.914438943602306], [47.510556294837215, -18.91433113287536], [47.510607295390514, -18.91419278476917], [47.51068351203452, -18.91398602973146], [47.5107215407665, -18.913878425848566], [47.51076911130548, -18.913743821620017], [47.51082797912812, -18.913577252787945], [47.51086137815014, -18.913482745732097], [47.51087986461425, -18.91341973383362], [47.510910363322694, -18.913315776701666], [47.51093683396772, -18.913225545922103], [47.51097450117237, -18.913097150612884], [47.51104300163331, -18.912964776703006], [47.51113076197527, -18.912832292176518], [47.51123743416031, -18.912644707087452], [47.511347958141926, -18.912457097716867], [47.5114213958808, -18.91234250070579], [47.511532404596835, -18.912353099216034], [47.51162120005847, -18.912336137102955], [47.51170179280359, -18.91232074160888], [47.51174759797334, -18.912300862994357], [47.51180723741413, -18.912274510160387], [47.5118568206359, -18.9122525990781], [47.51193274769827, -18.912230714076145], [47.51198378512373, -18.91221600206677], [47.512027615382294, -18.912209488277142], [47.512077915363534, -18.912202012213015], [47.51213066060154, -18.912189138417943], [47.51217198624829, -18.912179056118475], [47.512247302670914, -18.9121696564045], [47.51231511335186, -18.91216339622366], [47.51235088118841, -18.912160093913087], [47.51247770628123, -18.912119119901433], [47.51254915112253, -18.91220039882927], [47.512624552081434, -18.912364421680593], [47.5125514309039, -18.91237468204588], [47.51249586988854, -18.912527440888596], [47.51252518688784, -18.912693161660002], [47.51253551829967, -18.91283657384878], [47.51275000031245, -18.913016670283014], [47.51297001135703, -18.91311906888984], [47.513143569720114, -18.913218641826745]]]}}, {"type": "Feature", "properties": {"fokontany": "Antohomadinika Avaratra Antani", "arrondissement": "1er Arrondissement", "pcode": "MG11101001025"}, "geometry": {"type": "Polygon", "coordinates": [[[47.516533716158165, -18.895021178584443], [47.51657344281017, -18.895080544631355], [47.51723237427478, -18.8959829450568], [47.5173927917441, -18.89619308424335], [47.51774973985874, -18.896683804713746], [47.518002683177315, -18.89704023571818], [47.5181391786802, -18.89723582117614], [47.51799291564066, -18.89734362290983], [47.51793284722322, -18.89739859576855], [47.51786674525414, -18.897490995712758], [47.517701752034384, -18.89770152430583], [47.51752679522548, -18.897940229557832], [47.51736287579615, -18.898208804892306], [47.51722925722453, -18.89839654916136], [47.51711884206094, -18.8985988246759], [47.517092907411836, -18.898760283560136], [47.51719855886654, -18.899019973592885], [47.51730536055402, -18.899207561379797], [47.517402286786194, -18.89938025639367], [47.517551631802405, -18.899648484589818], [47.51761402316879, -18.89975531775366], [47.517548226969154, -18.89979763984917], [47.517490447326395, -18.89977524583088], [47.517173528035926, -18.89969303430604], [47.51701112306506, -18.899609928855057], [47.516730592143176, -18.89946447700396], [47.5164574653399, -18.899325983207518], [47.51598336434091, -18.898824473570528], [47.5158786203022, -18.898551945715667], [47.515838449385114, -18.898385738411037], [47.515750156644515, -18.89802043199728], [47.51559721523938, -18.89736143668091], [47.515347391668854, -18.897446853389454], [47.5147978438456, -18.897416857401993], [47.51434587156484, -18.897392187199557], [47.51397091812356, -18.897373290644794], [47.513615280321005, -18.89735837808655], [47.51335159639916, -18.897345827148115], [47.51336596127027, -18.89720843232317], [47.513374600157704, -18.897118534292815], [47.513404581756106, -18.896944535262037], [47.51347378728559, -18.896737989766393], [47.513588140580396, -18.896502422248886], [47.51368784122104, -18.89633884905851], [47.51418856574969, -18.895766105920984], [47.51426242437151, -18.895665288322334], [47.51428839859091, -18.895629032154034], [47.514315195689846, -18.89559624736887], [47.51437852774694, -18.895513489056214], [47.514424895892375, -18.8954455515709], [47.514469861994655, -18.895395152664037], [47.51452377455263, -18.895342075576252], [47.51456835844317, -18.895298964775293], [47.51504024261317, -18.89515172417265], [47.515482672187716, -18.895024530357716], [47.516055990891346, -18.894886995238608], [47.51637661898593, -18.894838824851774], [47.51641043529338, -18.894836949765306], [47.516533716158165, -18.895021178584443]]]}}, {"type": "Feature", "properties": {"fokontany": "Antohomadinika IIig Hangar", "arrondissement": "1er Arrondissement", "pcode": "MG11101001027"}, "geometry": {"type": "Polygon", "coordinates": [[[47.51832749132086, -18.901341932284254], [47.518279344316454, -18.901493440170043], [47.51817387722275, -18.901716766115783], [47.51808518068657, -18.90185201066174], [47.51798478127279, -18.902024649018244], [47.51795818292385, -18.90207038404094], [47.517849954911526, -18.90225647985261], [47.51782437009871, -18.902299653606065], [47.51775495772523, -18.9024167390412], [47.51765089896986, -18.90258971374419], [47.51760311978819, -18.902669137370708], [47.51758194704939, -18.902700792607448], [47.517482937987324, -18.902848819217525], [47.51735077721662, -18.903046614309744], [47.51730929598733, -18.90310888966343], [47.51720399976489, -18.90326707231742], [47.51716744861898, -18.903321984022284], [47.51708431978557, -18.903462278261486], [47.51703667460299, -18.903543594960865], [47.516928934023156, -18.9037274802389], [47.51689526610369, -18.9037823550716], [47.51672131743487, -18.904062343702094], [47.51667672275266, -18.904132926093553], [47.51652520587362, -18.904372992919264], [47.51641514324439, -18.904553172990518], [47.51631451720124, -18.904717903608343], [47.51612809763378, -18.90503552706781], [47.51608937462498, -18.905101191966367], [47.51606854182978, -18.905123495153134], [47.515926486718115, -18.90506284397503], [47.51563961377724, -18.90494036260759], [47.51532188599623, -18.904732092212157], [47.51505655181853, -18.904663584556715], [47.51485284098595, -18.904664757272656], [47.5146665805982, -18.904665829264502], [47.51462077812653, -18.904671848426972], [47.51460844032732, -18.904562865883463], [47.51448333293956, -18.90433333731363], [47.51436038212597, -18.904298179217562], [47.51400394662494, -18.904125916777616], [47.51383333444102, -18.903833336739012], [47.51389470058001, -18.903664071739456], [47.51391357195382, -18.90359882772367], [47.51401507843332, -18.90350134930776], [47.51399999860115, -18.903300003692095], [47.513818933596895, -18.903275312805363], [47.51363333421108, -18.903250002285745], [47.513563055790485, -18.903249200989706], [47.5135683536966, -18.903120397388363], [47.513599999040764, -18.902766669745972], [47.5136047375687, -18.90256765877035], [47.51361666527697, -18.902066669840906], [47.51372548504315, -18.901959779120432], [47.51374673422458, -18.90160298568918], [47.51385255744958, -18.901412255671005], [47.513933333656496, -18.90126666982087], [47.51408406003151, -18.901231125016352], [47.5142079803141, -18.901201899747832], [47.51447016596558, -18.90123762441675], [47.51462509757039, -18.901258735102488], [47.51468333406865, -18.90126666982087], [47.514786995323675, -18.901272628728748], [47.51490100417817, -18.901279185685837], [47.515062873153056, -18.90128849366903], [47.51530541491309, -18.901302441254643], [47.51541900018674, -18.90130897303061], [47.515549999932716, -18.901350001900994], [47.51598333286455, -18.901400003307458], [47.516157974011435, -18.901273149436236], [47.51633333371649, -18.90130000319249], [47.51643333293197, -18.901333335664845], [47.516550000182406, -18.901383336171932], [47.51664061497257, -18.901378608436005], [47.51668479236946, -18.90120046263121], [47.51672509368814, -18.901037938050308], [47.51711189929489, -18.901035707731694], [47.517543792412255, -18.9010332184082], [47.51771607283865, -18.90103222375808], [47.51778655810335, -18.901023209853122], [47.517957101938805, -18.90100139769629], [47.518094578602074, -18.900983816849646], [47.518159643652666, -18.90096763894536], [47.518275624720445, -18.900910450157085], [47.51829848638607, -18.900970598614208], [47.51831976794301, -18.901036768032327], [47.518337677941474, -18.90112740260747], [47.51833837941274, -18.901237384297815], [47.51832749132086, -18.901341932284254]]]}}, {"type": "Feature", "properties": {"fokontany": "Faravohitra Ambony", "arrondissement": "1er Arrondissement", "pcode": "MG11101001036"}, "geometry": {"type": "Polygon", "coordinates": [[[47.531509812328125, -18.914226934725207], [47.53139999971023, -18.914033336769023], [47.53137455069509, -18.913820336838967], [47.53132469318018, -18.913568163340017], [47.53120208320962, -18.913253297201777], [47.53114283227586, -18.91309225740173], [47.53106094180902, -18.912869684188536], [47.53094606420967, -18.91265433522932], [47.530875628407614, -18.912522296766554], [47.530760687855604, -18.91228794333381], [47.53060290719844, -18.911960039723965], [47.53043861365114, -18.911586101617274], [47.53039130211687, -18.911472030709604], [47.530266154259664, -18.911158705110097], [47.53016432402438, -18.910918921570953], [47.53004103326725, -18.9106308246528], [47.529943932566596, -18.91041117063895], [47.529825882158775, -18.910176880158872], [47.52972433880723, -18.90988787132818], [47.52964154901838, -18.90963859724343], [47.52960168836739, -18.909532056359296], [47.52950659315479, -18.909277897157153], [47.52938376824636, -18.908928604071775], [47.52926164480908, -18.908688325905416], [47.52903333302203, -18.908333334715564], [47.52892061109742, -18.90815669167796], [47.528862310747115, -18.908084234199976], [47.52869941114892, -18.90788371686], [47.52859957021411, -18.907765550439706], [47.52843464624203, -18.907570355287646], [47.5281343131482, -18.907244357341142], [47.528021707236064, -18.907123376042932], [47.528042674929566, -18.906888890409903], [47.528065063551935, -18.90667896885924], [47.528118033620444, -18.906478552243357], [47.52818333339417, -18.90631666977839], [47.52825848614026, -18.906171117203257], [47.52834255566438, -18.906060889998002], [47.52843016222232, -18.905973235776173], [47.52851411213675, -18.905902996026327], [47.528617422656, -18.906166330112], [47.528716666441085, -18.90636667028548], [47.528849922585835, -18.906560894169843], [47.528928669022946, -18.90663492815935], [47.52905008199582, -18.906749077308007], [47.52907909862154, -18.906778681191156], [47.52909999886589, -18.90680000321754], [47.52919612560072, -18.906898709208008], [47.52931710869768, -18.907022937958175], [47.529363061356264, -18.90711441609733], [47.529414820937404, -18.907217455920772], [47.52941581918475, -18.90737237223709], [47.52943434701757, -18.90744111911232], [47.52948298235384, -18.907503952045715], [47.52958466869762, -18.907703573660967], [47.5297200337526, -18.907954957555205], [47.52978240803168, -18.908069177750292], [47.52983597255218, -18.908036651969894], [47.529899632861884, -18.90799799461172], [47.52998668184006, -18.90796554617299], [47.53006666574419, -18.907950003190024], [47.53021521396113, -18.908015319151616], [47.53036723625894, -18.908092086180716], [47.530551965101154, -18.908193021590648], [47.530764037830124, -18.90829239937466], [47.53112796198599, -18.908520249809612], [47.53125961643832, -18.908639259793972], [47.53134519142753, -18.908763457967154], [47.531549977849295, -18.909100939356847], [47.531810356762605, -18.909535302012557], [47.53191088208166, -18.909708677813114], [47.532158912403986, -18.910021836138696], [47.532286602644774, -18.910183104366695], [47.53242698681612, -18.91036260904707], [47.532556809349444, -18.91052860770901], [47.532580962441614, -18.910571962226243], [47.5327179930411, -18.91074364190547], [47.53281242905052, -18.91090150799812], [47.53272942162556, -18.91095438723511], [47.53260412987686, -18.91104136067014], [47.532505512919215, -18.911121188991615], [47.53242139842894, -18.911198741128942], [47.53238440931318, -18.91131753887322], [47.53236632034958, -18.91143981969185], [47.53234839416319, -18.911587252749428], [47.53230790668459, -18.91174919187165], [47.532248380558485, -18.911886087572782], [47.53219370627471, -18.91194253082307], [47.532121417869234, -18.912016822018643], [47.53200832542399, -18.912131840811696], [47.53192961855717, -18.912222136342393], [47.531866292795314, -18.912355460835727], [47.53183053485128, -18.91254519980106], [47.53181925195702, -18.912671952948244], [47.531812285808485, -18.912826031995735], [47.531806585005995, -18.913049331861146], [47.53177747035414, -18.913218390016652], [47.53177679136593, -18.913287341037858], [47.531751399907364, -18.91335910693715], [47.531710754148094, -18.91360033478753], [47.53165165070328, -18.91378429111205], [47.53159798455937, -18.913876411367198], [47.531566665669175, -18.914033336769023], [47.531509812328125, -18.914226934725207]]]}}, {"type": "Feature", "properties": {"fokontany": "Soarano Ambondrona Tsiazotafo", "arrondissement": "1er Arrondissement", "pcode": "MG11101001044"}, "geometry": {"type": "Polygon", "coordinates": [[[47.52911666600147, -18.903133336833946], [47.52917104980418, -18.90324949416879], [47.52928529697891, -18.90348876689302], [47.52910642092468, -18.903783312849555], [47.529026158230806, -18.903979449591816], [47.52897997264779, -18.90407024694423], [47.52889525830966, -18.90423679239393], [47.52884780558185, -18.904357564150246], [47.528778813191764, -18.90445883500712], [47.528710444031844, -18.904559190354234], [47.52865160858488, -18.90466688057205], [47.52859723197679, -18.90476641303951], [47.52852066999304, -18.905048015053808], [47.52849514633391, -18.90540122378735], [47.528488092951136, -18.905490816947577], [47.528481829173245, -18.90557038716355], [47.52848323121634, -18.905788417901135], [47.52851411213675, -18.905902996026327], [47.52843016222232, -18.905973235776173], [47.52834255566438, -18.906060889998002], [47.52825848614026, -18.906171117203257], [47.52818333339417, -18.90631666977839], [47.528118033620444, -18.906478552243357], [47.528065063551935, -18.90667896885924], [47.528042674929566, -18.906888890409903], [47.528021707236064, -18.907123376042932], [47.527982092999366, -18.90706525285907], [47.52792432774561, -18.9069804962528], [47.527838785131905, -18.90680312116706], [47.52778959941065, -18.906654222214513], [47.527778845317584, -18.90655104569413], [47.52776389858519, -18.906407644297246], [47.52772063040288, -18.906241497247265], [47.527653431261, -18.906104178864723], [47.52754976730802, -18.905921171324906], [47.52746666635363, -18.905816670103206], [47.52724999898834, -18.905550003130088], [47.527230293043715, -18.905521037765652], [47.52716804736758, -18.90541871919845], [47.52710424856241, -18.905305353359324], [47.527041584701465, -18.905194002900885], [47.52697157068161, -18.905069593386997], [47.52689999903578, -18.90491666996826], [47.52678839586781, -18.90470917209052], [47.52668247911316, -18.904530948944057], [47.52661849594682, -18.904423286605322], [47.52654321369852, -18.904301807082675], [47.52644844943643, -18.90415354395077], [47.52639526532937, -18.904104062352474], [47.52628788178038, -18.9040041512705], [47.526202822102675, -18.903925009131797], [47.5261281423999, -18.903866509132], [47.52601359395237, -18.903776779274892], [47.52592675541547, -18.903708753655962], [47.525799998671175, -18.903633337408564], [47.52575054225372, -18.903596006550345], [47.525646877401584, -18.903547013283912], [47.52551900819566, -18.90348657884249], [47.525229018204755, -18.90335752343094], [47.52496790724325, -18.90324101895777], [47.52471746134188, -18.90312271494122], [47.52446666560411, -18.903016669583508], [47.524342646396065, -18.90297480884027], [47.52421274022578, -18.902944094294412], [47.524047647181305, -18.902978941225115], [47.52385192682493, -18.902997021195517], [47.52339680242068, -18.903020393676172], [47.523016553771015, -18.903035059820127], [47.522712893185656, -18.903053862845468], [47.522489114880784, -18.903060596968885], [47.52250181330817, -18.902960881039746], [47.5225897238368, -18.90289555068904], [47.52293831095437, -18.90265316181393], [47.523023182673796, -18.902622307873173], [47.523116013393405, -18.90258887737474], [47.523259414790346, -18.90256527376829], [47.52344999911821, -18.90253333704385], [47.5236392596442, -18.902517527861505], [47.5238067979455, -18.902526676664706], [47.52404093913816, -18.90255821139226], [47.524179252170825, -18.90257005996017], [47.52432289728404, -18.902584406844824], [47.52444276432209, -18.90262166485786], [47.52456264574954, -18.902661451764516], [47.52478333308443, -18.902750002610446], [47.524999938396434, -18.902866390171653], [47.52509858683038, -18.902911360770645], [47.52521604728281, -18.902918691144635], [47.52536156208657, -18.902948207793486], [47.52557431290421, -18.902960467351647], [47.52566300944039, -18.90297344636741], [47.52574483425684, -18.90302020122124], [47.52585164223956, -18.90309379993886], [47.52594107532042, -18.903221476689737], [47.52600174088775, -18.903285223334365], [47.526069387891994, -18.903332060026514], [47.526186461635916, -18.90334824692394], [47.52650880833494, -18.903316010725234], [47.52667528723475, -18.903298175370367], [47.52698019338135, -18.903309896234646], [47.52734533342044, -18.90331789210694], [47.527579328923025, -18.903326650604356], [47.52764673760703, -18.903336378570884], [47.52768950936348, -18.90337323998301], [47.52792167384632, -18.903648524259893], [47.52796092295836, -18.903688777914738], [47.528021372688386, -18.903718789190748], [47.52812439992118, -18.90375529806846], [47.52823092731552, -18.903785040447133], [47.52841666609635, -18.903800003367394], [47.52856390669899, -18.903752737698653], [47.5287316410525, -18.90362618779824], [47.528969431694065, -18.90342651042505], [47.529039647162165, -18.90332151907279], [47.52908168057519, -18.903243680950993], [47.52911666600147, -18.903133336833946]]]}}, {"type": "Feature", "properties": {"fokontany": "Amboasarikely Ambatomena", "arrondissement": "1er Arrondissement", "pcode": "MG11101001008"}, "geometry": {"type": "Polygon", "coordinates": [[[47.52305473898514, -18.90713231890129], [47.52296621781676, -18.907211043754614], [47.52317986705731, -18.90725949472983], [47.52337477262773, -18.907316062985842], [47.52376003499768, -18.90748028998337], [47.52405505129968, -18.90763487175184], [47.52419933673008, -18.907752425733747], [47.524259591307214, -18.90780151792569], [47.52443412093794, -18.907939943373663], [47.52461843699143, -18.90805763764979], [47.524849443147275, -18.90812084829838], [47.52508927165263, -18.9081495789398], [47.52526582655668, -18.90818297976068], [47.52542462974287, -18.908268125773304], [47.5256499998477, -18.908366669885822], [47.52568040592604, -18.908399710078527], [47.52556098944814, -18.90869978866425], [47.52542437523482, -18.909043084170946], [47.525341019772384, -18.909252546168034], [47.52520027317422, -18.909185107806366], [47.525026025930345, -18.909107676178223], [47.524885155225775, -18.909046223704195], [47.52476555708495, -18.909017589290272], [47.52468081576717, -18.909018081219415], [47.52456547141941, -18.909051744642227], [47.52450405042168, -18.90916939844891], [47.52447424688904, -18.90924291532815], [47.5244911109761, -18.90947011915057], [47.52453506264311, -18.909623226930307], [47.52457843424753, -18.90974105790343], [47.524612846805496, -18.909832359775464], [47.52464708129787, -18.909911456948123], [47.524711574379694, -18.910060462020624], [47.52456504963749, -18.910131255752788], [47.52444084157162, -18.910191266613595], [47.52420466970983, -18.910305370796152], [47.52411596957637, -18.91033737137252], [47.523832839614045, -18.910439510974584], [47.523599764117876, -18.91052220273741], [47.5232823358113, -18.910643425053934], [47.52300254772956, -18.91071378891013], [47.522799999720405, -18.910733335674877], [47.522521492273086, -18.910751558637457], [47.522185554120085, -18.910775565140113], [47.521963194046236, -18.910791455261347], [47.52161103931809, -18.910785877666058], [47.52145466699926, -18.9107834009331], [47.521116816887684, -18.91073523324434], [47.52091102682249, -18.910705892862552], [47.52075744510006, -18.910652704258837], [47.520547243860335, -18.910575701607286], [47.52048238385498, -18.91053972962476], [47.52030477404617, -18.910474767096787], [47.5202196801942, -18.910420267281438], [47.52015264113152, -18.910369568900364], [47.52011323373881, -18.910339768065796], [47.520127263162635, -18.91024342459434], [47.520154441574334, -18.910056778397575], [47.52015836081972, -18.90986611582855], [47.52014119905721, -18.90968589079114], [47.52012532962044, -18.909519243718023], [47.520257636980546, -18.90928423108238], [47.52038078474561, -18.909092678184493], [47.5204913060291, -18.908920767379414], [47.52082282671216, -18.90855712201352], [47.52103257019695, -18.90836515902481], [47.52112919875367, -18.908276722392714], [47.5213543539204, -18.908108550968734], [47.52153813038058, -18.907971285646283], [47.521376701174006, -18.907625158174426], [47.52136564760673, -18.907503016750695], [47.521369972446394, -18.907375899378223], [47.52138923502531, -18.907175371246353], [47.52144792388265, -18.90698276164511], [47.521614460339265, -18.90678871402787], [47.521913058640905, -18.906548330640874], [47.52228212601932, -18.90625121801918], [47.52305473898514, -18.90713231890129]]]}}, {"type": "Feature", "properties": {"fokontany": "Fiata", "arrondissement": "1er Arrondissement", "pcode": "MG11101001039"}, "geometry": {"type": "Polygon", "coordinates": [[[47.52228212601932, -18.90625121801918], [47.521913058640905, -18.906548330640874], [47.521614460339265, -18.90678871402787], [47.52144792388265, -18.90698276164511], [47.52138923502531, -18.907175371246353], [47.521369972446394, -18.907375899378223], [47.52136564760673, -18.907503016750695], [47.521376701174006, -18.907625158174426], [47.52153813038058, -18.907971285646283], [47.5213543539204, -18.908108550968734], [47.52112919875367, -18.908276722392714], [47.52103257019695, -18.90836515902481], [47.52082282671216, -18.90855712201352], [47.5204913060291, -18.908920767379414], [47.52038078474561, -18.909092678184493], [47.520257636980546, -18.90928423108238], [47.52012532962044, -18.909519243718023], [47.52014119905721, -18.90968589079114], [47.52015836081972, -18.90986611582855], [47.520154441574334, -18.910056778397575], [47.520127263162635, -18.91024342459434], [47.52011323373881, -18.910339768065796], [47.520032963850326, -18.91031314993188], [47.51979494028427, -18.910237121246098], [47.51958057878079, -18.910172371857414], [47.51923045292324, -18.91008665207727], [47.518953441048495, -18.910016373656674], [47.51871790230939, -18.90995239678557], [47.518476601614054, -18.909892986671935], [47.51812571672849, -18.909740869945097], [47.51798096724798, -18.90965393608019], [47.51777363394615, -18.90951740010786], [47.51753333329674, -18.909316669628538], [47.51741934512671, -18.909230734011146], [47.51732052582179, -18.90913781695656], [47.51725036791032, -18.90900898997279], [47.51721769733899, -18.90886894844317], [47.51720814294157, -18.908729536438898], [47.516986367426966, -18.908584169124083], [47.51669995763706, -18.90849274944071], [47.516434784437934, -18.90841971819532], [47.51583895390473, -18.908258381618964], [47.51526666672339, -18.908100002912704], [47.51518373574095, -18.908064996802068], [47.5149999988509, -18.907950003190024], [47.514829621390106, -18.907832579609817], [47.515033333121835, -18.907833335939586], [47.515361706177885, -18.90777339432657], [47.51571364866601, -18.907196732842863], [47.516258562282815, -18.906870973216712], [47.51724391077789, -18.9062803371678], [47.51735163876725, -18.906260163575666], [47.51770082123596, -18.906326021828363], [47.518039999646305, -18.906389992404115], [47.51857728701219, -18.90596957463606], [47.51926722080566, -18.905432775602037], [47.519600413328476, -18.905175261029456], [47.51976200980903, -18.905053838164065], [47.52013612238426, -18.90477273527341], [47.520401426884405, -18.90455319457419], [47.52057038071865, -18.904413384170255], [47.52095120043771, -18.904127924963745], [47.521306429947856, -18.90386164739698], [47.52169051330674, -18.904275591844964], [47.52215456438182, -18.904775718324686], [47.522974336896254, -18.90569230825332], [47.52228212601932, -18.90625121801918]]]}}, {"type": "Feature", "properties": {"fokontany": "Manarintsoa Atsinanana", "arrondissement": "1er Arrondissement", "pcode": "MG11101001042"}, "geometry": {"type": "Polygon", "coordinates": [[[47.51461702525563, -18.913150153057074], [47.514758746718826, -18.913655338223236], [47.51517127383528, -18.915234385858184], [47.51628333320929, -18.919550003030167], [47.51562617880518, -18.919505250966495], [47.51520937721102, -18.919476184877965], [47.514799146063865, -18.919440786662847], [47.51430964417489, -18.919418428617462], [47.514150858075766, -18.919406757216052], [47.51400643594832, -18.919387482046545], [47.51385211228535, -18.91936688577306], [47.51367951529744, -18.919343851437475], [47.513543720366386, -18.91932892538955], [47.51326927965357, -18.919315582148272], [47.51300401382417, -18.91929812810605], [47.512799999920105, -18.91928333605705], [47.51263125832588, -18.919296669405696], [47.512646114226925, -18.919040245710676], [47.51271416232885, -18.918158735637064], [47.512777132858446, -18.917506980762425], [47.51279260659362, -18.917100237186105], [47.512801359695175, -18.916870186110145], [47.51279539629064, -18.916672947698316], [47.51274540117947, -18.916569834130428], [47.51263761293552, -18.91658145157271], [47.512550000981946, -18.916500003572196], [47.5125024367382, -18.91622190981326], [47.512728084733396, -18.91596586743077], [47.512752756734415, -18.915874400083453], [47.512733334076245, -18.91543333567978], [47.512569840925494, -18.915361062562965], [47.51240321813418, -18.915311373221243], [47.51211972394623, -18.915270787716622], [47.51186653870991, -18.915227910739418], [47.51178428671557, -18.915189357702673], [47.51180020471577, -18.915110311791352], [47.511827538710065, -18.91501416976803], [47.51183438974533, -18.914952073379368], [47.5118394196536, -18.914906496637457], [47.51185141301244, -18.914816759585676], [47.51186768804354, -18.914702348734295], [47.51187992062182, -18.914559586755445], [47.51189377287949, -18.914392924393837], [47.51190092608692, -18.914322388767175], [47.51192988695476, -18.91425509879366], [47.511970565988975, -18.914160583643934], [47.51203593411111, -18.91404699297425], [47.51209077566887, -18.913948010891886], [47.51216115121622, -18.913755975058166], [47.51220732780604, -18.91370862395371], [47.51230624693585, -18.913607187621494], [47.512351440566704, -18.913587631863606], [47.512484774952554, -18.913529943052367], [47.512679811824, -18.913438740105732], [47.51297580209166, -18.913295061717633], [47.513143569720114, -18.913218641826745], [47.51320519936053, -18.913278043846617], [47.513243788370175, -18.913315502408466], [47.51330458433915, -18.913376823581473], [47.51339603459951, -18.913445592939695], [47.51352645698046, -18.91354366940476], [47.513566941760985, -18.91357411415396], [47.51361998287598, -18.913607557242926], [47.513787956449164, -18.913713465903697], [47.51383453323723, -18.913742834164395], [47.51397144692493, -18.91382916098695], [47.51397693099074, -18.91372428834518], [47.5141248200045, -18.913438484698247], [47.51425554275926, -18.91327815895977], [47.51448545264168, -18.91314521308101], [47.51461702525563, -18.913150153057074]]]}}, {"type": "Feature", "properties": {"fokontany": "Isoraka Ampatsakana", "arrondissement": "1er Arrondissement", "pcode": "MG11101001038"}, "geometry": {"type": "Polygon", "coordinates": [[[47.52011323373881, -18.910339768065796], [47.52015264113152, -18.910369568900364], [47.5202196801942, -18.910420267281438], [47.52030477404617, -18.910474767096787], [47.52048238385498, -18.91053972962476], [47.520547243860335, -18.910575701607286], [47.52075744510006, -18.910652704258837], [47.52091102682249, -18.910705892862552], [47.521116816887684, -18.91073523324434], [47.52145466699926, -18.9107834009331], [47.52161103931809, -18.910785877666058], [47.521963194046236, -18.910791455261347], [47.522185554120085, -18.910775565140113], [47.522521492273086, -18.910751558637457], [47.52217032140328, -18.9109727612838], [47.52206730316368, -18.91112733495845], [47.521918155098945, -18.911296841875696], [47.5217651552378, -18.911466371275992], [47.52165837783201, -18.911635631778893], [47.52158997989369, -18.91178267543006], [47.52156381321953, -18.911907475249677], [47.52165820606149, -18.91221121767353], [47.52174841975386, -18.912463660969138], [47.52187386258879, -18.912803885291055], [47.52194479301784, -18.9130527726673], [47.521956229696286, -18.9132223524295], [47.521956705437674, -18.913296588766514], [47.521913817668576, -18.913451503284193], [47.5217215947759, -18.913579822151007], [47.52145893698048, -18.91375361973371], [47.52125045704315, -18.91388230732258], [47.52103617467975, -18.91394842098282], [47.520766473394076, -18.913959262310016], [47.5206156489931, -18.913911955272454], [47.52039310096103, -18.91384214989523], [47.52008477918935, -18.913745442198376], [47.51984804794921, -18.913632567389016], [47.51963656607472, -18.913531730904538], [47.51936864994332, -18.91340725124354], [47.51917211480139, -18.913658941806602], [47.51901018557169, -18.913917721725454], [47.51890408265734, -18.914112933964702], [47.51888438210858, -18.914229808059133], [47.5188858093328, -18.914453589061793], [47.51843544144259, -18.914402138847606], [47.51852263521164, -18.914181665551325], [47.51862119910908, -18.913931798813394], [47.51876934712777, -18.913604655130655], [47.51883737364602, -18.913398957695676], [47.51891226379007, -18.91319576667121], [47.51892051866702, -18.913040251406358], [47.51890626081541, -18.91285851640731], [47.51880125327534, -18.912701477690973], [47.51872059308107, -18.91260894914359], [47.51846662723307, -18.912308305783597], [47.51829090240341, -18.912072523328163], [47.5179146674281, -18.91166775196507], [47.517662123408456, -18.91138511393183], [47.51741811215618, -18.911120694364513], [47.51724301415396, -18.910886799586024], [47.51709564674678, -18.91068994788276], [47.516846623572974, -18.91029910521945], [47.51657839177943, -18.90991570534544], [47.51650931305443, -18.909829144699245], [47.51643032829702, -18.909676968617134], [47.51629374825802, -18.90937475414154], [47.51628417857199, -18.909081517597883], [47.5163362403253, -18.908787924922706], [47.51641517202256, -18.908479513218936], [47.516434784437934, -18.90841971819532], [47.51669995763706, -18.90849274944071], [47.516986367426966, -18.908584169124083], [47.51720814294157, -18.908729536438898], [47.51721769733899, -18.90886894844317], [47.51725036791032, -18.90900898997279], [47.51732052582179, -18.90913781695656], [47.51741934512671, -18.909230734011146], [47.51753333329674, -18.909316669628538], [47.51777363394615, -18.90951740010786], [47.51798096724798, -18.90965393608019], [47.51812571672849, -18.909740869945097], [47.518476601614054, -18.909892986671935], [47.51871790230939, -18.90995239678557], [47.518953441048495, -18.910016373656674], [47.51923045292324, -18.91008665207727], [47.51958057878079, -18.910172371857414], [47.51979494028427, -18.910237121246098], [47.520032963850326, -18.91031314993188], [47.52011323373881, -18.910339768065796]]]}}, {"type": "Feature", "properties": {"fokontany": "Antohomadinika Afovoany", "arrondissement": "1er Arrondissement", "pcode": "MG11101001023"}, "geometry": {"type": "Polygon", "coordinates": [[[47.51771255828805, -18.89989322159488], [47.51782930018203, -18.9000795242506], [47.51793923061109, -18.900285058908253], [47.518011798705516, -18.9004207369274], [47.518027523351634, -18.900449177087808], [47.518099273962434, -18.900578949259057], [47.51822285340211, -18.900788486799172], [47.518275624720445, -18.900910450157085], [47.518159643652666, -18.90096763894536], [47.518094578602074, -18.900983816849646], [47.517957101938805, -18.90100139769629], [47.51778655810335, -18.901023209853122], [47.51771607283865, -18.90103222375808], [47.517543792412255, -18.9010332184082], [47.51711189929489, -18.901035707731694], [47.51672509368814, -18.901037938050308], [47.51668479236946, -18.90120046263121], [47.51664061497257, -18.901378608436005], [47.516550000182406, -18.901383336171932], [47.51643333293197, -18.901333335664845], [47.51633333371649, -18.90130000319249], [47.516157974011435, -18.901273149436236], [47.51598333286455, -18.901400003307458], [47.515549999932716, -18.901350001900994], [47.51541900018674, -18.90130897303061], [47.51530541491309, -18.901302441254643], [47.515062873153056, -18.90128849366903], [47.51490100417817, -18.901279185685837], [47.514786995323675, -18.901272628728748], [47.51468333406865, -18.90126666982087], [47.51462509757039, -18.901258735102488], [47.51447016596558, -18.90123762441675], [47.5142079803141, -18.901201899747832], [47.51408406003151, -18.901231125016352], [47.513933333656496, -18.90126666982087], [47.51385255744958, -18.901412255671005], [47.51374673422458, -18.90160298568918], [47.51376083919155, -18.901442499871393], [47.51379504760348, -18.90122957008856], [47.51379862960323, -18.900956108737375], [47.513808228966695, -18.90087165070605], [47.51381741104473, -18.900790863707357], [47.5138355143975, -18.900610132351687], [47.513873702309695, -18.90022888815264], [47.51379981311095, -18.90013772927273], [47.513614503306826, -18.89987570190209], [47.51390997106836, -18.899723199366065], [47.51400370920385, -18.899650581808828], [47.514387820441755, -18.899354629312654], [47.51448529076367, -18.899280623202174], [47.51452504619391, -18.89925043925632], [47.514601209778164, -18.89917298604439], [47.514656638593124, -18.89911661833719], [47.514744843199935, -18.899102105077986], [47.515201152011684, -18.89916040542829], [47.51552943513536, -18.899198720144796], [47.515824811166226, -18.899233192957468], [47.51587518579123, -18.899280562947524], [47.516041600839344, -18.89940425390313], [47.51638547371067, -18.899570917164], [47.516528152951935, -18.899634579272288], [47.51669687655959, -18.899709860621442], [47.51679106795348, -18.899751887739342], [47.51696476840948, -18.89980954597371], [47.51701330302154, -18.89981849512742], [47.51718333334435, -18.89985000287527], [47.51725399667464, -18.899862871274422], [47.51735723075177, -18.89987360468308], [47.5174881774376, -18.899887222217444], [47.51771255828805, -18.89989322159488]]]}}, {"type": "Feature", "properties": {"fokontany": "Anatihazo Isotry", "arrondissement": "1er Arrondissement", "pcode": "MG11101001009"}, "geometry": {"type": "Polygon", "coordinates": [[[47.5114213958808, -18.91234250070579], [47.511347958141926, -18.912457097716867], [47.51123743416031, -18.912644707087452], [47.51113076197527, -18.912832292176518], [47.51104300163331, -18.912964776703006], [47.51097450117237, -18.913097150612884], [47.51093683396772, -18.913225545922103], [47.510910363322694, -18.913315776701666], [47.51087986461425, -18.91341973383362], [47.51086137815014, -18.913482745732097], [47.51082797912812, -18.913577252787945], [47.51076911130548, -18.913743821620017], [47.5107215407665, -18.913878425848566], [47.51068351203452, -18.91398602973146], [47.510607295390514, -18.91419278476917], [47.510556294837215, -18.91433113287536], [47.510516551997455, -18.914438943602306], [47.510479007100685, -18.91454079182398], [47.510454309019224, -18.914614966107763], [47.51043709059928, -18.914666675326714], [47.51039583869709, -18.914790568629712], [47.5102906306081, -18.914770147724028], [47.51019817130873, -18.914752200853286], [47.510090562929236, -18.914707640345284], [47.509952556565395, -18.914650489328494], [47.50985909542101, -18.91463232212385], [47.50968369884373, -18.91459822882507], [47.50960177420262, -18.914584147240475], [47.50961408232422, -18.914380522742874], [47.50938645582045, -18.914324148740434], [47.509337941892625, -18.914292113090482], [47.50896733757264, -18.91423714832564], [47.50897762401826, -18.91405621012592], [47.50891666707071, -18.914016668734234], [47.50870984818101, -18.913997325216258], [47.50873838366965, -18.91356267567687], [47.508601612974076, -18.9135533640964], [47.50867008555599, -18.912787320678262], [47.50868398367902, -18.91262616756353], [47.50869715604904, -18.912473435700463], [47.50875374139224, -18.91180778090427], [47.508770123442616, -18.911615058887776], [47.50877423694146, -18.911566673563073], [47.50881594929666, -18.911047181082495], [47.50910452105694, -18.91106818384958], [47.509321959141175, -18.91105159225708], [47.50959937481133, -18.911065761975294], [47.50983966197094, -18.911099839086205], [47.50997030108857, -18.91112730977744], [47.509998193561785, -18.91113317605516], [47.510053888576124, -18.911145959918088], [47.51026774556016, -18.911217047728485], [47.5103937441761, -18.91127610620731], [47.51046306212072, -18.911311576368064], [47.510532606694596, -18.911382913290765], [47.5105622834227, -18.911392141234217], [47.51063595678414, -18.91149145876369], [47.51068862827759, -18.911578594076786], [47.51074007489473, -18.911663701418604], [47.51078433862642, -18.91175984074397], [47.510816609898654, -18.91189260855691], [47.5109367692167, -18.911952801980135], [47.51097076718719, -18.911969836039077], [47.511088548697614, -18.912093804885103], [47.511225394936105, -18.912260498722958], [47.51130461711443, -18.912357456431437], [47.5114213958808, -18.91234250070579]]]}}, {"type": "Feature", "properties": {"fokontany": "Andranomanalina Isotry", "arrondissement": "1er Arrondissement", "pcode": "MG11101001019"}, "geometry": {"type": "Polygon", "coordinates": [[[47.51249321688857, -18.90805261493614], [47.51286623229083, -18.908049565335148], [47.51312140772677, -18.90804747620996], [47.51323550381562, -18.908038867899393], [47.51324999998752, -18.908116670048173], [47.51332535058458, -18.90842749283445], [47.51338333257485, -18.908666669331296], [47.51343333308205, -18.908816669053977], [47.5134839352354, -18.908968474615335], [47.51349802671274, -18.909010749046786], [47.51352424195039, -18.909089396558386], [47.51348416186465, -18.909148956858814], [47.51343983068375, -18.909218654317385], [47.51334288106921, -18.90937083039944], [47.5132923310764, -18.909449977034683], [47.51314214159669, -18.909431117352085], [47.51306022235144, -18.909430098420216], [47.512893077054, -18.909428021885617], [47.5127711505682, -18.909423939862904], [47.51256250065899, -18.909414010448188], [47.51242573086296, -18.909404468641185], [47.512247821579706, -18.90938897961763], [47.51220000013001, -18.909366669236363], [47.51210149199039, -18.909321865911295], [47.51190553241452, -18.909260944936534], [47.51166221723764, -18.909211707953887], [47.51144241393638, -18.909175948211328], [47.51136666763773, -18.909166733757672], [47.51137376059063, -18.909028678830396], [47.51138156760538, -18.90898643857321], [47.51148236182155, -18.908992132181027], [47.51162863385446, -18.909001058851743], [47.511650041316386, -18.908575234359546], [47.51179289142891, -18.90857110737062], [47.51183048938566, -18.90835609565721], [47.5119666656293, -18.908366669885822], [47.51202838879914, -18.908036062014617], [47.51214999962298, -18.908033336169467], [47.51249321688857, -18.90805261493614]]]}}, {"type": "Feature", "properties": {"fokontany": "Cite Ambodin'isotry", "arrondissement": "1er Arrondissement", "pcode": "MG11101001029"}, "geometry": {"type": "Polygon", "coordinates": [[[47.50947285099147, -18.906185944325784], [47.50952413842833, -18.90620756132978], [47.50956185329693, -18.906205395762356], [47.509553833142945, -18.90630639502399], [47.50954697401369, -18.906391023027197], [47.50954160685984, -18.906455649208738], [47.50952279574062, -18.906682111090447], [47.50974983318832, -18.906694311293336], [47.509961958977215, -18.90670571199894], [47.509969115782155, -18.906621798057472], [47.5105797626461, -18.906684676856287], [47.510599732991466, -18.906930527222016], [47.5106666668334, -18.90695000294022], [47.51084812394191, -18.906977865735826], [47.51114162488619, -18.9070229325622], [47.51148374497899, -18.90707546556024], [47.51152127638596, -18.907081229315224], [47.51152825602429, -18.906963549428212], [47.51153705499121, -18.906815170283778], [47.511549042954016, -18.906662639868898], [47.51185284023643, -18.906769012579844], [47.51213233423988, -18.90687268462659], [47.51212911736491, -18.907203799715546], [47.51223421483712, -18.907193840623222], [47.51244795311061, -18.907160037805454], [47.51258733273937, -18.90713574082173], [47.51251828189322, -18.907653281773435], [47.51250502228896, -18.907864511837715], [47.51249321688857, -18.90805261493614], [47.51214999962298, -18.908033336169467], [47.51202838879914, -18.908036062014617], [47.5119666656293, -18.908366669885822], [47.51183048938566, -18.90835609565721], [47.51179289142891, -18.90857110737062], [47.511650041316386, -18.908575234359546], [47.51162863385446, -18.909001058851743], [47.51148236182155, -18.908992132181027], [47.51138156760538, -18.90898643857321], [47.51137376059063, -18.909028678830396], [47.51136666763773, -18.909166733757672], [47.5113181761929, -18.909160907050136], [47.51117521726252, -18.909135627107446], [47.51116666740785, -18.90921666771493], [47.51115215324944, -18.90941545475937], [47.510860385298656, -18.909382659182256], [47.51048527897257, -18.90934049087093], [47.51024248000658, -18.909314837709474], [47.510025526656875, -18.909291913990614], [47.51002702222945, -18.909528269314137], [47.510258809896186, -18.909557842620245], [47.51047026658961, -18.909584819583642], [47.510620618846644, -18.909578705093054], [47.51076666694826, -18.90965000244563], [47.51079166720183, -18.909716669188867], [47.51056348221891, -18.90984523357065], [47.51046353606341, -18.909829099733088], [47.510036696236625, -18.90974881815339], [47.51003148196742, -18.910233389958933], [47.50975000495879, -18.910231064312143], [47.50968024005118, -18.910326010237156], [47.50965176301855, -18.910404959920925], [47.50958576537084, -18.910440793407815], [47.50940761237143, -18.910414236427755], [47.509202989626374, -18.910403558777148], [47.509193606999474, -18.91051222026266], [47.509180074900655, -18.910668971195946], [47.50902768208192, -18.910646308280434], [47.50883706268041, -18.910634135057194], [47.50872787599087, -18.910625830717493], [47.50866837144821, -18.910620665011663], [47.50868468335153, -18.9105851408915], [47.508688581013246, -18.91049499734612], [47.508708760001355, -18.91002823931177], [47.50874900016635, -18.90957180819231], [47.50879968775541, -18.908996870708904], [47.5088069659688, -18.908914333629525], [47.508822117746604, -18.908742445307553], [47.50883811488728, -18.9085609998902], [47.50886486971814, -18.90825505142942], [47.50890724307487, -18.90776968642183], [47.50894790142462, -18.90730397789622], [47.508987191006156, -18.906800817104], [47.509012238024525, -18.9064630767096], [47.50903493781232, -18.906156984357324], [47.50903925365867, -18.906098769442565], [47.50904203706045, -18.906061229941713], [47.509051408895516, -18.905934879690847], [47.5091248933993, -18.90610674013385], [47.509204149751895, -18.906117830573294], [47.509269121273064, -18.90613059285249], [47.50931979087579, -18.906150110838837], [47.50937200281578, -18.906163661823484], [47.50944122902956, -18.906174880865933], [47.50947285099147, -18.906185944325784]]]}}, {"type": "Feature", "properties": {"fokontany": "67ha Atsimo", "arrondissement": "1er Arrondissement", "pcode": "MG11101001032"}, "geometry": {"type": "Polygon", "coordinates": [[[47.50876968007674, -18.904871757825276], [47.508943751952756, -18.90496041029462], [47.50908024835485, -18.90502026017674], [47.5090720879067, -18.90537523158156], [47.50906464331882, -18.905699064859903], [47.5090627331586, -18.905782190995296], [47.50905671759352, -18.905863306246488], [47.509051408895516, -18.905934879690847], [47.50904203706045, -18.906061229941713], [47.50903925365867, -18.906098769442565], [47.50903493781232, -18.906156984357324], [47.509012238024525, -18.9064630767096], [47.508987191006156, -18.906800817104], [47.50894790142462, -18.90730397789622], [47.50890724307487, -18.90776968642183], [47.50886486971814, -18.90825505142942], [47.50883811488728, -18.9085609998902], [47.508822117746604, -18.908742445307553], [47.5088069659688, -18.908914333629525], [47.50879968775541, -18.908996870708904], [47.50874900016635, -18.90957180819231], [47.508708760001355, -18.91002823931177], [47.508688581013246, -18.91049499734612], [47.50868468335153, -18.9105851408915], [47.50866837144821, -18.910620665011663], [47.50860383609819, -18.91061639682914], [47.50836132041866, -18.91059795263328], [47.508302556917556, -18.91059348390212], [47.5079499992932, -18.910566667917294], [47.50771330762302, -18.9105563257138], [47.50753179295805, -18.910548394592695], [47.50749351511371, -18.91054672275294], [47.50666221868647, -18.910468824376665], [47.506090393756836, -18.910430732692078], [47.505482602240306, -18.91039024701223], [47.505658039287255, -18.908326836214428], [47.50601056903258, -18.908350971320203], [47.50634602424975, -18.908373936407997], [47.50665107968365, -18.908401974571404], [47.50682448066539, -18.90842124164692], [47.50721436914796, -18.908441592405495], [47.507514445935044, -18.90845199396432], [47.507508827870254, -18.90826408242134], [47.50755065623787, -18.90783027464738], [47.50757895520479, -18.907503612101948], [47.50759852894902, -18.907262573109165], [47.507605921376296, -18.907174561856493], [47.50767886358875, -18.90634417284525], [47.507678147728484, -18.906230593866724], [47.50765253503664, -18.90615302734028], [47.50757667542325, -18.90607574679825], [47.50740302982615, -18.906064043920367], [47.50742331943081, -18.90585252517377], [47.50743352583669, -18.90574609400693], [47.50744315038122, -18.905645753048987], [47.50748333298958, -18.905550003130088], [47.50756472882932, -18.905509438309878], [47.5077166656917, -18.905350002900207], [47.50773333372649, -18.905000002947702], [47.50774273164183, -18.90479208508657], [47.50786666631376, -18.90480000271782], [47.50816987094282, -18.904824067676543], [47.50853024187734, -18.90485266791626], [47.50872551527033, -18.904868165933067], [47.50876968007674, -18.904871757825276]]]}}, {"type": "Feature", "properties": {"fokontany": "Ambatonakanga Ambohitsorohitra", "arrondissement": "1er Arrondissement", "pcode": "MG11101001003"}, "geometry": {"type": "Polygon", "coordinates": [[[47.525341019772384, -18.909252546168034], [47.52550721628512, -18.909339567267182], [47.5256542473457, -18.90944136422752], [47.525762828791585, -18.909554383827697], [47.52586669419264, -18.90975285610932], [47.525907362434964, -18.909833627819637], [47.52597733778401, -18.909952325739198], [47.52603171798944, -18.910036754092857], [47.526117096027235, -18.91013524244738], [47.52619826883523, -18.910178764238537], [47.526302386945645, -18.910240974841088], [47.52640358765552, -18.910299428975406], [47.52650806279695, -18.910355873125013], [47.52662353394902, -18.910418257296612], [47.526812727025856, -18.910486811716908], [47.52696295067966, -18.910485937575856], [47.52703599721366, -18.91046351657792], [47.527124051633734, -18.910417729394624], [47.527185728938434, -18.910385656872506], [47.527288429717316, -18.910306892449057], [47.527343125584935, -18.910282627840957], [47.5274166658466, -18.910250002235728], [47.5275661268754, -18.910236795691503], [47.52768560720506, -18.910247099224193], [47.527871042015136, -18.91028127436124], [47.528053856200586, -18.910313041113852], [47.52821573956476, -18.910337258957213], [47.52828331642189, -18.910346269264835], [47.52824745685467, -18.91046058568736], [47.52822762410574, -18.91052119369806], [47.52813644903807, -18.910719698355308], [47.528079484181035, -18.910846509059127], [47.52807147032212, -18.91094813964486], [47.52805828086514, -18.91114359110378], [47.52803267356916, -18.911469575560375], [47.52801962440611, -18.911790962682687], [47.52778625303324, -18.91152187293602], [47.52761169372474, -18.911333164593827], [47.52746368779901, -18.91122954200972], [47.527324681389075, -18.911178109781815], [47.52719173640958, -18.911170632818425], [47.527102318617096, -18.91119315094312], [47.52701315083641, -18.911254162749287], [47.52693282518982, -18.91134261736778], [47.526850324083284, -18.91144540807909], [47.52681531257667, -18.91148902969485], [47.52675043278623, -18.911567483852252], [47.526757371055965, -18.911663965819287], [47.52675815616408, -18.91178616839693], [47.52675273505076, -18.911879812103564], [47.526745595333125, -18.912003165813417], [47.526744722091394, -18.912093664590884], [47.526745761707616, -18.91225550478765], [47.52677822273688, -18.912389295129742], [47.5268037958586, -18.912494689378377], [47.52686939960324, -18.91266238236301], [47.526903012664036, -18.912748298195368], [47.52697998833594, -18.912906887342956], [47.52703313916811, -18.91301639239248], [47.52712505887445, -18.913144589850845], [47.527204166838885, -18.913254916880817], [47.52727893467528, -18.913321305733632], [47.527390128651575, -18.91342003420715], [47.52753453369189, -18.913512068127375], [47.52766185521051, -18.913579864419148], [47.527878545958174, -18.91369398299088], [47.52782134727738, -18.91385306766483], [47.527826891597954, -18.914012261156813], [47.527837958654914, -18.914109109148], [47.52784605704994, -18.91417998112115], [47.527838231149474, -18.914244747596967], [47.527823467878875, -18.914334329965243], [47.527735720127566, -18.914350881987502], [47.527603027857594, -18.91435783644488], [47.527454036274946, -18.914393131237887], [47.52730992891014, -18.914421433802033], [47.52722823179761, -18.914437478606715], [47.5271983086551, -18.914447017715588], [47.52708510199591, -18.914483100314726], [47.526939431609605, -18.914529532311974], [47.52674023267565, -18.914491960435555], [47.526582380072796, -18.91440894311819], [47.526440786313344, -18.914334476554757], [47.52616830342464, -18.91432709581875], [47.52616165383745, -18.913995773885745], [47.52610041630135, -18.9137429106068], [47.52606382918242, -18.91354878924517], [47.52603951960833, -18.913354535683197], [47.526030465233816, -18.913282170835487], [47.5260294436041, -18.913123072671624], [47.526028779904436, -18.91301967491802], [47.526041376708235, -18.912868981818008], [47.52607815538272, -18.912574343231313], [47.52611456893226, -18.912296203606843], [47.5261166670507, -18.912166668856628], [47.52611059392882, -18.911958305831092], [47.52593595997672, -18.912165520422377], [47.52542957961151, -18.912739637723973], [47.525018446444335, -18.913199206578042], [47.52463975182326, -18.913628498856042], [47.52436834902028, -18.913956361097064], [47.524119520999136, -18.914199771602057], [47.52394711916429, -18.914347416899716], [47.523936571915385, -18.914374112375356], [47.523878886701425, -18.91452012270537], [47.523871138142624, -18.914683391025562], [47.5238643455632, -18.914939411824378], [47.5238640982497, -18.915218303282018], [47.5238629453188, -18.915368425312465], [47.52384979093529, -18.915635228083204], [47.52383822565372, -18.91586246338187], [47.52382689329664, -18.916061738758174], [47.52381281980598, -18.916309199809632], [47.52379841086815, -18.91657103472545], [47.52378568725982, -18.916808337934413], [47.52376358372254, -18.916966111396903], [47.52373808974119, -18.917091394152465], [47.523726237575886, -18.91714963424812], [47.523692203632436, -18.91724881777867], [47.523658004213644, -18.917322339154566], [47.523742984751095, -18.91735850808857], [47.52387837228906, -18.917445709052174], [47.52404502295957, -18.91760238624107], [47.52416558967036, -18.917709319229573], [47.52425035886699, -18.91778449985469], [47.52440538310202, -18.91793024668351], [47.524517842424586, -18.918019972943284], [47.52460408920746, -18.918063526210744], [47.52463106437216, -18.918145183753154], [47.5246051791857, -18.91823344231949], [47.524559374015894, -18.918309229087583], [47.524493489682925, -18.918347372932885], [47.524440628432444, -18.91835397305732], [47.524394341226014, -18.91835424195466], [47.52433333301701, -18.918366669685952], [47.52426837678428, -18.918304624558687], [47.52422172535239, -18.91824825595222], [47.52414184756839, -18.91816690507852], [47.523629527181015, -18.917678992291542], [47.52351026808452, -18.91751636518802], [47.52347924507126, -18.91747827710077], [47.52344222987517, -18.917506811689975], [47.52338875618625, -18.91756229176633], [47.523238287017364, -18.917607115775695], [47.52305246459963, -18.91763297488177], [47.522870159430454, -18.917626952122077], [47.52270286574469, -18.917642082316206], [47.52250344198029, -18.917671205961312], [47.52237694603929, -18.91770028104304], [47.52226012320625, -18.91775472330181], [47.52207662463667, -18.917853359145113], [47.52195983957506, -18.9179137738015], [47.52140109258647, -18.918227649786104], [47.52135257326279, -18.918179731209534], [47.52126761610771, -18.91814722791213], [47.52118279924696, -18.918136721132726], [47.52109821710923, -18.918162873417828], [47.52082833056306, -18.917854702732257], [47.52030442780722, -18.917254294649865], [47.52000386808413, -18.916908051165592], [47.51975567228652, -18.916649190307794], [47.51951302080931, -18.916364094427365], [47.51909652858211, -18.915888845893505], [47.5187544939248, -18.915503806555307], [47.51847910532649, -18.915208438618436], [47.518330552613065, -18.91486834469822], [47.51832994467128, -18.91477302825257], [47.51843544144259, -18.914402138847606], [47.5188858093328, -18.914453589061793], [47.51888438210858, -18.914229808059133], [47.51890408265734, -18.914112933964702], [47.51901018557169, -18.913917721725454], [47.51917211480139, -18.913658941806602], [47.51936864994332, -18.91340725124354], [47.51963656607472, -18.913531730904538], [47.51984804794921, -18.913632567389016], [47.52008477918935, -18.913745442198376], [47.52039310096103, -18.91384214989523], [47.5206156489931, -18.913911955272454], [47.520766473394076, -18.913959262310016], [47.52103617467975, -18.91394842098282], [47.52125045704315, -18.91388230732258], [47.52145893698048, -18.91375361973371], [47.5217215947759, -18.913579822151007], [47.521913817668576, -18.913451503284193], [47.521956705437674, -18.913296588766514], [47.521956229696286, -18.9132223524295], [47.52194479301784, -18.9130527726673], [47.52187386258879, -18.912803885291055], [47.52174841975386, -18.912463660969138], [47.52165820606149, -18.91221121767353], [47.52156381321953, -18.911907475249677], [47.52158997989369, -18.91178267543006], [47.52165837783201, -18.911635631778893], [47.5217651552378, -18.911466371275992], [47.521918155098945, -18.911296841875696], [47.52206730316368, -18.91112733495845], [47.52217032140328, -18.9109727612838], [47.522521492273086, -18.910751558637457], [47.522799999720405, -18.910733335674877], [47.52300254772956, -18.91071378891013], [47.5232823358113, -18.910643425053934], [47.523599764117876, -18.91052220273741], [47.523832839614045, -18.910439510974584], [47.52411596957637, -18.91033737137252], [47.52420466970983, -18.910305370796152], [47.52444084157162, -18.910191266613595], [47.52456504963749, -18.910131255752788], [47.524711574379694, -18.910060462020624], [47.52464708129787, -18.909911456948123], [47.524612846805496, -18.909832359775464], [47.52457843424753, -18.90974105790343], [47.52453506264311, -18.909623226930307], [47.5244911109761, -18.90947011915057], [47.52447424688904, -18.90924291532815], [47.52450405042168, -18.90916939844891], [47.52456547141941, -18.909051744642227], [47.52468081576717, -18.909018081219415], [47.52476555708495, -18.909017589290272], [47.524885155225775, -18.909046223704195], [47.525026025930345, -18.909107676178223], [47.52520027317422, -18.909185107806366], [47.525341019772384, -18.909252546168034]]]}}, {"type": "Feature", "properties": {"fokontany": "Faravohitra Mandrosoa", "arrondissement": "1er Arrondissement", "pcode": "MG11101001037"}, "geometry": {"type": "Polygon", "coordinates": [[[47.53043861365114, -18.911586101617274], [47.53060290719844, -18.911960039723965], [47.530760687855604, -18.91228794333381], [47.530875628407614, -18.912522296766554], [47.53094606420967, -18.91265433522932], [47.53106094180902, -18.912869684188536], [47.53114283227586, -18.91309225740173], [47.53120208320962, -18.913253297201777], [47.53132469318018, -18.913568163340017], [47.53137455069509, -18.913820336838967], [47.53139999971023, -18.914033336769023], [47.531509812328125, -18.914226934725207], [47.531555615699176, -18.914306726174345], [47.53159012718277, -18.914403278288603], [47.5316186968455, -18.914576492211324], [47.53166432484875, -18.91481494565312], [47.53168460725897, -18.915010242428707], [47.53169198979356, -18.915153898333642], [47.53139999971023, -18.91513333623442], [47.531381131933756, -18.91506868936841], [47.53137206676752, -18.915014272290705], [47.53134450074822, -18.91494317099051], [47.531332564046636, -18.914870478789453], [47.53130020374141, -18.914791393308064], [47.5313055403185, -18.914704103311692], [47.53131594817262, -18.914611077439247], [47.531325966620216, -18.914521501366153], [47.531313530794876, -18.914464237034792], [47.531302798285594, -18.91439622310719], [47.531279729775804, -18.914344081314255], [47.53126943073971, -18.914283458015063], [47.531250318347645, -18.914229971735722], [47.531246258807926, -18.91417373532954], [47.53119690671201, -18.91408055477376], [47.53116276215178, -18.914048142307877], [47.53061666592646, -18.9139833371612], [47.53045508203655, -18.913903944111667], [47.5300833328796, -18.91415000222071], [47.52987359299209, -18.913959820789046], [47.52982139634048, -18.913906291342244], [47.52946519376371, -18.913626076981814], [47.52932177168253, -18.913487600272504], [47.528916388780374, -18.912905174134437], [47.52853245830647, -18.912348365184812], [47.52835751408804, -18.91210008664956], [47.528206179771416, -18.911928659679802], [47.52804338539397, -18.911823801427204], [47.52805963974066, -18.911903850981844], [47.5281348077753, -18.912211368759586], [47.52816469224689, -18.912531894331437], [47.528165707581365, -18.91282343295501], [47.52809063757303, -18.913079416881487], [47.5279696715632, -18.91348814795964], [47.527878545958174, -18.91369398299088], [47.52766185521051, -18.913579864419148], [47.52753453369189, -18.913512068127375], [47.527390128651575, -18.91342003420715], [47.52727893467528, -18.913321305733632], [47.527204166838885, -18.913254916880817], [47.52712505887445, -18.913144589850845], [47.52703313916811, -18.91301639239248], [47.52697998833594, -18.912906887342956], [47.526903012664036, -18.912748298195368], [47.52686939960324, -18.91266238236301], [47.5268037958586, -18.912494689378377], [47.52677822273688, -18.912389295129742], [47.526745761707616, -18.91225550478765], [47.526744722091394, -18.912093664590884], [47.526745595333125, -18.912003165813417], [47.52675273505076, -18.911879812103564], [47.52675815616408, -18.91178616839693], [47.526757371055965, -18.911663965819287], [47.52675043278623, -18.911567483852252], [47.52681531257667, -18.91148902969485], [47.526850324083284, -18.91144540807909], [47.52693282518982, -18.91134261736778], [47.52701315083641, -18.911254162749287], [47.527102318617096, -18.91119315094312], [47.52719173640958, -18.911170632818425], [47.527324681389075, -18.911178109781815], [47.52746368779901, -18.91122954200972], [47.52761169372474, -18.911333164593827], [47.52778625303324, -18.91152187293602], [47.52801962440611, -18.911790962682687], [47.52803267356916, -18.911469575560375], [47.52805828086514, -18.91114359110378], [47.52807147032212, -18.91094813964486], [47.528079484181035, -18.910846509059127], [47.52813644903807, -18.910719698355308], [47.52822762410574, -18.91052119369806], [47.52824745685467, -18.91046058568736], [47.52828331642189, -18.910346269264835], [47.52847244294895, -18.90973469879725], [47.52849925263854, -18.909614956764756], [47.528525186388265, -18.90949913937368], [47.528523820318185, -18.909286847210126], [47.528492016693406, -18.909028828117812], [47.52848436526136, -18.90877640640599], [47.528344231101414, -18.908547707910316], [47.52822229472309, -18.90833611721797], [47.528160976248216, -18.9081758139626], [47.52814052566475, -18.907984074005697], [47.528067285776615, -18.907529305732794], [47.528039509316045, -18.907285886234547], [47.528021707236064, -18.907123376042932], [47.5281343131482, -18.907244357341142], [47.52843464624203, -18.907570355287646], [47.52859957021411, -18.907765550439706], [47.52869941114892, -18.90788371686], [47.528862310747115, -18.908084234199976], [47.52892061109742, -18.90815669167796], [47.52903333302203, -18.908333334715564], [47.52926164480908, -18.908688325905416], [47.52938376824636, -18.908928604071775], [47.52950659315479, -18.909277897157153], [47.52960168836739, -18.909532056359296], [47.52964154901838, -18.90963859724343], [47.52972433880723, -18.90988787132818], [47.529825882158775, -18.910176880158872], [47.529943932566596, -18.91041117063895], [47.53004103326725, -18.9106308246528], [47.53016432402438, -18.910918921570953], [47.530266154259664, -18.911158705110097], [47.53039130211687, -18.911472030709604], [47.53043861365114, -18.911586101617274]]]}}, {"type": "Feature", "properties": {"fokontany": "Manarintsoa Afovoany", "arrondissement": "1er Arrondissement", "pcode": "MG11101001040"}, "geometry": {"type": "Polygon", "coordinates": [[[47.51264484708213, -18.910838701145053], [47.51285134131649, -18.910848040604492], [47.51297405740695, -18.910844999097378], [47.51319851290111, -18.910841561888446], [47.51328469673149, -18.910841067261345], [47.51343569739964, -18.910880550197135], [47.51353246984769, -18.910887665633197], [47.5136619236589, -18.910897184057717], [47.51378009817313, -18.91089490787357], [47.51388788102105, -18.91089283223829], [47.514019977040334, -18.91086324364369], [47.51414556466614, -18.91136559684469], [47.514228885055104, -18.911704787845565], [47.51431251211278, -18.912045233400704], [47.514361509875926, -18.912245183268567], [47.51439515801019, -18.91237006492645], [47.514466496731586, -18.91263482893413], [47.51453050957548, -18.912853970334368], [47.51461702525563, -18.913150153057074], [47.51448545264168, -18.91314521308101], [47.51425554275926, -18.91327815895977], [47.5141248200045, -18.913438484698247], [47.51397693099074, -18.91372428834518], [47.51397144692493, -18.91382916098695], [47.51383453323723, -18.913742834164395], [47.513787956449164, -18.913713465903697], [47.51361998287598, -18.913607557242926], [47.513566941760985, -18.91357411415396], [47.51352645698046, -18.91354366940476], [47.51339603459951, -18.913445592939695], [47.51330458433915, -18.913376823581473], [47.513243788370175, -18.913315502408466], [47.51320519936053, -18.913278043846617], [47.513143569720114, -18.913218641826745], [47.51297001135703, -18.91311906888984], [47.51275000031245, -18.913016670283014], [47.51253551829967, -18.91283657384878], [47.51252518688784, -18.912693161660002], [47.51249586988854, -18.912527440888596], [47.5125514309039, -18.91237468204588], [47.512624552081434, -18.912364421680593], [47.51254915112253, -18.91220039882927], [47.51247770628123, -18.912119119901433], [47.51235088118841, -18.912160093913087], [47.51231511335186, -18.91216339622366], [47.512247302670914, -18.9121696564045], [47.51217198624829, -18.912179056118475], [47.51213066060154, -18.912189138417943], [47.512077915363534, -18.912202012213015], [47.512027615382294, -18.912209488277142], [47.51198378512373, -18.91221600206677], [47.51193274769827, -18.912230714076145], [47.5118568206359, -18.9122525990781], [47.51180723741413, -18.912274510160387], [47.51174759797334, -18.912300862994357], [47.51170179280359, -18.91232074160888], [47.51162120005847, -18.912336137102955], [47.511532404596835, -18.912353099216034], [47.5114213958808, -18.91234250070579], [47.511615044199004, -18.912052288582174], [47.511949289827896, -18.91153362887377], [47.51209666892629, -18.911304507696798], [47.51223680578414, -18.911084520933855], [47.51237046392595, -18.910900445898733], [47.51243774940269, -18.91079496261733], [47.512587455047196, -18.910836104802286], [47.51264484708213, -18.910838701145053]]]}}, {"type": "Feature", "properties": {"fokontany": "Antetezanafovoany I", "arrondissement": "1er Arrondissement", "pcode": "MG11101001021"}, "geometry": {"type": "Polygon", "coordinates": [[[47.505482602240306, -18.91039024701223], [47.506090393756836, -18.910430732692078], [47.50666221868647, -18.910468824376665], [47.50749351511371, -18.91054672275294], [47.50753179295805, -18.910548394592695], [47.50771330762302, -18.9105563257138], [47.5079499992932, -18.910566667917294], [47.508302556917556, -18.91059348390212], [47.50836132041866, -18.91059795263328], [47.50860383609819, -18.91061639682914], [47.50866837144821, -18.910620665011663], [47.50872787599087, -18.910625830717493], [47.50883706268041, -18.910634135057194], [47.50882182276905, -18.910957771384005], [47.50881594929666, -18.911047181082495], [47.50877423694146, -18.911566673563073], [47.508770123442616, -18.911615058887776], [47.50875374139224, -18.91180778090427], [47.50869715604904, -18.912473435700463], [47.50868398367902, -18.91262616756353], [47.50867008555599, -18.912787320678262], [47.508601612974076, -18.9135533640964], [47.508383334922996, -18.913550003329874], [47.50821302311266, -18.913545903320653], [47.50818731958924, -18.913890215061315], [47.50801666783502, -18.913983335362616], [47.50794176420112, -18.913970232240388], [47.50791247058419, -18.913971092891586], [47.507858578710454, -18.913972680194945], [47.50767232731624, -18.91395608680392], [47.50751239188355, -18.91398279936658], [47.507383332874554, -18.913966668227033], [47.50724671596333, -18.91395708774928], [47.507086073663515, -18.91393185277269], [47.506883332300106, -18.913900004181755], [47.50668610108278, -18.913826331719747], [47.50648248917571, -18.91375420429307], [47.50605616196236, -18.91362027995183], [47.505937466740875, -18.913595453267476], [47.505624064698964, -18.913529896287628], [47.50516666590903, -18.91345000141638], [47.50503389539796, -18.9134028265791], [47.50497701777516, -18.913393985344044], [47.50502943565999, -18.91301360719217], [47.505062456966925, -18.9127744387892], [47.50498800479272, -18.912755570113347], [47.50494814144366, -18.912771283068196], [47.5049208533149, -18.912782041657863], [47.504266666673516, -18.913000002248225], [47.503718333834115, -18.91280845474637], [47.503649999747836, -18.91268333656666], [47.50220000032988, -18.912700001903488], [47.50214999892347, -18.911200001978443], [47.50216255885505, -18.910730312154158], [47.502247623029405, -18.91062101394857], [47.50260742739101, -18.91069669279807], [47.50261666702568, -18.910433336229403], [47.50261666702568, -18.910333336114547], [47.502616479966605, -18.910187547916962], [47.50286092019536, -18.910211715398304], [47.50313870099035, -18.910239177096287], [47.50344060160256, -18.910260823777946], [47.503663327700394, -18.91027078916551], [47.50420947518728, -18.910298631276703], [47.50475750675372, -18.91034860210624], [47.505214776041214, -18.910390294676233], [47.505314723995355, -18.910399408405908], [47.505482602240306, -18.91039024701223]]]}}, {"type": "Feature", "properties": {"fokontany": "Andavamamba Anjezika I", "arrondissement": "1er Arrondissement", "pcode": "MG11101001012"}, "geometry": {"type": "Polygon", "coordinates": [[[47.503718333834115, -18.91280845474637], [47.504266666673516, -18.913000002248225], [47.5049208533149, -18.912782041657863], [47.50494814144366, -18.912771283068196], [47.50498800479272, -18.912755570113347], [47.505062456966925, -18.9127744387892], [47.50502943565999, -18.91301360719217], [47.50497701777516, -18.913393985344044], [47.50503389539796, -18.9134028265791], [47.50516666590903, -18.91345000141638], [47.505624064698964, -18.913529896287628], [47.505937466740875, -18.913595453267476], [47.50605616196236, -18.91362027995183], [47.50648248917571, -18.91375420429307], [47.50668610108278, -18.913826331719747], [47.506883332300106, -18.913900004181755], [47.507086073663515, -18.91393185277269], [47.50724671596333, -18.91395708774928], [47.507383332874554, -18.913966668227033], [47.50751239188355, -18.91398279936658], [47.50767232731624, -18.91395608680392], [47.507858578710454, -18.913972680194945], [47.50791247058419, -18.913971092891586], [47.50794176420112, -18.913970232240388], [47.50801666783502, -18.913983335362616], [47.50818731958924, -18.913890215061315], [47.50821302311266, -18.913545903320653], [47.508383334922996, -18.913550003329874], [47.508601612974076, -18.9135533640964], [47.50873838366965, -18.91356267567687], [47.50870984818101, -18.913997325216258], [47.50891666707071, -18.914016668734234], [47.50897762401826, -18.91405621012592], [47.50896733757264, -18.91423714832564], [47.509337941892625, -18.914292113090482], [47.50938645582045, -18.914324148740434], [47.50961408232422, -18.914380522742874], [47.50960177420262, -18.914584147240475], [47.50968369884373, -18.91459822882507], [47.50985909542101, -18.91463232212385], [47.509952556565395, -18.914650489328494], [47.510090562929236, -18.914707640345284], [47.51019817130873, -18.914752200853286], [47.5102906306081, -18.914770147724028], [47.51039583869709, -18.914790568629712], [47.5103412039835, -18.914929051634317], [47.510297264007534, -18.91504042997184], [47.51024508624181, -18.915169624778287], [47.510184524096644, -18.91534093123886], [47.510126548401615, -18.915509260943566], [47.510079791749035, -18.91563820393992], [47.509998145897896, -18.91586336360325], [47.50991715295436, -18.916068008831417], [47.50978576829863, -18.916392509406705], [47.50911940843412, -18.91634018864869], [47.50849074994812, -18.916286273392757], [47.50841407644862, -18.916381069130978], [47.50826666677335, -18.916316668679258], [47.508178352449136, -18.91624640374846], [47.5080852573289, -18.9161667220165], [47.50798429044272, -18.91628670057071], [47.50793297512678, -18.916516553795873], [47.50790097724848, -18.916710697640497], [47.507861904403455, -18.91697021140601], [47.50784885613979, -18.917202356103815], [47.50783521792107, -18.917404939186554], [47.50780120735993, -18.91768163539905], [47.507704184001, -18.917654477671988], [47.507450001416544, -18.91758333590218], [47.507292870969366, -18.91759860279319], [47.5070837273322, -18.917618923874215], [47.50684918414271, -18.91755902632798], [47.50668333386892, -18.91751666915883], [47.506599999090724, -18.917650002645416], [47.50639202097511, -18.91757001244605], [47.506166667058096, -18.91748333578721], [47.50596978207989, -18.917390950232118], [47.50581965195556, -18.91732050183964], [47.5056643543266, -18.917268433791094], [47.50548297815703, -18.91720762073504], [47.50525907664513, -18.917132550726592], [47.504934497828856, -18.917023723765794], [47.5046335388069, -18.916922816234944], [47.50436666678837, -18.91683333638929], [47.504201768896564, -18.916747198424446], [47.50293915941472, -18.915318442791772], [47.50319999968036, -18.915050003254976], [47.502949999842656, -18.914583336052033], [47.5033166669308, -18.91431666997829], [47.503649999747836, -18.91268333656666], [47.503718333834115, -18.91280845474637]]]}}, {"type": "Feature", "properties": {"fokontany": "Cite Ampefiloha", "arrondissement": "1er Arrondissement", "pcode": "MG11101001030"}, "geometry": {"type": "Polygon", "coordinates": [[[47.51653602291918, -18.910464236934956], [47.51689301240265, -18.91087483860281], [47.51710212726141, -18.911112255126397], [47.5172597496379, -18.911290498957328], [47.51741811215618, -18.911120694364513], [47.517662123408456, -18.91138511393183], [47.5179146674281, -18.91166775196507], [47.51829090240341, -18.912072523328163], [47.51846662723307, -18.912308305783597], [47.51872059308107, -18.91260894914359], [47.51880125327534, -18.912701477690973], [47.51890626081541, -18.91285851640731], [47.51892051866702, -18.913040251406358], [47.51891226379007, -18.91319576667121], [47.51883737364602, -18.913398957695676], [47.51876934712777, -18.913604655130655], [47.51862119910908, -18.913931798813394], [47.51852263521164, -18.914181665551325], [47.51843544144259, -18.914402138847606], [47.51832994467128, -18.91477302825257], [47.518330552613065, -18.91486834469822], [47.51847910532649, -18.915208438618436], [47.5187544939248, -18.915503806555307], [47.51909652858211, -18.915888845893505], [47.51951302080931, -18.916364094427365], [47.51975567228652, -18.916649190307794], [47.52000386808413, -18.916908051165592], [47.52030442780722, -18.917254294649865], [47.52082833056306, -18.917854702732257], [47.52109821710923, -18.918162873417828], [47.52118279924696, -18.918136721132726], [47.52126761610771, -18.91814722791213], [47.52135257326279, -18.918179731209534], [47.52140109258647, -18.918227649786104], [47.52143334677157, -18.918286685781823], [47.5214358468869, -18.918350392856325], [47.52142159533048, -18.918412205059155], [47.52139675515616, -18.918454165627224], [47.521363482938455, -18.91848621926357], [47.52132388129223, -18.918510342678132], [47.521267517182196, -18.91853058282004], [47.52120895692798, -18.918534903163163], [47.52115657861333, -18.91852175597421], [47.52111250823572, -18.918503602259364], [47.521087299339456, -18.918487818258143], [47.52086266757823, -18.918698202959604], [47.52069206618603, -18.918850527429868], [47.520442479137216, -18.919084951908985], [47.52021241726936, -18.91930078830069], [47.51980936990657, -18.919678365963705], [47.519232628383236, -18.920233949137412], [47.51864844137265, -18.92078957367977], [47.518130663899115, -18.92125985166075], [47.51777950382103, -18.921608804802418], [47.51738914679186, -18.921978811972565], [47.51726289726497, -18.922101296937228], [47.517006399825675, -18.922323048170085], [47.51673527401374, -18.92128619460209], [47.5164574968162, -18.920243086249343], [47.51628333320929, -18.919550003030167], [47.51517127383528, -18.915234385858184], [47.514758746718826, -18.913655338223236], [47.51461702525563, -18.913150153057074], [47.51453050957548, -18.912853970334368], [47.514466496731586, -18.91263482893413], [47.51439515801019, -18.91237006492645], [47.514361509875926, -18.912245183268567], [47.51431251211278, -18.912045233400704], [47.514228885055104, -18.911704787845565], [47.51414556466614, -18.91136559684469], [47.51426488221858, -18.911319744010882], [47.514376352286945, -18.911277124239803], [47.51452752292687, -18.911219326610535], [47.51475325006254, -18.911030986091077], [47.5152768407537, -18.91059946709163], [47.51538833060715, -18.910699990612045], [47.51582850018525, -18.91033141606198], [47.516022315777434, -18.91017499787779], [47.51618244906081, -18.910046161001503], [47.51653602291918, -18.910464236934956]]]}}, {"type": "Feature", "properties": {"fokontany": "Ambalavao Isotry", "arrondissement": "1er Arrondissement", "pcode": "MG11101001002"}, "geometry": {"type": "Polygon", "coordinates": [[[47.516434784437934, -18.90841971819532], [47.51641517202256, -18.908479513218936], [47.5163362403253, -18.908787924922706], [47.51628417857199, -18.909081517597883], [47.51629374825802, -18.90937475414154], [47.51643032829702, -18.909676968617134], [47.51650931305443, -18.909829144699245], [47.51657839177943, -18.90991570534544], [47.516846623572974, -18.91029910521945], [47.51709564674678, -18.91068994788276], [47.51724301415396, -18.910886799586024], [47.51741811215618, -18.911120694364513], [47.5172597496379, -18.911290498957328], [47.51710212726141, -18.911112255126397], [47.51689301240265, -18.91087483860281], [47.51653602291918, -18.910464236934956], [47.51618244906081, -18.910046161001503], [47.516022315777434, -18.91017499787779], [47.51582850018525, -18.91033141606198], [47.51538833060715, -18.910699990612045], [47.5152768407537, -18.91059946709163], [47.51475325006254, -18.911030986091077], [47.51452752292687, -18.911219326610535], [47.514376352286945, -18.911277124239803], [47.51426488221858, -18.911319744010882], [47.51414556466614, -18.91136559684469], [47.514019977040334, -18.91086324364369], [47.51400973286292, -18.91082226963198], [47.513966667028114, -18.910650002695434], [47.51386011894948, -18.91025932910469], [47.5137391682282, -18.909815843726165], [47.51361666617635, -18.909366669236363], [47.51352424195039, -18.909089396558386], [47.51363333421108, -18.909216670412945], [47.51379386139769, -18.9094137145712], [47.513785951860314, -18.909285491931826], [47.51382072504657, -18.909099540011653], [47.51391186683935, -18.90889371217503], [47.51416160407484, -18.90858920622685], [47.514457434263306, -18.90826488281806], [47.51464612731701, -18.9080536041904], [47.514829621390106, -18.907832579609817], [47.5149999988509, -18.907950003190024], [47.51518373574095, -18.908064996802068], [47.51526666672339, -18.908100002912704], [47.51583895390473, -18.908258381618964], [47.516434784437934, -18.90841971819532]]]}}, {"type": "Feature", "properties": {"fokontany": "Antsahabe Ankorahotra Ankazoto", "arrondissement": "2e Arrondissement", "pcode": "MG11101002003"}, "geometry": {"type": "Polygon", "coordinates": [[[47.53661544704522, -18.913841470907073], [47.536665082427646, -18.913981715683576], [47.536774841985505, -18.91420650572553], [47.536933068706276, -18.914390892825338], [47.537009138760936, -18.914498048845758], [47.53713557444735, -18.91462284416889], [47.53721773111357, -18.914700074348843], [47.537300355427135, -18.914849038052637], [47.53740821831468, -18.915015786749052], [47.53747839511203, -18.91518275667886], [47.53748595571233, -18.915379985198058], [47.53746788833257, -18.91549964988883], [47.53742493041625, -18.915655328830326], [47.53738212538491, -18.915834918946246], [47.537253605069964, -18.915963733339538], [47.53712029676444, -18.916141333255894], [47.53698924665639, -18.91627361813289], [47.53689572705633, -18.91638176970281], [47.5367774716031, -18.91654984669799], [47.53668379731948, -18.91663408889201], [47.53660881094805, -18.916694308395563], [47.5365127912325, -18.91682588370753], [47.5364905159247, -18.916856407597095], [47.53639749994471, -18.91704226958501], [47.53637334415464, -18.91719186011619], [47.536305762800794, -18.917425396964404], [47.53633185573074, -18.917574691618654], [47.536364306867426, -18.91773590588724], [47.53640315668042, -18.917915016664665], [47.53642200287328, -18.91795422620652], [47.53646046238049, -18.918034238888936], [47.53654296978232, -18.918165270111103], [47.53660628565166, -18.918242611807045], [47.53678262381919, -18.918313311110353], [47.536971407704414, -18.918366004187646], [47.53719144393011, -18.918394601729403], [47.53716056390908, -18.918536385245886], [47.53713016592451, -18.918691991342257], [47.537093332391464, -18.918823721337617], [47.53703784691925, -18.918985452716356], [47.53699477119193, -18.91912319827685], [47.53693971379681, -18.919350683587083], [47.536909392254756, -18.91951824437143], [47.53726288697271, -18.919785174845856], [47.53708127338223, -18.91986993325071], [47.53690559261912, -18.919900854640673], [47.53672983541372, -18.91991982134266], [47.53664786940374, -18.919872479231458], [47.53651538038059, -18.919783586643177], [47.53635125410716, -18.919659014351907], [47.53624385257183, -18.919563997380465], [47.53619837385594, -18.919331124231974], [47.536187375147335, -18.91909804873592], [47.53618085955907, -18.918992629306274], [47.53616771686677, -18.91890303704548], [47.53612336140401, -18.918843518113817], [47.53602204827905, -18.918718576201286], [47.53598844241287, -18.918632285351634], [47.53590739820788, -18.918474153059663], [47.53584354094676, -18.918313123152075], [47.53579872143399, -18.918181870696685], [47.535721875264414, -18.91795515970273], [47.53561936334313, -18.917644907986073], [47.53562444361319, -18.91745956130967], [47.535661124261594, -18.917303920139716], [47.53571567983482, -18.916998724411485], [47.535739448916615, -18.916789355943934], [47.53578841969994, -18.916591797373485], [47.53582463539868, -18.916364421780543], [47.53582339613291, -18.916173135082033], [47.53577221841323, -18.916029963911683], [47.535721233148536, -18.91591668170946], [47.535707748713605, -18.915882054213398], [47.53564458393055, -18.915719857885108], [47.53553078731608, -18.915606946203525], [47.535466665654155, -18.915500003322393], [47.53540419784548, -18.91545823880665], [47.53522142862613, -18.915363664301594], [47.53508929213717, -18.915328571856037], [47.534969836988466, -18.91531133724834], [47.53484413784673, -18.915300118205835], [47.53481099063481, -18.915301627268207], [47.53469343035755, -18.91530698003305], [47.53452368781808, -18.915284061710054], [47.5343918220251, -18.91529081381998], [47.5342032350913, -18.915268007012855], [47.53393912219286, -18.915221729698942], [47.533756776554185, -18.91519290912538], [47.5336378807836, -18.91518014324896], [47.53349277966811, -18.91516456429315], [47.53319710596179, -18.915094560165755], [47.53300196566835, -18.915029942977412], [47.532825517783465, -18.9149413075952], [47.532613088023595, -18.914785887658525], [47.53266666603389, -18.914716670437883], [47.5328131539041, -18.914489298442334], [47.53295502735273, -18.91430212704148], [47.533067101765425, -18.91416529878944], [47.533216504338384, -18.913978083321865], [47.533397664670645, -18.91381859485216], [47.533428225432374, -18.913808993690054], [47.53378490824707, -18.913832513659486], [47.53406406680341, -18.913830878692067], [47.53418516861075, -18.913833370713405], [47.534413379673765, -18.913755207936447], [47.534527423601844, -18.913706524036797], [47.53471498530848, -18.91358378276533], [47.534966367404024, -18.91344786462713], [47.53517091010946, -18.91335063262551], [47.535379633763114, -18.913346392322126], [47.53547485038422, -18.91334316825254], [47.53562058732035, -18.913355641849364], [47.53577479676943, -18.91337873014419], [47.53589266191693, -18.913412694839963], [47.536108924587325, -18.913502064068894], [47.536218560038606, -18.913562735032144], [47.53637342599296, -18.913687120264342], [47.536503031789664, -18.913803656213645], [47.53653394598496, -18.91381946989253], [47.53661544704522, -18.913841470907073]]]}}, {"type": "Feature", "properties": {"fokontany": "Ankazotokana Ambony", "arrondissement": "2e Arrondissement", "pcode": "MG11101002005"}, "geometry": {"type": "Polygon", "coordinates": [[[47.536187375147335, -18.91909804873592], [47.53608128932024, -18.919085210014373], [47.53599974868945, -18.91910362273387], [47.535893278851916, -18.91915207191056], [47.5358432999285, -18.919194211443653], [47.5357307021103, -18.91926660596897], [47.5356430361972, -18.91930896493676], [47.535523964159665, -18.91935151006402], [47.53542947509027, -18.91931021769227], [47.53529691232279, -18.919209371315333], [47.53522712313321, -18.919153652019304], [47.53515849317, -18.91922578933861], [47.535140619144386, -18.919375342997625], [47.5351225490665, -18.919495007688397], [47.53506020086769, -18.91956710813548], [47.53497245761292, -18.9195975133145], [47.534846443708545, -18.919538472822182], [47.534814110383024, -18.919395191934484], [47.53481961693183, -18.919275600088838], [47.5348251639503, -18.919161986036784], [47.53478697423952, -18.91908449595269], [47.53472350368679, -18.918983243981415], [47.53465983977998, -18.91885210304207], [47.534570627032906, -18.918655352962105], [47.534469122352164, -18.918500521182068], [47.534418021974204, -18.91836930469958], [47.53441038583071, -18.91816012239167], [47.53440918703444, -18.917974812587488], [47.534376893279045, -18.91783750859412], [47.53430078275494, -18.91772437388073], [47.53443059539575, -18.917473622209798], [47.53457424860278, -18.91734724408002], [47.53459867688741, -18.917239496305626], [47.5347111182237, -18.917143192404353], [47.53486082117007, -18.91698090974114], [47.53490994933469, -18.91680725964727], [47.53496576485827, -18.91674963918439], [47.53499730408231, -18.916717078330464], [47.53516654569967, -18.916662285336145], [47.53523525120602, -18.916602102704815], [47.53527166115839, -18.916404616080058], [47.5352897303369, -18.916284952288663], [47.53529543024007, -18.916195250310466], [47.53538282455776, -18.91611104498861], [47.535576629358104, -18.91598553290595], [47.535707748713605, -18.915882054213398], [47.535721233148536, -18.91591668170946], [47.53577221841323, -18.916029963911683], [47.53582339613291, -18.916173135082033], [47.53582463539868, -18.916364421780543], [47.53578841969994, -18.916591797373485], [47.535739448916615, -18.916789355943934], [47.53571567983482, -18.916998724411485], [47.535661124261594, -18.917303920139716], [47.53562444361319, -18.91745956130967], [47.53561936334313, -18.917644907986073], [47.535721875264414, -18.91795515970273], [47.53579872143399, -18.918181870696685], [47.53584354094676, -18.918313123152075], [47.53590739820788, -18.918474153059663], [47.53598844241287, -18.918632285351634], [47.53602204827905, -18.918718576201286], [47.53612336140401, -18.918843518113817], [47.53616771686677, -18.91890303704548], [47.53618085955907, -18.918992629306274], [47.536187375147335, -18.91909804873592]]]}}, {"type": "Feature", "properties": {"fokontany": "Ambolokandrina 5a", "arrondissement": "2e Arrondissement", "pcode": "MG11101002012"}, "geometry": {"type": "Polygon", "coordinates": [[[47.57369045435104, -18.91732354694409], [47.573675768422106, -18.917422502946067], [47.573605010662845, -18.917870082038633], [47.5735984941752, -18.917984491990694], [47.57360007068678, -18.91821991471727], [47.57361854456019, -18.918430880380754], [47.57368032258893, -18.918739003402266], [47.57369841694856, -18.91889314180503], [47.573750631586506, -18.919047074263005], [47.5739388390063, -18.919127115723768], [47.57415274815094, -18.919223237062624], [47.57440039626147, -18.919262325196087], [47.57470726472866, -18.919227988181092], [47.5748505905824, -18.91897544865799], [47.5749179605956, -18.918845144987415], [47.57497609187317, -18.918609358934646], [47.575076548843754, -18.918324606595263], [47.57520275700182, -18.918064052314094], [47.575311743142606, -18.917779246914677], [47.57549831559487, -18.917615746569368], [47.57570249407502, -18.91753332190524], [47.57588983005161, -18.91748347338347], [47.57602636602405, -18.917490760590056], [47.57610078762144, -18.91756005065571], [47.57619811315254, -18.917660201856734], [47.57639999926073, -18.917883336246916], [47.57647434801294, -18.91814562442096], [47.57652705458008, -18.91837261690273], [47.57658867432792, -18.918656385383827], [47.576633070260016, -18.9189159018473], [47.5767198989044, -18.91914268838434], [47.57684910630138, -18.919328624116645], [47.57708146233978, -18.919581300336688], [47.57667291742132, -18.919768086827673], [47.576229619101696, -18.91991151070755], [47.57618903089917, -18.919924419576205], [47.57610273825077, -18.91992413089389], [47.576037517617465, -18.919948676090428], [47.57590555289903, -18.919996779028054], [47.57588447728699, -18.92002820044098], [47.57572192932366, -18.920107510752985], [47.57561652518257, -18.920148399329094], [47.57548338594961, -18.920191626142582], [47.57536805239374, -18.920225563858594], [47.57532257817451, -18.920246958730104], [47.57527408493115, -18.920271493134805], [47.57525768399506, -18.92031997918366], [47.57526643889514, -18.920378350580393], [47.57530081098378, -18.92045872658889], [47.57535868235743, -18.920585447360452], [47.5754211816423, -18.920722086754836], [47.57547902783506, -18.920788301139112], [47.57550243089264, -18.920820355674834], [47.57555964036521, -18.920848225665054], [47.57560263695228, -18.920854386021006], [47.575659232188, -18.920847621320604], [47.57572491237494, -18.920835101858415], [47.575754535143744, -18.92083094159466], [47.57578085560209, -18.920844347788375], [47.575797027211195, -18.92087500118032], [47.575877745861476, -18.920894226887015], [47.57626528981143, -18.921204167438304], [47.57640957074511, -18.921461502146485], [47.576283913871634, -18.921883003597657], [47.57628573859614, -18.922154680693836], [47.57626662890186, -18.92236580014145], [47.57636980362361, -18.92255862737869], [47.57639225519847, -18.92273186918038], [47.57628066821843, -18.922919181774773], [47.57625148162077, -18.923066702965855], [47.576158683276674, -18.923221515860178], [47.57593771085675, -18.92334463574622], [47.57582725162655, -18.923410253880093], [47.57566544740263, -18.923451828638918], [47.57535867876015, -18.92350240471211], [47.575223283128196, -18.923665594791316], [47.57505343626718, -18.923780282633857], [47.574873916298316, -18.923724546250696], [47.57477068042266, -18.92359527859918], [47.57472655698513, -18.92337635213687], [47.574571214390176, -18.92310939018614], [47.57443385643745, -18.922980330277937], [47.57421103321269, -18.922827434738224], [47.57389513555211, -18.92278876119235], [47.57362243592672, -18.922831007744776], [47.57342656358509, -18.92288090662845], [47.57326459568469, -18.92289812684703], [47.573025473147254, -18.92285898475427], [47.573022101588776, -18.922355668379282], [47.57302889236968, -18.92209583895169], [47.57294250079576, -18.9219339951577], [47.572984827387984, -18.92188502887086], [47.573137230998384, -18.921713618988292], [47.573170372814616, -18.92156728670085], [47.57316053872802, -18.92137250613621], [47.57309990193909, -18.92123486219907], [47.57304790493703, -18.921113400662875], [47.57292782835668, -18.921016710053095], [47.57272315614881, -18.921026070196888], [47.572569936853256, -18.92107570917659], [47.57253690205647, -18.92123827602552], [47.572538152114134, -18.921424990570756], [47.572469908859375, -18.92142540425897], [47.57231631004976, -18.921418217776477], [47.57215445096716, -18.92145167165728], [47.57194961508276, -18.921436677260772], [47.57177020662988, -18.92139717184193], [47.57159058233964, -18.921325194601934], [47.57136874027532, -18.92131842000896], [47.57125789973236, -18.921327209982678], [47.57139525318843, -18.92145627168952], [47.5716006871221, -18.921560566067228], [47.571737876901636, -18.921665273233714], [47.57184953223015, -18.921778255062293], [47.571832905564236, -18.92184330212666], [47.57167990390457, -18.92192541202803], [47.57151021982088, -18.92206445261229], [47.5712809322693, -18.922220091084284], [47.571052024231676, -18.92243255411904], [47.57096818493386, -18.922652257595587], [47.57101295408455, -18.922968602219157], [47.571176496698, -18.923186808324488], [47.571348463261074, -18.92338872590892], [47.57150336698686, -18.92359074691535], [47.571812526926635, -18.92389737076701], [47.572112233193195, -18.92406604041537], [47.57233473086325, -18.924170229572326], [47.57259955512552, -18.924225453341876], [47.572941371247396, -18.924312682184507], [47.573393594438926, -18.924326174713144], [47.57359832420343, -18.924324931850038], [47.57376969541525, -18.924437548553954], [47.573813654276876, -18.92463212317392], [47.573738348645975, -18.924851775389072], [47.57355149380646, -18.924974684833728], [47.573295905581745, -18.92502494614422], [47.57309937763421, -18.92497742776601], [47.5728866061321, -18.925051783712775], [47.57277641669839, -18.92515799094849], [47.57275169523473, -18.92528803471498], [47.572786250784986, -18.925352772412396], [47.57293290143235, -18.9255954328828], [47.57319012192664, -18.925788713378324], [47.57347255401521, -18.925925011030415], [47.57377177644639, -18.92602061525912], [47.57397683536277, -18.92606808057741], [47.574516002311725, -18.92632459330531], [47.5749574021624, -18.927227360654115], [47.574411716027896, -18.92773057900297], [47.57436666718809, -18.927766669695984], [47.571500301198, -18.929795892766208], [47.57107044324647, -18.92839738583058], [47.571032115040225, -18.92830197225817], [47.57106212181952, -18.928092565119698], [47.57091537044812, -18.927752714016435], [47.57056829059417, -18.927515700389222], [47.570347721969824, -18.92740943289897], [47.57040837674526, -18.92708625972307], [47.570406899159195, -18.926865086754333], [47.57017805227537, -18.926459976346734], [47.569737194715856, -18.926289284123072], [47.56925480286691, -18.92648349541696], [47.56894240806582, -18.926736454024024], [47.56870959607107, -18.926678081728028], [47.56821657513501, -18.926220763877097], [47.56813884493192, -18.925868538102463], [47.56843084041111, -18.925382565153143], [47.568460253637795, -18.92508349290881], [47.56755337818595, -18.924455040367718], [47.56736172006737, -18.924512901848914], [47.567172402884125, -18.924382530729133], [47.567065167723456, -18.92411671181668], [47.566365085980124, -18.923631556351154], [47.56135000040223, -18.923450003015148], [47.55924549418438, -18.92324394944859], [47.558533332747174, -18.923383336271854], [47.558440892333465, -18.923128927058315], [47.55838925865743, -18.92292000915097], [47.5582247591654, -18.922741657401446], [47.55814247029883, -18.922646502833743], [47.55799081042767, -18.922509919197353], [47.5570415049616, -18.922390062951024], [47.55686302370958, -18.921996587972103], [47.55674776659623, -18.921631700642422], [47.55665364984611, -18.921681011369458], [47.556272150239636, -18.921934363879757], [47.555803731157425, -18.922253845338616], [47.55564231094405, -18.92254174890246], [47.55493055689976, -18.92233692111199], [47.554845511611234, -18.9218233272847], [47.55484655302604, -18.921028258247418], [47.554862283967395, -18.920555908228494], [47.554778539997756, -18.92023957799404], [47.55454965893966, -18.919822490415527], [47.55422120584416, -18.919488968740893], [47.55449227769657, -18.91955270639221], [47.55443535870495, -18.919222182157853], [47.55428250992986, -18.918904271814654], [47.55420535169577, -18.91863373326015], [47.554179177826825, -18.918474476815618], [47.55430348661673, -18.918274472089195], [47.55442879635194, -18.918225899705476], [47.554386396914765, -18.918146448199934], [47.55436875401483, -18.91801105436656], [47.55443438833646, -18.917803427885815], [47.55457586788202, -18.91766708256972], [47.554684005062825, -18.917554850775673], [47.55486788404562, -18.91749795876376], [47.55506935286843, -18.917568490793144], [47.555312116760945, -18.917551100602793], [47.555704734685776, -18.91739731563348], [47.555921429030775, -18.917236610381167], [47.55611357638054, -18.917163726624608], [47.556339959121885, -18.917202228400072], [47.556657676110945, -18.917120622118887], [47.55674231760406, -18.91725561665328], [47.55703769903073, -18.91759658381517], [47.55741504017203, -18.917666062738476], [47.557716375110715, -18.917640348423276], [47.55799111170063, -18.917391616629743], [47.558321731262936, -18.916728080636346], [47.55841069309906, -18.91624931485387], [47.55838346072818, -18.915930656274725], [47.55881810397244, -18.915800524374617], [47.55905417780815, -18.91603822688262], [47.5593738939902, -18.91625948708554], [47.55964068956621, -18.91634764222988], [47.55982417734407, -18.915599302865473], [47.55984581862981, -18.915073116730866], [47.559746421959915, -18.91429060492743], [47.559603969347734, -18.913645844080406], [47.55932317762273, -18.912977999435043], [47.5590058509394, -18.9124837329378], [47.55857217806363, -18.911938324693836], [47.55867706509463, -18.91186741225124], [47.558797630905985, -18.911812981683738], [47.558883083587546, -18.91178019959648], [47.55897517866168, -18.91172765940388], [47.55903363279606, -18.911671322273662], [47.55905408607725, -18.911587220373804], [47.55907036380643, -18.911507140242293], [47.55909531010053, -18.911466999902018], [47.55914731339783, -18.911466688736596], [47.55926996563642, -18.911465953990557], [47.55955261356229, -18.911452288792077], [47.55985819779772, -18.911454407594817], [47.560149846138586, -18.91144468502415], [47.56039344190401, -18.911427228283912], [47.560741790701115, -18.911365151680343], [47.560958485945434, -18.911324141695673], [47.560997633434226, -18.911348017796684], [47.56104489640501, -18.911378509310737], [47.56409805877843, -18.913348751243802], [47.56416642074379, -18.913518966826814], [47.56424263019335, -18.913746012368506], [47.56431061534278, -18.913859353925943], [47.56437094096623, -18.913944303886467], [47.56444653707814, -18.914078928799427], [47.56450761993091, -18.914277627710305], [47.56460619192234, -18.914497427414233], [47.56479002414045, -18.91472596403196], [47.56497950679898, -18.9148961112665], [47.56523000935755, -18.914970742405785], [47.56536966597736, -18.915014112211395], [47.565501538964895, -18.91505862775341], [47.565581393366756, -18.915224104808487], [47.56557868730664, -18.915663108865317], [47.56557480673206, -18.915925452797353], [47.56558128724669, -18.916053897569213], [47.56550349768838, -18.916198910551202], [47.56542542574289, -18.91630109781738], [47.56536451196274, -18.91644601007522], [47.56538815244147, -18.91661717893959], [47.56553568442433, -18.916809016023194], [47.56563850031665, -18.917043951317282], [47.56574154193868, -18.917289552570708], [47.56578412933413, -18.917352781205864], [47.56590336774633, -18.917440144946625], [47.566055543828384, -18.91748439698722], [47.56623154115283, -18.917542057020285], [47.56639326983361, -18.917595286992878], [47.566488537715884, -18.917646658066758], [47.56653275917955, -18.917675125206756], [47.56657912013037, -18.91770709070954], [47.5666077320613, -18.917749607957944], [47.56664151329528, -18.917805347938383], [47.56664842998117, -18.91786676264087], [47.56684884030187, -18.917920649118628], [47.567051500726336, -18.917943517079607], [47.56715283183786, -18.917954951060096], [47.567292132326145, -18.917966155713486], [47.567423020555964, -18.917981427101097], [47.56758792744091, -18.91803664277677], [47.567735033145425, -18.91807169835016], [47.56781171024227, -18.918063397607682], [47.56791696419663, -18.918030641600808], [47.568050000007645, -18.91790000338233], [47.56820194136668, -18.91774384780024], [47.56829021342264, -18.91769513332372], [47.56835747191991, -18.917658591170948], [47.568462888651425, -18.91764992260579], [47.56850083014922, -18.91764567960439], [47.56853617890158, -18.917645465565727], [47.568703249555426, -18.917632411906254], [47.568918299939696, -18.917615051393454], [47.568989858095506, -18.91759052867991], [47.5690613901711, -18.91756198959405], [47.56920818920656, -18.917432619419742], [47.569375919962795, -18.917279031402074], [47.569526857678454, -18.91713758872868], [47.56962736141372, -18.91703668029845], [47.57038538197986, -18.917054660444194], [47.57153333329683, -18.917166670105644], [47.57369045435104, -18.91732354694409]]]}}, {"type": "Feature", "properties": {"fokontany": "Andafiavaratra Ambavahadimitaf", "arrondissement": "2e Arrondissement", "pcode": "MG11101002008"}, "geometry": {"type": "Polygon", "coordinates": [[[47.53430078275494, -18.91772437388073], [47.534376893279045, -18.91783750859412], [47.53440918703444, -18.917974812587488], [47.53441038583071, -18.91816012239167], [47.534418021974204, -18.91836930469958], [47.534469122352164, -18.918500521182068], [47.534570627032906, -18.918655352962105], [47.53465983977998, -18.91885210304207], [47.53472350368679, -18.918983243981415], [47.53478697423952, -18.91908449595269], [47.5348251639503, -18.919161986036784], [47.53481961693183, -18.919275600088838], [47.534814110383024, -18.919395191934484], [47.534846443708545, -18.919538472822182], [47.53497245761292, -18.9195975133145], [47.53506020086769, -18.91956710813548], [47.5351225490665, -18.919495007688397], [47.535140619144386, -18.919375342997625], [47.53515849317, -18.91922578933861], [47.53522712313321, -18.919153652019304], [47.53529691232279, -18.919209371315333], [47.53542947509027, -18.91931021769227], [47.535523964159665, -18.91935151006402], [47.5356430361972, -18.91930896493676], [47.5357307021103, -18.91926660596897], [47.5358432999285, -18.919194211443653], [47.535893278851916, -18.91915207191056], [47.53599974868945, -18.91910362273387], [47.53608128932024, -18.919085210014373], [47.536187375147335, -18.91909804873592], [47.53619837385594, -18.919331124231974], [47.53624385257183, -18.919563997380465], [47.53635125410716, -18.919659014351907], [47.53651538038059, -18.919783586643177], [47.53664786940374, -18.919872479231458], [47.53672983541372, -18.91991982134266], [47.536662899773034, -18.920205398360338], [47.53663223019345, -18.920319159001963], [47.53661423925581, -18.920450780179294], [47.53658356877685, -18.920564540820862], [47.53645301779261, -18.920774536115857], [47.53631618684267, -18.92098456738381], [47.53628629697522, -18.921025741944334], [47.53614185955922, -18.921224707953797], [47.536048765338364, -18.92139861525385], [47.53590860329956, -18.92162232071348], [47.53588711669721, -18.921656614561073], [47.53575648837125, -18.921854654268827], [47.535650866594324, -18.922034612207483], [47.53468333276976, -18.922550003779577], [47.53465000029729, -18.922150002420608], [47.53375660298491, -18.9218078211739], [47.533654896856035, -18.92156728670085], [47.533448849584886, -18.921759789282817], [47.53326145425274, -18.921922291380554], [47.533116675094675, -18.92187531529345], [47.532927730230654, -18.921888529931607], [47.532847579052714, -18.922122137826364], [47.532766666148746, -18.92211666994831], [47.53245842081958, -18.92209184686112], [47.53217641770755, -18.922195122307016], [47.532043892711556, -18.922100250126334], [47.53193803531212, -18.922244340403893], [47.531416665946495, -18.922166669556134], [47.53075000031231, -18.921916669718485], [47.5305500000826, -18.92016666995579], [47.5307499994131, -18.92006666984082], [47.53086423489657, -18.92005191106682], [47.53121110340987, -18.919982702839377], [47.53136240355224, -18.919981818805866], [47.53143484484235, -18.919972395709408], [47.53149788731781, -18.91997202788673], [47.531526158405654, -18.919956864417657], [47.53160072389437, -18.919788433089593], [47.5316753478391, -18.919629003075954], [47.53172359466822, -18.91952002323046], [47.531757899307706, -18.91953549606626], [47.53206568328483, -18.919685690941833], [47.532236756820964, -18.9194926973301], [47.53239537834418, -18.919323774972213], [47.53244119520508, -18.919259507620154], [47.532486754859974, -18.91915524741671], [47.532498666380434, -18.91904718128228], [47.53252916059239, -18.91856301956767], [47.532531970074444, -18.918347011405388], [47.53255122635812, -18.91807490803052], [47.533507616683266, -18.917785320935764], [47.53362498180746, -18.917736636136794], [47.53367930805376, -18.917688319160504], [47.5338880469958, -18.917471104108074], [47.53406710381387, -18.917528470062734], [47.53419943455634, -18.91759345417455], [47.53430078275494, -18.91772437388073]]]}}, {"type": "Feature", "properties": {"fokontany": "Manjakamiadana Antsahondra AMB", "arrondissement": "2e Arrondissement", "pcode": "MG11101002009"}, "geometry": {"type": "Polygon", "coordinates": [[[47.53468333276976, -18.922550003779577], [47.534016667135575, -18.92333333576471], [47.534503522319824, -18.92441475883396], [47.534499998776084, -18.924516670008188], [47.53499999935053, -18.92455000158128], [47.53506456797561, -18.924690002641455], [47.53516631007733, -18.924880702082646], [47.53511830516578, -18.925227702796178], [47.53523249298536, -18.925400394212772], [47.53526666722303, -18.92551666935873], [47.53527192376043, -18.925669169196738], [47.53529072228906, -18.925716573361058], [47.535335784618894, -18.925830199104382], [47.535335075053865, -18.925912990691927], [47.53533333306706, -18.92611666914894], [47.53535018186551, -18.926483463940656], [47.53459999889094, -18.926416670392996], [47.53428063884053, -18.926828726264603], [47.53426666697328, -18.927300003392418], [47.533996326269516, -18.927283731059276], [47.53379354263802, -18.92725353362357], [47.533614084722274, -18.927187332729147], [47.533468069895605, -18.92719267200414], [47.5334392232416, -18.927103172373393], [47.53359396598876, -18.9269901788536], [47.533583333304364, -18.926816669054006], [47.53365786102148, -18.926671480704215], [47.5334937500366, -18.926570306974043], [47.53328603632161, -18.926505765328784], [47.5331470317102, -18.92638104285072], [47.533050000257276, -18.92620000302759], [47.53309469206647, -18.92605853966984], [47.53296173899321, -18.925897915356472], [47.53288612759286, -18.925862489262386], [47.53271044143372, -18.925893407954334], [47.53253936340093, -18.925972175975062], [47.532536685219895, -18.926223210932335], [47.53250011608765, -18.926396786382554], [47.532233333101885, -18.9266166697235], [47.53198839195079, -18.926919860862824], [47.53169412568343, -18.927071030603543], [47.53139159104927, -18.9272805726402], [47.53109120399591, -18.927495762419483], [47.53048333333919, -18.92755000412933], [47.530350684236794, -18.92747681730117], [47.529999999900156, -18.927283336256835], [47.52986666641368, -18.926216669263795], [47.529896924103866, -18.926152969383963], [47.53018333389383, -18.925550001831084], [47.53028333310948, -18.924800003217456], [47.53030880370841, -18.924755318603047], [47.5302860022972, -18.92459655138964], [47.53034305258984, -18.924437317428158], [47.530377923802234, -18.92421603204417], [47.53034040588511, -18.92405034814493], [47.5303355999082, -18.92396283511664], [47.53030610844024, -18.923725351144014], [47.530383333224336, -18.92368333661659], [47.530498716242846, -18.92358141375115], [47.530619906183745, -18.92338021292636], [47.53064797942085, -18.923174893206635], [47.530683332669696, -18.922816668954056], [47.53075000031231, -18.921916669718485], [47.531416665946495, -18.922166669556134], [47.53193803531212, -18.922244340403893], [47.532043892711556, -18.922100250126334], [47.53217641770755, -18.922195122307016], [47.53245842081958, -18.92209184686112], [47.532766666148746, -18.92211666994831], [47.532847579052714, -18.922122137826364], [47.532927730230654, -18.921888529931607], [47.533116675094675, -18.92187531529345], [47.53326145425274, -18.921922291380554], [47.533448849584886, -18.921759789282817], [47.533654896856035, -18.92156728670085], [47.53375660298491, -18.9218078211739], [47.53465000029729, -18.922150002420608], [47.53468333276976, -18.922550003779577]]]}}, {"type": "Feature", "properties": {"fokontany": "Ambohipotsy Ambohimitsimbina A", "arrondissement": "2e Arrondissement", "pcode": "MG11101002015"}, "geometry": {"type": "Polygon", "coordinates": [[[47.53426666697328, -18.927300003392418], [47.53403333337178, -18.92795000189102], [47.533966666628544, -18.928583335952112], [47.533883332749724, -18.928533335445024], [47.53371666679084, -18.928533336344287], [47.53331277586409, -18.928705432409686], [47.53310754157991, -18.92902495883476], [47.532807104164704, -18.92920947993349], [47.532739379818565, -18.92944818608487], [47.53260184290076, -18.929550616167944], [47.53254627379158, -18.92970039106018], [47.53269999940551, -18.929916669019008], [47.532465110876274, -18.93000871642903], [47.53225833785217, -18.930831906367303], [47.53237842522418, -18.930944784773942], [47.532662836720704, -18.93121212713794], [47.5327332095701, -18.931408986935082], [47.53287307033611, -18.93166521907449], [47.53303778566527, -18.93187946096822], [47.53312014377974, -18.93198658101585], [47.53317745127839, -18.932105804139496], [47.53314685544319, -18.932231521267568], [47.53305297701337, -18.93228587089618], [47.53287646797469, -18.93242139333256], [47.53214204921636, -18.93250938300156], [47.53185505936369, -18.932815936705992], [47.53172464867379, -18.93304983957836], [47.531466667352845, -18.933283335957128], [47.53134462305604, -18.933398370038674], [47.5312746773846, -18.933510866233462], [47.531021970587574, -18.933621206753173], [47.53091658443287, -18.933641333580567], [47.53058362933115, -18.933623247314927], [47.530472092712955, -18.933184347579527], [47.530384391726386, -18.933027727047886], [47.530230315376855, -18.93282042612168], [47.530033333271774, -18.932550002680443], [47.52975000006256, -18.931983337161228], [47.5295833332043, -18.931633337208723], [47.53010000001518, -18.931633337208723], [47.530333332717305, -18.931566669566052], [47.53034999985272, -18.93115000287031], [47.53086409909906, -18.93053009388865], [47.530846750277306, -18.930431378904927], [47.530846717901795, -18.930370422856697], [47.530829279148065, -18.93033582863552], [47.53080118522655, -18.930290518992194], [47.5307738323466, -18.93026602325824], [47.53067678470592, -18.930190844431877], [47.53064563578744, -18.930194689033556], [47.53054914482715, -18.93020565356801], [47.53051800400266, -18.93021072034844], [47.53051349030551, -18.93012975528393], [47.530498253991254, -18.930082698257877], [47.53047825486766, -18.930060000268725], [47.53045488418559, -18.93003838506337], [47.530434998376506, -18.930013765223066], [47.530419942826256, -18.92997839938357], [47.530417041613305, -18.929941153961067], [47.53039849039817, -18.929874393688294], [47.53042102291198, -18.929851230749648], [47.530397507439204, -18.929800631293972], [47.53039199459499, -18.92977099683401], [47.53040388363246, -18.929728329398756], [47.53037906504187, -18.929696727222165], [47.53036514983194, -18.92961712822779], [47.530345868367135, -18.929574551624228], [47.53034209661058, -18.929520488879405], [47.53036649971426, -18.929413713272197], [47.53038800160505, -18.929387901830125], [47.53040227384599, -18.929356984936817], [47.53040202383443, -18.92932225132074], [47.53039160788654, -18.929266785633615], [47.53040919143109, -18.929195588105813], [47.53040698989082, -18.92914911384048], [47.530393337282874, -18.929105681981582], [47.53037702717813, -18.929079518904643], [47.53036666608892, -18.928950003040086], [47.53046666620378, -18.928000003297484], [47.53047638967382, -18.927737471407113], [47.53048333333919, -18.92755000412933], [47.53109120399591, -18.927495762419483], [47.53139159104927, -18.9272805726402], [47.53169412568343, -18.927071030603543], [47.53198839195079, -18.926919860862824], [47.532233333101885, -18.9266166697235], [47.53250011608765, -18.926396786382554], [47.532536685219895, -18.926223210932335], [47.53253936340093, -18.925972175975062], [47.53271044143372, -18.925893407954334], [47.53288612759286, -18.925862489262386], [47.53296173899321, -18.925897915356472], [47.53309469206647, -18.92605853966984], [47.533050000257276, -18.92620000302759], [47.5331470317102, -18.92638104285072], [47.53328603632161, -18.926505765328784], [47.5334937500366, -18.926570306974043], [47.53365786102148, -18.926671480704215], [47.533583333304364, -18.926816669054006], [47.53359396598876, -18.9269901788536], [47.5334392232416, -18.927103172373393], [47.533468069895605, -18.92719267200414], [47.533614084722274, -18.927187332729147], [47.53379354263802, -18.92725353362357], [47.533996326269516, -18.927283731059276], [47.53426666697328, -18.927300003392418]]]}}, {"type": "Feature", "properties": {"fokontany": "Andohamandry", "arrondissement": "2e Arrondissement", "pcode": "MG11101002016"}, "geometry": {"type": "Polygon", "coordinates": [[[47.533966666628544, -18.928583335952112], [47.53395835599332, -18.928814750400363], [47.53399188541721, -18.928899739031692], [47.53401116508326, -18.928966877919038], [47.534166666858255, -18.929266668721766], [47.5343573869838, -18.929247410639448], [47.534452462411366, -18.929196414582805], [47.53453714976979, -18.929178265364612], [47.53459252192749, -18.929135067329412], [47.534690541735245, -18.929129449264565], [47.534746964301064, -18.92917997677438], [47.53500282771847, -18.929403770367628], [47.53501390736608, -18.92947768114999], [47.53501466909182, -18.929595368231617], [47.53500107943643, -18.92967951329888], [47.53498081501266, -18.929824223209266], [47.53498129435138, -18.929898196944123], [47.534918086400694, -18.929959092737874], [47.534833334290965, -18.930016669133863], [47.53497284791865, -18.930139791717977], [47.535011873998826, -18.93034580211696], [47.53504101293254, -18.930480133851063], [47.53492387084009, -18.930579457675776], [47.534863495753825, -18.93071431461391], [47.534822111651295, -18.93087147833603], [47.53480893568394, -18.931019509442706], [47.53472049725332, -18.931185917296148], [47.534726544294756, -18.93139211925086], [47.53472724126931, -18.931499718636985], [47.53470054219633, -18.931741979808464], [47.53475320739477, -18.93187169172512], [47.534857435222534, -18.931960750688006], [47.534749220700064, -18.93198380211072], [47.53456591728332, -18.9320521290025], [47.5344816094389, -18.932128841172982], [47.53435000085193, -18.932166669356263], [47.534303958261205, -18.93238885765959], [47.534220026333344, -18.932523853093244], [47.53423982940467, -18.932671690845837], [47.534335880596586, -18.932998178922787], [47.534138026149094, -18.93318418839948], [47.53409625623726, -18.933281947403827], [47.534040111562035, -18.933342801828815], [47.533890126228414, -18.933651491423063], [47.53371419635312, -18.93379773737564], [47.533520726100676, -18.933897310312545], [47.53332629627164, -18.933884998593726], [47.53332324217405, -18.93395899481169], [47.533323894182445, -18.934059869067653], [47.53328229694051, -18.93418452769373], [47.533233241620906, -18.93424870511359], [47.53320944106292, -18.934393434809067], [47.533167648668154, -18.934487833047], [47.53312568270428, -18.93455532986451], [47.53306975476556, -18.93464980994071], [47.53304918457235, -18.93474744483865], [47.53293659035148, -18.934822082273172], [47.532757011027286, -18.934920647969477], [47.53261920431294, -18.934921454661378], [47.53252367023134, -18.934901838648898], [47.53237216774147, -18.934957349302124], [47.53230480042623, -18.934753471195677], [47.532232773723536, -18.934680564056748], [47.532177429444914, -18.934633748048952], [47.53189054481294, -18.934530671353343], [47.53150159342397, -18.9338904179084], [47.53066666643366, -18.93395000338984], [47.530637511312136, -18.933835277775756], [47.53058362933115, -18.933623247314927], [47.53091658443287, -18.933641333580567], [47.531021970587574, -18.933621206753173], [47.5312746773846, -18.933510866233462], [47.53134462305604, -18.933398370038674], [47.531466667352845, -18.933283335957128], [47.53172464867379, -18.93304983957836], [47.53185505936369, -18.932815936705992], [47.53214204921636, -18.93250938300156], [47.53287646797469, -18.93242139333256], [47.53305297701337, -18.93228587089618], [47.53314685544319, -18.932231521267568], [47.53317745127839, -18.932105804139496], [47.53312014377974, -18.93198658101585], [47.53303778566527, -18.93187946096822], [47.53287307033611, -18.93166521907449], [47.5327332095701, -18.931408986935082], [47.532662836720704, -18.93121212713794], [47.53237842522418, -18.930944784773942], [47.53225833785217, -18.930831906367303], [47.532465110876274, -18.93000871642903], [47.53269999940551, -18.929916669019008], [47.53254627379158, -18.92970039106018], [47.53260184290076, -18.929550616167944], [47.532739379818565, -18.92944818608487], [47.532807104164704, -18.92920947993349], [47.53310754157991, -18.92902495883476], [47.53331277586409, -18.928705432409686], [47.53371666679084, -18.928533336344287], [47.533883332749724, -18.928533335445024], [47.533966666628544, -18.928583335952112]]]}}, {"type": "Feature", "properties": {"fokontany": "Miandrarivo Ambanidia", "arrondissement": "2e Arrondissement", "pcode": "MG11101002011"}, "geometry": {"type": "Polygon", "coordinates": [[[47.53812494291185, -18.925290815418748], [47.53810231057321, -18.925480188359984], [47.53817864862589, -18.92549328968346], [47.53851815708737, -18.92553911733637], [47.53891450809823, -18.925632431891188], [47.53886501480878, -18.925749293395143], [47.53885947228696, -18.9258629056485], [47.5388536959415, -18.925940652039344], [47.53884885129361, -18.926161866376958], [47.539156993200834, -18.926213851687862], [47.53939928584845, -18.926238809673293], [47.53944905163246, -18.926509763714535], [47.53941694673489, -18.9266444560767], [47.539285511717026, -18.926758921786757], [47.539199364758986, -18.92693394424606], [47.539100377280704, -18.92716766635465], [47.539060666816454, -18.927351528250313], [47.538971154595174, -18.92735205525304], [47.53884869391214, -18.92735725873041], [47.538664959720165, -18.927358339715568], [47.53843324220054, -18.927225201381873], [47.53824953588742, -18.927230766386685], [47.538086068817165, -18.92722953971139], [47.53786272758293, -18.927156822329437], [47.537669456080664, -18.927140024792266], [47.537499505797655, -18.927087221997624], [47.5373674502477, -18.92706558161126], [47.53735252959564, -18.926944615601485], [47.53733723302696, -18.92676536722786], [47.53720456413936, -18.926649577715807], [47.53692567897696, -18.926507747434528], [47.536812000173654, -18.926414262008564], [47.53665644713743, -18.92640172366049], [47.53650327280786, -18.926317739571914], [47.53632614503567, -18.926322962834377], [47.53621796558667, -18.926350499176124], [47.536081837007316, -18.92642751711611], [47.53593637256557, -18.92651803927606], [47.53574853926375, -18.926613294567858], [47.53564041467342, -18.926649797150333], [47.535512692057125, -18.926569843823188], [47.53535018186551, -18.926483463940656], [47.53533333306706, -18.92611666914894], [47.535335075053865, -18.925912990691927], [47.535335784618894, -18.925830199104382], [47.53529072228906, -18.925716573361058], [47.53527192376043, -18.925669169196738], [47.53526666722303, -18.92551666935873], [47.53523249298536, -18.925400394212772], [47.53511830516578, -18.925227702796178], [47.53516631007733, -18.924880702082646], [47.53506456797561, -18.924690002641455], [47.53499999935053, -18.92455000158128], [47.534499998776084, -18.924516670008188], [47.534503522319824, -18.92441475883396], [47.534016667135575, -18.92333333576471], [47.53468333276976, -18.922550003779577], [47.535650866594324, -18.922034612207483], [47.53567087381191, -18.922213832702198], [47.535829068157, -18.922392242907563], [47.535948154583764, -18.92214874966504], [47.53614225616036, -18.922051961928446], [47.536361018946025, -18.92198459101604], [47.53665569800211, -18.921899168911466], [47.537067163019174, -18.92190273022669], [47.53722966331844, -18.921776238782343], [47.53756226318808, -18.921726458609157], [47.53758333430358, -18.921800001568784], [47.53767192831697, -18.921945374279517], [47.53770500268382, -18.922202231447784], [47.53774955419868, -18.922291639347634], [47.537919964035154, -18.922416173867305], [47.53792050722569, -18.92249986117963], [47.53795272993466, -18.922625207787064], [47.537941447939545, -18.92282254692293], [47.53803074432352, -18.923031250791496], [47.53799764567492, -18.923070353314074], [47.53801473009571, -18.9232088731909], [47.53804814800367, -18.92337040222219], [47.53803371388483, -18.9236400243675], [47.537897448608476, -18.923841055220464], [47.53785803941702, -18.924003011429704], [47.53785164793533, -18.924264885915704], [47.537902399376264, -18.924603435699908], [47.53796853731831, -18.924818677639735], [47.538130928799376, -18.924902436897924], [47.538132230118435, -18.92510265656233], [47.53812494291185, -18.925290815418748]]]}}, {"type": "Feature", "properties": {"fokontany": "Volosarika Ambanidia", "arrondissement": "2e Arrondissement", "pcode": "MG11101002007"}, "geometry": {"type": "Polygon", "coordinates": [[[47.54032982066474, -18.921262411131238], [47.54040902305803, -18.921519036274447], [47.54043333263229, -18.921583335102753], [47.54051391188756, -18.92175547973153], [47.540581244129214, -18.92192153055413], [47.54068951440962, -18.92221512322925], [47.54074689295487, -18.92244525884155], [47.54079130507472, -18.922754354929452], [47.54092598664499, -18.92317948874239], [47.540114497785964, -18.923075831084645], [47.54018503341268, -18.923296599358537], [47.540242498292855, -18.923439730958705], [47.54019969505987, -18.92361932107474], [47.54005670195522, -18.923847325293707], [47.54001354798703, -18.923973117065657], [47.540339214982964, -18.924013776314666], [47.540230039085145, -18.924612213083094], [47.54011201385839, -18.924756608230837], [47.53987390395753, -18.924847678977073], [47.53970418929708, -18.9248307438437], [47.53957875455592, -18.92486137385322], [47.5393725112325, -18.924891514631668], [47.53911028511169, -18.92513815370279], [47.53875278841065, -18.925223950824602], [47.53812494291185, -18.925290815418748], [47.538132230118435, -18.92510265656233], [47.538130928799376, -18.924902436897924], [47.53796853731831, -18.924818677639735], [47.537902399376264, -18.924603435699908], [47.53785164793533, -18.924264885915704], [47.53785803941702, -18.924003011429704], [47.537897448608476, -18.923841055220464], [47.53803371388483, -18.9236400243675], [47.53804814800367, -18.92337040222219], [47.53801473009571, -18.9232088731909], [47.53799764567492, -18.923070353314074], [47.53803074432352, -18.923031250791496], [47.537941447939545, -18.92282254692293], [47.53795272993466, -18.922625207787064], [47.53792050722569, -18.92249986117963], [47.537919964035154, -18.922416173867305], [47.53774955419868, -18.922291639347634], [47.53770500268382, -18.922202231447784], [47.53767192831697, -18.921945374279517], [47.53758333430358, -18.921800001568784], [47.53756226318808, -18.921726458609157], [47.53776318612233, -18.921713324010568], [47.53786930792239, -18.92161107469127], [47.53780478786075, -18.921348424989787], [47.53785430003609, -18.921234551932912], [47.53768819525408, -18.920805117562054], [47.537798541169934, -18.920386012804215], [47.538363638271335, -18.92011114041668], [47.53829867394478, -18.920018415817196], [47.53827168618949, -18.91973163370784], [47.538466667302885, -18.91978333663161], [47.53850184338552, -18.919867773079204], [47.53862176887958, -18.919956735814594], [47.53880641678279, -18.91999704073072], [47.539062310777126, -18.920085659025915], [47.53921969123587, -18.92013853466557], [47.5394401177673, -18.920226905647155], [47.53960000014001, -18.920316670577847], [47.539766666998105, -18.92021666866424], [47.53997390856904, -18.92062486824301], [47.54032982066474, -18.921262411131238]]]}}, {"type": "Feature", "properties": {"fokontany": "Manakambahiny Ankerakely Ambat", "arrondissement": "2e Arrondissement", "pcode": "MG11101002017"}, "geometry": {"type": "Polygon", "coordinates": [[[47.539060666816454, -18.927351528250313], [47.53904339623591, -18.927542641379716], [47.53898205797577, -18.927770162662796], [47.53898993333888, -18.928015211732543], [47.53899121577206, -18.928212476224758], [47.53913721980689, -18.928386469859618], [47.539175376242724, -18.92845798215012], [47.539389142395066, -18.928486611168125], [47.539471931284766, -18.928659484247703], [47.53949194209946, -18.928838704742304], [47.539569263111105, -18.92913714566265], [47.53967822856748, -18.929471268983832], [47.53967435698604, -18.92984192186708], [47.54015541064376, -18.930027210087644], [47.54057338315528, -18.930544824783738], [47.54066893702196, -18.931121315396297], [47.54089085822659, -18.931436837140268], [47.54081040307773, -18.931622627182435], [47.54067236164025, -18.931647352243488], [47.54051644887505, -18.93182163186276], [47.54042938820584, -18.93201792238915], [47.54031670495215, -18.932078364924564], [47.53966489611821, -18.933288576306722], [47.53922398190127, -18.933095071880018], [47.53901633473623, -18.933042494815254], [47.5389732572101, -18.93318024127501], [47.53886007033606, -18.933162974291804], [47.53883420493463, -18.933049544600692], [47.5388145052853, -18.932918147354542], [47.538700812992204, -18.93282316905396], [47.53881594240181, -18.933139322121974], [47.53863168660314, -18.933786021907338], [47.53852149177351, -18.93422903694045], [47.53845991519307, -18.9344206941596], [47.538801169238695, -18.934577954109272], [47.53858866123784, -18.934898169414907], [47.53820190779186, -18.935318900147024], [47.537902285162374, -18.935613581901237], [47.5378150779037, -18.93572767439258], [47.53792884933705, -18.935834609179835], [47.53767288699419, -18.936081208680775], [47.53744580817761, -18.93593907442869], [47.53719027211349, -18.93625142786101], [47.53698861623184, -18.93612718112439], [47.53765564159477, -18.935077870147552], [47.537164845581344, -18.93481460530967], [47.537245325011895, -18.934618679008736], [47.53729817277258, -18.93449266330572], [47.53734248416839, -18.934323483741764], [47.537243386972875, -18.934320139162992], [47.537214464775786, -18.934316379996858], [47.53720595539056, -18.934277147072578], [47.53719753144105, -18.9342016984495], [47.53717829314388, -18.93411940778435], [47.537148717139644, -18.934023157842375], [47.537133794689, -18.93395437139708], [47.5370996033642, -18.9338902902046], [47.53708453162602, -18.93379854586607], [47.53705072790888, -18.933794152677876], [47.53700241812726, -18.9337852538863], [47.53697317127484, -18.933739508971144], [47.53692429492031, -18.933643373243058], [47.53690433896418, -18.933542474705348], [47.53694219412705, -18.933427462207533], [47.53702400995019, -18.933394840199696], [47.53710073291256, -18.933320923121983], [47.53681045963515, -18.933203246832306], [47.53658785674435, -18.933103539896422], [47.5364572850757, -18.933058391231725], [47.536307621699564, -18.933045494953603], [47.536191584873905, -18.933009443830713], [47.53610947137514, -18.932996150951567], [47.53605621802018, -18.93296891408403], [47.53599343365016, -18.932960099828676], [47.5359548941031, -18.93296950943528], [47.535947116766124, -18.933020912884786], [47.53590994868523, -18.933039484784274], [47.53581880329517, -18.932988950979222], [47.535678019824786, -18.932922995599654], [47.535535626568105, -18.932847804182757], [47.53546818820638, -18.932826067568897], [47.53541858430032, -18.932921949688136], [47.5352960498729, -18.933091791153117], [47.535203899940086, -18.933180570426885], [47.535103927704256, -18.933254688053353], [47.53500381337534, -18.933306747108645], [47.53492928385947, -18.93336037638022], [47.5347291172551, -18.933434735924266], [47.53461198055851, -18.93349434568745], [47.53451124299954, -18.933570298830148], [47.5343951594092, -18.933733981737817], [47.53422635306373, -18.934159441105294], [47.53396514407632, -18.934887468381874], [47.53379359300004, -18.935120908103386], [47.533458081125616, -18.935577459731917], [47.53343314022737, -18.935600618173908], [47.533356455935746, -18.935658682901874], [47.53327946677399, -18.93566960966473], [47.53322989704225, -18.935664661594785], [47.532970937258995, -18.935624276639032], [47.532447613666534, -18.935559250259132], [47.5324347101938, -18.935266011017518], [47.53237216774147, -18.934957349302124], [47.53252367023134, -18.934901838648898], [47.53261920431294, -18.934921454661378], [47.532757011027286, -18.934920647969477], [47.53293659035148, -18.934822082273172], [47.53304918457235, -18.93474744483865], [47.53306975476556, -18.93464980994071], [47.53312568270428, -18.93455532986451], [47.533167648668154, -18.934487833047], [47.53320944106292, -18.934393434809067], [47.533233241620906, -18.93424870511359], [47.53328229694051, -18.93418452769373], [47.533323894182445, -18.934059869067653], [47.53332324217405, -18.93395899481169], [47.53332629627164, -18.933884998593726], [47.533520726100676, -18.933897310312545], [47.53371419635312, -18.93379773737564], [47.533890126228414, -18.933651491423063], [47.534040111562035, -18.933342801828815], [47.53409625623726, -18.933281947403827], [47.534138026149094, -18.93318418839948], [47.534335880596586, -18.932998178922787], [47.53423982940467, -18.932671690845837], [47.534220026333344, -18.932523853093244], [47.534303958261205, -18.93238885765959], [47.53435000085193, -18.932166669356263], [47.5344816094389, -18.932128841172982], [47.53456591728332, -18.9320521290025], [47.534749220700064, -18.93198380211072], [47.534857435222534, -18.931960750688006], [47.53475320739477, -18.93187169172512], [47.53470054219633, -18.931741979808464], [47.53472724126931, -18.931499718636985], [47.534726544294756, -18.93139211925086], [47.53472049725332, -18.931185917296148], [47.53480893568394, -18.931019509442706], [47.534822111651295, -18.93087147833603], [47.534863495753825, -18.93071431461391], [47.53492387084009, -18.930579457675776], [47.53504101293254, -18.930480133851063], [47.535011873998826, -18.93034580211696], [47.53497284791865, -18.930139791717977], [47.534833334290965, -18.930016669133863], [47.534918086400694, -18.929959092737874], [47.53498129435138, -18.929898196944123], [47.53498081501266, -18.929824223209266], [47.53500107943643, -18.92967951329888], [47.53501466909182, -18.929595368231617], [47.53501390736608, -18.92947768114999], [47.53500282771847, -18.929403770367628], [47.534746964301064, -18.92917997677438], [47.534690541735245, -18.929129449264565], [47.53459252192749, -18.929135067329412], [47.53453714976979, -18.929178265364612], [47.534452462411366, -18.929196414582805], [47.5343573869838, -18.929247410639448], [47.534166666858255, -18.929266668721766], [47.53401116508326, -18.928966877919038], [47.53399188541721, -18.928899739031692], [47.53395835599332, -18.928814750400363], [47.533966666628544, -18.928583335952112], [47.53403333337178, -18.92795000189102], [47.53426666697328, -18.927300003392418], [47.53428063884053, -18.926828726264603], [47.53459999889094, -18.926416670392996], [47.53535018186551, -18.926483463940656], [47.535512692057125, -18.926569843823188], [47.53564041467342, -18.926649797150333], [47.53574853926375, -18.926613294567858], [47.53593637256557, -18.92651803927606], [47.536081837007316, -18.92642751711611], [47.53621796558667, -18.926350499176124], [47.53632614503567, -18.926322962834377], [47.53650327280786, -18.926317739571914], [47.53665644713743, -18.92640172366049], [47.536812000173654, -18.926414262008564], [47.53692567897696, -18.926507747434528], [47.53720456413936, -18.926649577715807], [47.53733723302696, -18.92676536722786], [47.53735252959564, -18.926944615601485], [47.5373674502477, -18.92706558161126], [47.537499505797655, -18.927087221997624], [47.537669456080664, -18.927140024792266], [47.53786272758293, -18.927156822329437], [47.538086068817165, -18.92722953971139], [47.53824953588742, -18.927230766386685], [47.53843324220054, -18.927225201381873], [47.538664959720165, -18.927358339715568], [47.53884869391214, -18.92735725873041], [47.538971154595174, -18.92735205525304], [47.539060666816454, -18.927351528250313]]]}}, {"type": "Feature", "properties": {"fokontany": "Tsiadana", "arrondissement": "2e Arrondissement", "pcode": "MG11101002006"}, "geometry": {"type": "Polygon", "coordinates": [[[47.558422527277855, -18.91178362241618], [47.55857217806363, -18.911938324693836], [47.5590058509394, -18.9124837329378], [47.55932317762273, -18.912977999435043], [47.559603969347734, -18.913645844080406], [47.559746421959915, -18.91429060492743], [47.55984581862981, -18.915073116730866], [47.55982417734407, -18.915599302865473], [47.55964068956621, -18.91634764222988], [47.5593738939902, -18.91625948708554], [47.55905417780815, -18.91603822688262], [47.55881810397244, -18.915800524374617], [47.55838346072818, -18.915930656274725], [47.55841069309906, -18.91624931485387], [47.558321731262936, -18.916728080636346], [47.55799111170063, -18.917391616629743], [47.557716375110715, -18.917640348423276], [47.55741504017203, -18.917666062738476], [47.55703769903073, -18.91759658381517], [47.55674231760406, -18.91725561665328], [47.556657676110945, -18.917120622118887], [47.556339959121885, -18.917202228400072], [47.55611357638054, -18.917163726624608], [47.555921429030775, -18.917236610381167], [47.555704734685776, -18.91739731563348], [47.555312116760945, -18.917551100602793], [47.55506935286843, -18.917568490793144], [47.55486788404562, -18.91749795876376], [47.554684005062825, -18.917554850775673], [47.55457586788202, -18.91766708256972], [47.55443438833646, -18.917803427885815], [47.55436875401483, -18.91801105436656], [47.554386396914765, -18.918146448199934], [47.55442879635194, -18.918225899705476], [47.55430348661673, -18.918274472089195], [47.554179177826825, -18.918474476815618], [47.55420535169577, -18.91863373326015], [47.55428250992986, -18.918904271814654], [47.55443535870495, -18.919222182157853], [47.55449227769657, -18.91955270639221], [47.55422120584416, -18.919488968740893], [47.55407076905084, -18.919453595706784], [47.55367430562484, -18.919342380146645], [47.553189160051886, -18.919118110812065], [47.5528673250671, -18.918892866612453], [47.55268227516706, -18.918680676971633], [47.55291979691117, -18.919230308431906], [47.55307287321466, -18.91960285079091], [47.55301589756573, -18.919905468162767], [47.552848629960465, -18.91987037032129], [47.552369686112115, -18.91963410582929], [47.55204267103261, -18.919576274025758], [47.5516895477345, -18.91936914936673], [47.55143190186084, -18.91935274843047], [47.55091817943054, -18.919559053807177], [47.55068781539052, -18.919871275938533], [47.550576598031626, -18.920152900435937], [47.55060333217807, -18.920397835291794], [47.55003193622497, -18.920431122797993], [47.549974738443495, -18.920329837551833], [47.54979843175232, -18.92026512773333], [47.549483154624, -18.920081685821117], [47.549117982209225, -18.919952339928443], [47.54908826141411, -18.920209567617405], [47.54881746295564, -18.920103572621656], [47.54845138942022, -18.91983673927399], [47.54779162698213, -18.919804786361738], [47.54739786691812, -18.920106017878368], [47.547198746225206, -18.920394139078155], [47.547419489318145, -18.920530323415676], [47.54737712495438, -18.920775669261616], [47.54710024168287, -18.92069959740843], [47.54689558116627, -18.92110133176095], [47.54666558135153, -18.92101667677815], [47.54653825263824, -18.92121105174857], [47.54620565906407, -18.921260846310986], [47.5457855173878, -18.921370936819244], [47.54554074171193, -18.921402276393906], [47.54527720168164, -18.9214456812731], [47.54501994341575, -18.921489049280126], [47.544872349379546, -18.921011688238764], [47.544740503371656, -18.920683715381074], [47.54468166792475, -18.920331364600713], [47.54459813799366, -18.920044918837903], [47.54459002161235, -18.919764003905584], [47.54450657082168, -18.919489511931374], [47.544254191377945, -18.919317645193132], [47.544153691239956, -18.91931823874569], [47.54379577995144, -18.9193382882313], [47.54344461717545, -18.919430031670572], [47.54321345993327, -18.919622691633833], [47.54294496643723, -18.919869372973096], [47.542714041220165, -18.92009789879893], [47.54247051470264, -18.920320519676125], [47.54225831606851, -18.920530999705818], [47.54207658826397, -18.920597830125644], [47.541831267599036, -18.920545476092798], [47.54165864273227, -18.920405126095602], [47.54160880140512, -18.919921789958607], [47.54160743803294, -18.919712570778415], [47.54174042797837, -18.919460128382184], [47.541914471075984, -18.919178139659323], [47.541994412712086, -18.918914637400576], [47.542062028240196, -18.918687078345954], [47.54214860057755, -18.91847734025697], [47.54234528140972, -18.91823166615842], [47.54230662135359, -18.918082446147935], [47.54199485967507, -18.917758672224863], [47.54185016235516, -18.917820279382283], [47.54138597728115, -18.91782204295282], [47.5411972302681, -18.917775331266398], [47.54114484206093, -18.91744685388909], [47.54117724733226, -18.917331819807544], [47.54164212758229, -18.917341035160575], [47.54195599097625, -18.917309292689595], [47.54227539329486, -18.917163937965256], [47.54234227857336, -18.917059284758068], [47.54253029623629, -18.917136186685582], [47.542656945062106, -18.916916590228368], [47.54281881223852, -18.91669445138774], [47.54300580287554, -18.91647216325964], [47.54324311957441, -18.91626153304327], [47.54335516700746, -18.916105444910272], [47.54342218718426, -18.916103453811274], [47.543606371936676, -18.91609798323526], [47.543989907608136, -18.916155495779435], [47.54410296677855, -18.916154826683794], [47.54424103519568, -18.916136076718487], [47.54425874644414, -18.915962612784313], [47.54405689271147, -18.915832291127288], [47.5439805069949, -18.915677316355016], [47.54407975527664, -18.915485435204573], [47.544224494864636, -18.91546690467385], [47.544324521059934, -18.91545409922719], [47.544494109815446, -18.915453095583814], [47.54455612706363, -18.91547405158616], [47.5448592318682, -18.91557647267598], [47.545091826226894, -18.91560498658083], [47.54537380955372, -18.91550169404792], [47.545592396971585, -18.915309106030293], [47.545604099849356, -18.915177522624504], [47.54540806023391, -18.914975433269547], [47.54538835698719, -18.914844035124077], [47.54546326062109, -18.914771857335325], [47.54571469667599, -18.914800257925492], [47.54593445591047, -18.91478700101925], [47.54609733212624, -18.91472027941728], [47.54617757863241, -18.91450459770897], [47.546214092906155, -18.91432504266652], [47.54626305199838, -18.914127482297374], [47.54638738237196, -18.913929474065867], [47.54655006163614, -18.91383286259645], [47.546706736127135, -18.91377813255474], [47.5469646473008, -18.913836384341607], [47.54730948694328, -18.914036431336115], [47.5478794916454, -18.913793933643092], [47.548200000130066, -18.913650003444843], [47.54922082058454, -18.913297527658756], [47.54922019375704, -18.913371558950246], [47.549215358102344, -18.91344497690403], [47.549227653633295, -18.913495516105115], [47.549243981724544, -18.91355235955365], [47.549304173349014, -18.913607677751997], [47.54935764344049, -18.913651647405516], [47.5494191435788, -18.91371376627717], [47.54944967286423, -18.913731201433677], [47.54948167344065, -18.913563672125747], [47.54951378913012, -18.913415015990097], [47.54958124008232, -18.913248153079678], [47.549667628958105, -18.91308567616295], [47.549770722740675, -18.912947845166798], [47.549902107396406, -18.91279859907604], [47.550019542667826, -18.912685424792414], [47.5501889497603, -18.912567446330456], [47.550365547831916, -18.91246517003151], [47.550483266389676, -18.912394735128885], [47.550697725020086, -18.91229898341129], [47.55084185576703, -18.91229137604614], [47.55098416898426, -18.91228831025728], [47.55129799011013, -18.91229794109705], [47.55161338684837, -18.9121895098379], [47.55186666561417, -18.912100003012654], [47.55199350779429, -18.912059277213814], [47.5522378410036, -18.911727230427232], [47.55235450915342, -18.91157723610047], [47.55274432479081, -18.91121766286477], [47.55298701583814, -18.911062474953212], [47.553277216270544, -18.91089011808441], [47.553463303988394, -18.910789475853505], [47.553769051000984, -18.910709449681235], [47.55406723291662, -18.91061524839489], [47.554380589093, -18.91055650467888], [47.55461177781149, -18.910498249294733], [47.5549463346058, -18.91048917693388], [47.555426027589135, -18.910500499398495], [47.555949287329895, -18.91055425097784], [47.556413066809625, -18.910651014432688], [47.556682259978345, -18.9106920621889], [47.55716154556893, -18.910874042702858], [47.557461555806185, -18.91105709610798], [47.55788911778865, -18.911324699275326], [47.558226996678684, -18.911585728398563], [47.558422527277855, -18.91178362241618]]]}}, {"type": "Feature", "properties": {"fokontany": "Ambatoroka", "arrondissement": "2e Arrondissement", "pcode": "MG11101002010"}, "geometry": {"type": "Polygon", "coordinates": [[[47.55003193622497, -18.920431122797993], [47.550135840296775, -18.920736039736425], [47.54991597224449, -18.92169082567102], [47.549720539671284, -18.922540853177793], [47.550186455041, -18.922705465984393], [47.550355972750026, -18.92269250225712], [47.55058304167403, -18.922834622120035], [47.55089220071466, -18.923042010280483], [47.55058096064289, -18.923474272119847], [47.550381919989775, -18.923774350705628], [47.550126543105534, -18.924104656404722], [47.54992086635502, -18.924350972619266], [47.549852947755426, -18.924530713821355], [47.54958367184912, -18.924657850978974], [47.549345606914414, -18.92475491210945], [47.54923426634849, -18.92501860232659], [47.54918273879241, -18.925275086276145], [47.54911028491182, -18.925270411600195], [47.54877057859949, -18.925194715663565], [47.548392949674906, -18.925083376896282], [47.54831666558175, -18.926716669838356], [47.54798198468097, -18.926595241577104], [47.5474652414278, -18.9263442461899], [47.54661666632626, -18.92626666977094], [47.545516665961486, -18.92628333690641], [47.54447854075204, -18.925901636751007], [47.54417742165083, -18.9259631971438], [47.544010271856735, -18.92606722622139], [47.54357093055404, -18.926397193775415], [47.54328014016653, -18.926643243790636], [47.543136690206154, -18.926160215221728], [47.54118558764486, -18.926659362339592], [47.540092648756854, -18.926671782876383], [47.539728726399744, -18.926671805359433], [47.53939928584845, -18.926238809673293], [47.539156993200834, -18.926213851687862], [47.53884885129361, -18.926161866376958], [47.5388536959415, -18.925940652039344], [47.53885947228696, -18.9258629056485], [47.53886501480878, -18.925749293395143], [47.53891450809823, -18.925632431891188], [47.53851815708737, -18.92553911733637], [47.53817864862589, -18.92549328968346], [47.53810231057321, -18.925480188359984], [47.53812494291185, -18.925290815418748], [47.53875278841065, -18.925223950824602], [47.53911028511169, -18.92513815370279], [47.5393725112325, -18.924891514631668], [47.53957875455592, -18.92486137385322], [47.53970418929708, -18.9248307438437], [47.53987390395753, -18.924847678977073], [47.54011201385839, -18.924756608230837], [47.540230039085145, -18.924612213083094], [47.540339214982964, -18.924013776314666], [47.54001354798703, -18.923973117065657], [47.54005670195522, -18.923847325293707], [47.54019969505987, -18.92361932107474], [47.540242498292855, -18.923439730958705], [47.54018503341268, -18.923296599358537], [47.540114497785964, -18.923075831084645], [47.54092598664499, -18.92317948874239], [47.54079130507472, -18.922754354929452], [47.54074689295487, -18.92244525884155], [47.54068951440962, -18.92221512322925], [47.540581244129214, -18.92192153055413], [47.54051391188756, -18.92175547973153], [47.54043333263229, -18.921583335102753], [47.54040902305803, -18.921519036274447], [47.54032982066474, -18.921262411131238], [47.54060689729056, -18.921368380945978], [47.540769667386314, -18.9212837295604], [47.541030093963855, -18.920762113780427], [47.54127214469389, -18.92031234304011], [47.541416302420544, -18.920263668133714], [47.54153859762829, -18.920298229979267], [47.54165864273227, -18.920405126095602], [47.541831267599036, -18.920545476092798], [47.54207658826397, -18.920597830125644], [47.54225831606851, -18.920530999705818], [47.54247051470264, -18.920320519676125], [47.542714041220165, -18.92009789879893], [47.54294496643723, -18.919869372973096], [47.54321345993327, -18.919622691633833], [47.54344461717545, -18.919430031670572], [47.54379577995144, -18.9193382882313], [47.544153691239956, -18.91931823874569], [47.544254191377945, -18.919317645193132], [47.54450657082168, -18.919489511931374], [47.54459002161235, -18.919764003905584], [47.54459813799366, -18.920044918837903], [47.54468166792475, -18.920331364600713], [47.544740503371656, -18.920683715381074], [47.544872349379546, -18.921011688238764], [47.54501994341575, -18.921489049280126], [47.54527720168164, -18.9214456812731], [47.54554074171193, -18.921402276393906], [47.5457855173878, -18.921370936819244], [47.54620565906407, -18.921260846310986], [47.54653825263824, -18.92121105174857], [47.54666558135153, -18.92101667677815], [47.54689558116627, -18.92110133176095], [47.54710024168287, -18.92069959740843], [47.54737712495438, -18.920775669261616], [47.547419489318145, -18.920530323415676], [47.547198746225206, -18.920394139078155], [47.54739786691812, -18.920106017878368], [47.54779162698213, -18.919804786361738], [47.54845138942022, -18.91983673927399], [47.54881746295564, -18.920103572621656], [47.54908826141411, -18.920209567617405], [47.549117982209225, -18.919952339928443], [47.549483154624, -18.920081685821117], [47.54979843175232, -18.92026512773333], [47.549974738443495, -18.920329837551833], [47.55003193622497, -18.920431122797993]]]}}, {"type": "Feature", "properties": {"fokontany": "Ambohimiandra Fenomanana Antsa", "arrondissement": "2e Arrondissement", "pcode": "MG11101002018"}, "geometry": {"type": "Polygon", "coordinates": [[[47.54831666558175, -18.926716669838356], [47.54828341494766, -18.927402251812453], [47.54774944967744, -18.92739944233034], [47.547592451430546, -18.927406351821617], [47.54724737436686, -18.92745322898321], [47.547046900194346, -18.927553057327657], [47.546827125671484, -18.92756631603254], [47.546815384122795, -18.92769192164485], [47.54672795203345, -18.92777015366954], [47.54660911292035, -18.927848570954723], [47.5464902720085, -18.927926988239847], [47.54649136738277, -18.928094363763762], [47.54639117571236, -18.92814277966545], [47.54627237526995, -18.928227174744222], [47.54621654535737, -18.928335107778878], [47.54611678266343, -18.928449280309962], [47.54595424459279, -18.928569802054653], [47.54583524809834, -18.928624308165183], [47.54584871005005, -18.92876172097658], [47.545776028640944, -18.929174626707606], [47.54564384268929, -18.929133564562335], [47.545534414082, -18.929190219153213], [47.54541279336581, -18.929344160604444], [47.545143037221465, -18.929399557943157], [47.54441584181768, -18.92915824825451], [47.544412550299114, -18.929048042632985], [47.54433751176674, -18.9291771636951], [47.54432476297757, -18.929334562140298], [47.544314259795385, -18.929464241681387], [47.54432811205288, -18.9296614324291], [47.54443661705642, -18.929923817729957], [47.54427440993618, -18.93134855609094], [47.54393803920914, -18.932455428175444], [47.54383854721124, -18.932611441664676], [47.543633008056986, -18.9328816645571], [47.54341232971524, -18.93299837767296], [47.54375864424611, -18.933121867180375], [47.54350132842376, -18.933159255595058], [47.543143817333316, -18.933245059911485], [47.54294330898671, -18.933323958333972], [47.542811045693384, -18.933284916065986], [47.54278577024729, -18.933335537105336], [47.54262865688713, -18.93359288890059], [47.54312387756494, -18.934040241364016], [47.543383331975235, -18.933933336254427], [47.54343333158306, -18.933983335862195], [47.54363333271232, -18.933933337153746], [47.54371666569176, -18.93395000338984], [47.543784048295265, -18.9341260079089], [47.54377226537787, -18.934245635727393], [47.543703985250886, -18.934371574988177], [47.54357917014278, -18.93449784969596], [47.54355548739602, -18.934719172851487], [47.543562901406915, -18.934892489296885], [47.54345751525216, -18.935108315796015], [47.54337058498459, -18.935264256440234], [47.543390327801546, -18.935401630580657], [47.54343535415842, -18.93556276930633], [47.543517876848625, -18.935693796031785], [47.543493489932644, -18.93580751980113], [47.54360765706775, -18.93597422712878], [47.54311666680087, -18.936033335969626], [47.54245000026748, -18.936183336591682], [47.54231666588146, -18.93586667001074], [47.54191666722045, -18.935633337308616], [47.54184544631039, -18.935564876417857], [47.54196808056264, -18.93510385156145], [47.54218306979294, -18.934355343124537], [47.54193999203716, -18.93464969572682], [47.54175142219049, -18.934632875706598], [47.5416809980797, -18.93443004171297], [47.54144744324503, -18.93425806076084], [47.541253098851485, -18.934219273900283], [47.540668221161525, -18.934132451551307], [47.540850000227465, -18.93365000214584], [47.54087759502505, -18.93348560157915], [47.54099605102704, -18.933347409954877], [47.54125875468782, -18.933172499910825], [47.541710181979454, -18.933038321960908], [47.5416500002475, -18.932216668963974], [47.54153333389621, -18.93198333626185], [47.5413463297694, -18.93192434073569], [47.541326629220634, -18.931792940791524], [47.541256985721475, -18.931709661771436], [47.54116760120394, -18.93148900591285], [47.54104805522371, -18.931459821113833], [47.54089085822659, -18.931436837140268], [47.54066893702196, -18.931121315396297], [47.54057338315528, -18.930544824783738], [47.54015541064376, -18.930027210087644], [47.53967435698604, -18.92984192186708], [47.53967822856748, -18.929471268983832], [47.539569263111105, -18.92913714566265], [47.53949194209946, -18.928838704742304], [47.539471931284766, -18.928659484247703], [47.539389142395066, -18.928486611168125], [47.539175376242724, -18.92845798215012], [47.53913721980689, -18.928386469859618], [47.53899121577206, -18.928212476224758], [47.53898993333888, -18.928015211732543], [47.53898205797577, -18.927770162662796], [47.53904339623591, -18.927542641379716], [47.539060666816454, -18.927351528250313], [47.539100377280704, -18.92716766635465], [47.539199364758986, -18.92693394424606], [47.539285511717026, -18.926758921786757], [47.53941694673489, -18.9266444560767], [47.53944905163246, -18.926509763714535], [47.53939928584845, -18.926238809673293], [47.539728726399744, -18.926671805359433], [47.540092648756854, -18.926671782876383], [47.54118558764486, -18.926659362339592], [47.543136690206154, -18.926160215221728], [47.54328014016653, -18.926643243790636], [47.54357093055404, -18.926397193775415], [47.544010271856735, -18.92606722622139], [47.54417742165083, -18.9259631971438], [47.54447854075204, -18.925901636751007], [47.545516665961486, -18.92628333690641], [47.54661666632626, -18.92626666977094], [47.5474652414278, -18.9263442461899], [47.54798198468097, -18.926595241577104], [47.54831666558175, -18.926716669838356]]]}}, {"type": "Feature", "properties": {"fokontany": "Morarano Andrangaranga Ambatol", "arrondissement": "2e Arrondissement", "pcode": "MG11101002021"}, "geometry": {"type": "Polygon", "coordinates": [[[47.54184544631039, -18.935564876417857], [47.54184794013048, -18.935947448016236], [47.541873786645965, -18.936259912065225], [47.54187480018186, -18.936415330203204], [47.54193976271006, -18.936743733836124], [47.54192938273496, -18.937078558628457], [47.54188724230244, -18.937359767639123], [47.54176359001781, -18.937665371659534], [47.541724581024766, -18.937814622246947], [47.54169003986357, -18.93794676862842], [47.54157282672463, -18.938276246051828], [47.54149826393382, -18.93840222218472], [47.541084553309474, -18.938542155795744], [47.54100932502047, -18.93856651123548], [47.54087705363321, -18.938513490804837], [47.54029911870947, -18.9385169001348], [47.54021722284659, -18.93850854273495], [47.539894350943655, -18.938466581267676], [47.53955701614342, -18.938634106978327], [47.53912351503834, -18.93838783033408], [47.539166633033744, -18.938256060768538], [47.53907104409359, -18.938047398268793], [47.53891977272946, -18.937970576380906], [47.538605911134084, -18.938008292148936], [47.53859272527421, -18.937912722094325], [47.53826098065986, -18.937857136797334], [47.53812912026274, -18.93786688005241], [47.53801177132635, -18.93793482203432], [47.53788098471972, -18.93811044614006], [47.53765533312719, -18.938187991982204], [47.53749496961734, -18.93816203395062], [47.53748438189871, -18.9379827585974], [47.537384772989014, -18.93788022509227], [47.537384131772285, -18.937781591946873], [47.53713788570502, -18.937590253087592], [47.53699881004718, -18.937214460578844], [47.53694122555714, -18.937053395597673], [47.53692173994648, -18.936954874867524], [47.53701518130566, -18.936833273037053], [47.537164725072046, -18.93664408895347], [47.53726272959136, -18.93650004184343], [47.537092452854495, -18.936397923825098], [47.53719027211349, -18.93625142786101], [47.53744580817761, -18.93593907442869], [47.53767288699419, -18.936081208680775], [47.53792884933705, -18.935834609179835], [47.5378150779037, -18.93572767439258], [47.537902285162374, -18.935613581901237], [47.53820190779186, -18.935318900147024], [47.53858866123784, -18.934898169414907], [47.538801169238695, -18.934577954109272], [47.53845991519307, -18.9344206941596], [47.53852149177351, -18.93422903694045], [47.53863168660314, -18.933786021907338], [47.53881594240181, -18.933139322121974], [47.538700812992204, -18.93282316905396], [47.5388145052853, -18.932918147354542], [47.53883420493463, -18.933049544600692], [47.53886007033606, -18.933162974291804], [47.5389732572101, -18.93318024127501], [47.53901633473623, -18.933042494815254], [47.53922398190127, -18.933095071880018], [47.53966489611821, -18.933288576306722], [47.54031670495215, -18.932078364924564], [47.54042938820584, -18.93201792238915], [47.54051644887505, -18.93182163186276], [47.54067236164025, -18.931647352243488], [47.54081040307773, -18.931622627182435], [47.54089085822659, -18.931436837140268], [47.54104805522371, -18.931459821113833], [47.54116760120394, -18.93148900591285], [47.541256985721475, -18.931709661771436], [47.541326629220634, -18.931792940791524], [47.5413463297694, -18.93192434073569], [47.54153333389621, -18.93198333626185], [47.5416500002475, -18.932216668963974], [47.541710181979454, -18.933038321960908], [47.54125875468782, -18.933172499910825], [47.54099605102704, -18.933347409954877], [47.54087759502505, -18.93348560157915], [47.540850000227465, -18.93365000214584], [47.540668221161525, -18.934132451551307], [47.541253098851485, -18.934219273900283], [47.54144744324503, -18.93425806076084], [47.5416809980797, -18.93443004171297], [47.54175142219049, -18.934632875706598], [47.54193999203716, -18.93464969572682], [47.54218306979294, -18.934355343124537], [47.54196808056264, -18.93510385156145], [47.54184544631039, -18.935564876417857]]]}}, {"type": "Feature", "properties": {"fokontany": "Androndrabe Ampamantanana Ambo", "arrondissement": "2e Arrondissement", "pcode": "MG11101002023"}, "geometry": {"type": "Polygon", "coordinates": [[[47.53719027211349, -18.93625142786101], [47.537092452854495, -18.936397923825098], [47.53726272959136, -18.93650004184343], [47.537164725072046, -18.93664408895347], [47.53701518130566, -18.936833273037053], [47.53692173994648, -18.936954874867524], [47.53694122555714, -18.937053395597673], [47.53699881004718, -18.937214460578844], [47.53713788570502, -18.937590253087592], [47.537384131772285, -18.937781591946873], [47.537384772989014, -18.93788022509227], [47.53748438189871, -18.9379827585974], [47.53749496961734, -18.93816203395062], [47.53765533312719, -18.938187991982204], [47.53788098471972, -18.93811044614006], [47.53801177132635, -18.93793482203432], [47.53812912026274, -18.93786688005241], [47.53826098065986, -18.937857136797334], [47.53859272527421, -18.937912722094325], [47.538605911134084, -18.938008292148936], [47.53891977272946, -18.937970576380906], [47.53907104409359, -18.938047398268793], [47.539166633033744, -18.938256060768538], [47.53912351503834, -18.93838783033408], [47.53955701614342, -18.938634106978327], [47.539894350943655, -18.938466581267676], [47.54021722284659, -18.93850854273495], [47.540159548424526, -18.93877531762672], [47.53996666632867, -18.93895000284033], [47.53964882073666, -18.939356526982067], [47.539368195385975, -18.939675009294206], [47.53944659558397, -18.939766825578488], [47.53953932737812, -18.93982687780806], [47.53942244069327, -18.939916416109668], [47.53961575806085, -18.94006809306802], [47.539730391044884, -18.94030653391934], [47.53975884829225, -18.940446469329004], [47.53993664965668, -18.94073833710445], [47.54000649100681, -18.94085150689142], [47.539893688143366, -18.940894016945208], [47.53967447929392, -18.940996932662244], [47.53956834580259, -18.94109918288092], [47.53926750998767, -18.941208558428116], [47.539192475052744, -18.941262801037396], [47.539363333650954, -18.941453088589128], [47.539345188030154, -18.941560797692546], [47.53894261730812, -18.941920545396783], [47.538984844974664, -18.942082229111463], [47.53932917020518, -18.94212543703918], [47.5393722729122, -18.94223278731323], [47.539519161879866, -18.94222929884296], [47.539655633101006, -18.94233348800003], [47.539618446134455, -18.942411419651194], [47.53958184282794, -18.942579017307764], [47.5395200728932, -18.942740783760144], [47.539602830306535, -18.942907679945392], [47.539900001383955, -18.943366669636077], [47.53948892127676, -18.94567612415375], [47.539307885950336, -18.94681897181806], [47.53951564912802, -18.947851924126894], [47.53661666562675, -18.944833336189447], [47.53633333241743, -18.944566670115705], [47.53607581964343, -18.944066846707585], [47.535441671695764, -18.9441243727415], [47.53523928916195, -18.943916332572655], [47.53557635236683, -18.943579592224353], [47.53565080813837, -18.943435682710458], [47.535392271036585, -18.943287754126516], [47.535108685117905, -18.943151925920574], [47.53478709834593, -18.94296849929674], [47.534598247910935, -18.942909828425798], [47.53436472635116, -18.94274381627406], [47.53347752896485, -18.9416950646754], [47.53353982680176, -18.94160494810984], [47.533539181987805, -18.941505225885408], [47.53364749993227, -18.941426964182938], [47.53386878441705, -18.94111625201333], [47.53389231068172, -18.941011178822748], [47.53391301307511, -18.94097116708565], [47.53402153336725, -18.940736176932944], [47.53410915881068, -18.94051128077092], [47.53425355036114, -18.94015142424871], [47.53443484739046, -18.939826253678632], [47.53457512813975, -18.93964093937774], [47.534637425077165, -18.939550821013484], [47.53466262318153, -18.93939609895068], [47.53475606813822, -18.939260921854043], [47.53481717707109, -18.939278421761628], [47.53489256274173, -18.939300010886768], [47.5350396018963, -18.9393490113477], [47.53507562244215, -18.939255073562776], [47.535321871207486, -18.938669431449057], [47.53539144455954, -18.938489516677805], [47.53543394741877, -18.93837707624101], [47.5355000269048, -18.938264498207957], [47.53553481358091, -18.93817454082233], [47.53555376139707, -18.93806597826216], [47.53555691442011, -18.937946290189018], [47.53562675487086, -18.937807511307483], [47.53566527733079, -18.93768761459171], [47.53574168103387, -18.93764198299101], [47.535900514797106, -18.9376414631829], [47.53594680110416, -18.937631975335307], [47.53600640277335, -18.93756410080249], [47.53602659704978, -18.937476195669774], [47.53604946501082, -18.93736556736701], [47.53605629716043, -18.937292531624962], [47.53608867635131, -18.93721587071576], [47.53618646503338, -18.937086685801887], [47.536385851925615, -18.936852623749473], [47.536505128109184, -18.936657270316744], [47.53662462912342, -18.936496672983026], [47.536692586393826, -18.936521320702354], [47.536717563265086, -18.93653976040156], [47.536796959012634, -18.93642867704176], [47.53698861623184, -18.93612718112439], [47.53719027211349, -18.93625142786101]]]}}, {"type": "Feature", "properties": {"fokontany": "Ambohitsoa Ankazolava Antanamb", "arrondissement": "2e Arrondissement", "pcode": "MG11101002022"}, "geometry": {"type": "Polygon", "coordinates": [[[47.54245000026748, -18.936183336591682], [47.54243268921732, -18.936376037923765], [47.54244064821751, -18.93663304168149], [47.54239140673815, -18.936788756595774], [47.542331083812655, -18.937171699614225], [47.5424031491861, -18.937625597343413], [47.54249448793047, -18.938145135689354], [47.54265048163444, -18.93798280985868], [47.54295154497794, -18.9379092956774], [47.543095795334864, -18.937872577257508], [47.543315309054435, -18.937817476695102], [47.54357887426568, -18.93777407361449], [47.54369933755447, -18.93775806388345], [47.54378574081943, -18.938314070637773], [47.54383912007938, -18.93879198925879], [47.543835142377986, -18.939144708761205], [47.54383705613532, -18.939437615253723], [47.54370751598907, -18.939803034082672], [47.543614693363395, -18.940018787736847], [47.54321335920923, -18.940484229163815], [47.5431714543991, -18.94080130673484], [47.54312904057292, -18.94104067388787], [47.542993647638866, -18.94147188262116], [47.54301417106717, -18.94172881173523], [47.54289699839791, -18.942064267851606], [47.54281845340893, -18.942542965285497], [47.542784312446145, -18.9430871567468], [47.54268465587228, -18.943219259061493], [47.54258500199637, -18.94335136227545], [47.54255445022784, -18.943483057197284], [47.54251488365503, -18.94415879429289], [47.542503566586504, -18.94435015473573], [47.542409921081116, -18.944440375622776], [47.54231861021577, -18.94453297971313], [47.542172759964956, -18.94468089390807], [47.54210603476588, -18.945045940417685], [47.54218196812343, -18.945129182565665], [47.54212823632918, -18.945559909262272], [47.542042781849034, -18.9459429997695], [47.541981403119394, -18.946164545057627], [47.5419646226693, -18.946481473341294], [47.54194070340077, -18.94666692883561], [47.54206051827845, -18.94682301606923], [47.542061571384465, -18.946984412900235], [47.54208966530598, -18.947438567835604], [47.54198349134515, -18.94753484115995], [47.541984466210124, -18.94768428330292], [47.54204865262329, -18.94789313016372], [47.54205044677087, -18.948168104174556], [47.54202633234951, -18.94832367160012], [47.54207729333251, -18.948430973310735], [47.54210991444114, -18.948707700100215], [47.54106666669338, -18.94870000280281], [47.53951564912802, -18.947851924126894], [47.539307885950336, -18.94681897181806], [47.53948892127676, -18.94567612415375], [47.539900001383955, -18.943366669636077], [47.539602830306535, -18.942907679945392], [47.5395200728932, -18.942740783760144], [47.53958184282794, -18.942579017307764], [47.539618446134455, -18.942411419651194], [47.539655633101006, -18.94233348800003], [47.539519161879866, -18.94222929884296], [47.5393722729122, -18.94223278731323], [47.53932917020518, -18.94212543703918], [47.538984844974664, -18.942082229111463], [47.53894261730812, -18.941920545396783], [47.539345188030154, -18.941560797692546], [47.539363333650954, -18.941453088589128], [47.539192475052744, -18.941262801037396], [47.53926750998767, -18.941208558428116], [47.53956834580259, -18.94109918288092], [47.53967447929392, -18.940996932662244], [47.539893688143366, -18.940894016945208], [47.54000649100681, -18.94085150689142], [47.53993664965668, -18.94073833710445], [47.53975884829225, -18.940446469329004], [47.539730391044884, -18.94030653391934], [47.53961575806085, -18.94006809306802], [47.53942244069327, -18.939916416109668], [47.53953932737812, -18.93982687780806], [47.53944659558397, -18.939766825578488], [47.539368195385975, -18.939675009294206], [47.53964882073666, -18.939356526982067], [47.53996666632867, -18.93895000284033], [47.540159548424526, -18.93877531762672], [47.54021722284659, -18.93850854273495], [47.54029911870947, -18.9385169001348], [47.54087705363321, -18.938513490804837], [47.54100932502047, -18.93856651123548], [47.541084553309474, -18.938542155795744], [47.54149826393382, -18.93840222218472], [47.54157282672463, -18.938276246051828], [47.54169003986357, -18.93794676862842], [47.541724581024766, -18.937814622246947], [47.54176359001781, -18.937665371659534], [47.54188724230244, -18.937359767639123], [47.54192938273496, -18.937078558628457], [47.54193976271006, -18.936743733836124], [47.54187480018186, -18.936415330203204], [47.541873786645965, -18.936259912065225], [47.54184794013048, -18.935947448016236], [47.54184544631039, -18.935564876417857], [47.54191666722045, -18.935633337308616], [47.54231666588146, -18.93586667001074], [47.54245000026748, -18.936183336591682]]]}}, {"type": "Feature", "properties": {"fokontany": "Androndrakely Saropody Antonta", "arrondissement": "2e Arrondissement", "pcode": "MG11101002024"}, "geometry": {"type": "Polygon", "coordinates": [[[47.53347752896485, -18.9416950646754], [47.53436472635116, -18.94274381627406], [47.534598247910935, -18.942909828425798], [47.53478709834593, -18.94296849929674], [47.535108685117905, -18.943151925920574], [47.535392271036585, -18.943287754126516], [47.53565080813837, -18.943435682710458], [47.53557635236683, -18.943579592224353], [47.53523928916195, -18.943916332572655], [47.535441671695764, -18.9441243727415], [47.53607581964343, -18.944066846707585], [47.53633333241743, -18.944566670115705], [47.53661666562675, -18.944833336189447], [47.53951564912802, -18.947851924126894], [47.54106666669338, -18.94870000280281], [47.54210991444114, -18.948707700100215], [47.54404267442999, -18.94722240319129], [47.544700433178605, -18.9473656103346], [47.54421104460414, -18.947509061194125], [47.54389442658669, -18.94779616166346], [47.54381613340797, -18.948011498032145], [47.54359205383031, -18.948278255836783], [47.54335403116369, -18.94844397840683], [47.54307681784098, -18.94871104917553], [47.54277328495931, -18.949016193642365], [47.54244269057773, -18.949245661058285], [47.542152108832795, -18.949500170096655], [47.54183970234044, -18.949836665829366], [47.54163652390656, -18.9500411069115], [47.54143776923763, -18.950202694398797], [47.54128826863871, -18.950257046725255], [47.54098278782544, -18.950330145419798], [47.54072097629211, -18.950397042389568], [47.54030962279097, -18.950512351663576], [47.54019816441388, -18.950655599276388], [47.540055097564846, -18.950739620237243], [47.5398686366284, -18.95087142577563], [47.5397822288669, -18.9510264050445], [47.53965153489054, -18.9510925285972], [47.53947073428708, -18.951135184341183], [47.53933368030522, -18.951183521102564], [47.53899852636101, -18.95149443831764], [47.538707038099346, -18.951799157405105], [47.53859464892406, -18.95179981930613], [47.538228928822036, -18.952211914747977], [47.538080004688595, -18.952355380895995], [47.53767527469415, -18.95253005711635], [47.53735710714477, -18.952573517753592], [47.53713279194494, -18.952646131713493], [47.53690169225945, -18.95263560964554], [47.53679674227595, -18.952820404138322], [47.53657924843367, -18.95298209594688], [47.536106949676025, -18.95332946088587], [47.535672191318724, -18.953688487333693], [47.53534276785456, -18.953922130301976], [47.53504494836585, -18.954214997224312], [47.534735140914165, -18.954585169869574], [47.53436894417155, -18.954925968858333], [47.53422702665614, -18.95518821296554], [47.534095902803756, -18.955188981885954], [47.53394727994305, -18.955379972707533], [47.53387358499799, -18.95557052376057], [47.533487149912105, -18.95567973113458], [47.53329443419085, -18.95581156814933], [47.53315124593331, -18.955877760949875], [47.532857315113176, -18.955808189396294], [47.53266666603389, -18.95570000185353], [47.5327679755618, -18.9555116541394], [47.532605710884866, -18.955524486565707], [47.53248059989983, -18.955489573085288], [47.532286500121984, -18.95540753333097], [47.53201700927758, -18.95525463958984], [47.531728825125356, -18.955107797386916], [47.53156609909621, -18.955049336957245], [47.53139743484388, -18.955038442570014], [47.531141547144784, -18.955057765403467], [47.53041396683125, -18.95519750026432], [47.53012276455405, -18.954147586741612], [47.52995105339852, -18.953667298407026], [47.52979598689541, -18.953391096821576], [47.52948595101594, -18.952853277057045], [47.52886625967028, -18.9518359729517], [47.52810456537344, -18.950485871126034], [47.527754976411074, -18.949755031669326], [47.5274170255754, -18.949046001671604], [47.526904590074764, -18.947962318606073], [47.526714378965494, -18.947545029579373], [47.52647846970575, -18.94706032467417], [47.52628151727839, -18.946600004886193], [47.52599324858966, -18.94601715696615], [47.52569177425596, -18.945391316955636], [47.52549565639947, -18.94506020096742], [47.525273951931524, -18.944772304598132], [47.5250872769563, -18.94456706761605], [47.52492880022413, -18.944392832063443], [47.52469507361894, -18.944246522259107], [47.52452050261917, -18.944117640416664], [47.524839929219524, -18.944232414594183], [47.525241304742565, -18.944410814907144], [47.52571754792666, -18.94462750655407], [47.52617319303852, -18.94480558940637], [47.526690013633356, -18.945002679430047], [47.52715265187345, -18.94521299218576], [47.527587992092265, -18.94539764368625], [47.527962156828266, -18.945563287115988], [47.5285132317004, -18.945811810266775], [47.528881651567076, -18.94600694786226], [47.53093333340678, -18.945216670412947], [47.53174999876347, -18.942283337306094], [47.532449817005556, -18.94172743757116], [47.532690087977244, -18.941475297346983], [47.53314909115778, -18.941609906971507], [47.5332256252625, -18.941636705869257], [47.53347752896485, -18.9416950646754]]]}}, {"type": "Feature", "properties": {"fokontany": "Mahazoarivo Ambohidraserika", "arrondissement": "2e Arrondissement", "pcode": "MG11101002020"}, "geometry": {"type": "Polygon", "coordinates": [[[47.54857059455736, -18.93990420871222], [47.54820271068661, -18.94033057009966], [47.54806393720111, -18.94085161930667], [47.548045451636426, -18.941743040808603], [47.548202978684685, -18.943501664170412], [47.548208139893916, -18.944288392894975], [47.54804381666884, -18.945203831691458], [47.54779076812957, -18.945518267054354], [47.54750083389649, -18.945832286031134], [47.54705266934536, -18.94613611838713], [47.54651865731023, -18.946335818243313], [47.546008828045046, -18.946512853385457], [47.54522084206832, -18.94694558736893], [47.544700433178605, -18.9473656103346], [47.54404267442999, -18.94722240319129], [47.54210991444114, -18.948707700100215], [47.54207729333251, -18.948430973310735], [47.54202633234951, -18.94832367160012], [47.54205044677087, -18.948168104174556], [47.54204865262329, -18.94789313016372], [47.541984466210124, -18.94768428330292], [47.54198349134515, -18.94753484115995], [47.54208966530598, -18.947438567835604], [47.542061571384465, -18.946984412900235], [47.54206051827845, -18.94682301606923], [47.54194070340077, -18.94666692883561], [47.5419646226693, -18.946481473341294], [47.541981403119394, -18.946164545057627], [47.542042781849034, -18.9459429997695], [47.54212823632918, -18.945559909262272], [47.54218196812343, -18.945129182565665], [47.54210603476588, -18.945045940417685], [47.542172759964956, -18.94468089390807], [47.54231861021577, -18.94453297971313], [47.542409921081116, -18.944440375622776], [47.542503566586504, -18.94435015473573], [47.54251488365503, -18.94415879429289], [47.54255445022784, -18.943483057197284], [47.54258500199637, -18.94335136227545], [47.54268465587228, -18.943219259061493], [47.542784312446145, -18.9430871567468], [47.54281845340893, -18.942542965285497], [47.54289699839791, -18.942064267851606], [47.54301417106717, -18.94172881173523], [47.542993647638866, -18.94147188262116], [47.54312904057292, -18.94104067388787], [47.5431714543991, -18.94080130673484], [47.54321335920923, -18.940484229163815], [47.543614693363395, -18.940018787736847], [47.54370751598907, -18.939803034082672], [47.54383705613532, -18.939437615253723], [47.543835142377986, -18.939144708761205], [47.54383912007938, -18.93879198925879], [47.54378574081943, -18.938314070637773], [47.54369933755447, -18.93775806388345], [47.54357887426568, -18.93777407361449], [47.543315309054435, -18.937817476695102], [47.543095795334864, -18.937872577257508], [47.54295154497794, -18.9379092956774], [47.54265048163444, -18.93798280985868], [47.54249448793047, -18.938145135689354], [47.5424031491861, -18.937625597343413], [47.542331083812655, -18.937171699614225], [47.54239140673815, -18.936788756595774], [47.54244064821751, -18.93663304168149], [47.54243268921732, -18.936376037923765], [47.54245000026748, -18.936183336591682], [47.54311666680087, -18.936033335969626], [47.54360765706775, -18.93597422712878], [47.543493489932644, -18.93580751980113], [47.543517876848625, -18.935693796031785], [47.54343535415842, -18.93556276930633], [47.543390327801546, -18.935401630580657], [47.54337058498459, -18.935264256440234], [47.54345751525216, -18.935108315796015], [47.543562901406915, -18.934892489296885], [47.54355548739602, -18.934719172851487], [47.54357917014278, -18.93449784969596], [47.543703985250886, -18.934371574988177], [47.54377226537787, -18.934245635727393], [47.543784048295265, -18.9341260079089], [47.54371666569176, -18.93395000338984], [47.54363333271232, -18.933933337153746], [47.54343333158306, -18.933983335862195], [47.543383331975235, -18.933933336254427], [47.54312387756494, -18.934040241364016], [47.54262865688713, -18.93359288890059], [47.54278577024729, -18.933335537105336], [47.542811045693384, -18.933284916065986], [47.54294330898671, -18.933323958333972], [47.543143817333316, -18.933245059911485], [47.54350132842376, -18.933159255595058], [47.54375864424611, -18.933121867180375], [47.54341232971524, -18.93299837767296], [47.543633008056986, -18.9328816645571], [47.54383854721124, -18.932611441664676], [47.54393803920914, -18.932455428175444], [47.54427440993618, -18.93134855609094], [47.54437880503798, -18.931651779605886], [47.54453108813931, -18.931884017833113], [47.544753447313724, -18.93226528901181], [47.545159242105456, -18.932002823671326], [47.545522211181265, -18.931791447017645], [47.5459489340962, -18.93172316329327], [47.54638333272476, -18.931666669680965], [47.546831138446294, -18.932247976163126], [47.54691334817261, -18.932331178740867], [47.54704600716752, -18.932443972611168], [47.54727039521276, -18.932625402740086], [47.547317568251174, -18.932663544786635], [47.54743114722976, -18.932740584310466], [47.54754515788278, -18.932883377765563], [47.54753954161674, -18.932985035331058], [47.54767856241591, -18.933109747017113], [47.54781145703316, -18.933258405850722], [47.54783163422269, -18.933461534821845], [47.5479083859633, -18.933670307038994], [47.547928093706616, -18.9338017042852], [47.54792911173922, -18.9339571233225], [47.54806758485131, -18.933998146796966], [47.54805643235852, -18.9342134184144], [47.548046023605195, -18.9345422654132], [47.548059685206454, -18.934709565394087], [47.5481101353746, -18.934739154888064], [47.54813616265392, -18.93487649305564], [47.548099999115834, -18.935150002970204], [47.54803937761528, -18.935444968910133], [47.548060810258335, -18.93583938368056], [47.54819971504486, -18.935946161086406], [47.548396411165584, -18.93624388884433], [47.54859201011328, -18.936374241078283], [47.54867638001099, -18.936786216010944], [47.54862800727676, -18.937073442385383], [47.54841446325696, -18.937080689122467], [47.5483395524285, -18.93715286870986], [47.54836773718148, -18.93761897833309], [47.54824292297258, -18.93774525483957], [47.54811767708924, -18.937805778313987], [47.5480333332718, -18.9379000029827], [47.54791870118714, -18.938012200602486], [47.54792659004028, -18.938257247873594], [47.548003030615405, -18.938418197741612], [47.54799176031162, -18.9386155359781], [47.54796823944281, -18.938860769408905], [47.548038673446115, -18.93906359980525], [47.54809137371802, -18.939402603747112], [47.548319003819074, -18.939401872598296], [47.54857059455736, -18.93990420871222]]]}}, {"type": "Feature", "properties": {"fokontany": "Mandroseza Afovoany Mandroseza", "arrondissement": "2e Arrondissement", "pcode": "MG11101002019"}, "geometry": {"type": "Polygon", "coordinates": [[[47.54828341494766, -18.927402251812453], [47.55014211306809, -18.929329998080846], [47.550244502681835, -18.92961632873056], [47.55002562927939, -18.929767079387148], [47.54983105735744, -18.92979214708987], [47.54973129736163, -18.92990631962084], [47.549581323719224, -18.93002677031916], [47.54950625820737, -18.930075038732014], [47.5493874181949, -18.93015345871504], [47.54949538180648, -18.93033215400567], [47.549603031554796, -18.93046302874569], [47.54994871656021, -18.93049086276301], [47.55019479895094, -18.930656782284586], [47.5503967920784, -18.930805028329303], [47.55042914159168, -18.93094830561978], [47.55067408634011, -18.930940870924417], [47.55091341572165, -18.931035092895172], [47.551059622103935, -18.931297250667456], [47.551048159345214, -18.93146470083525], [47.55113669130543, -18.93155384343504], [47.55103088516739, -18.931703919600125], [47.55081742658302, -18.931723123723145], [47.550586890772536, -18.932011435579227], [47.5504561149578, -18.93218557310564], [47.550481947983656, -18.93229302230509], [47.55042655244358, -18.932466711069765], [47.55039785327841, -18.932879356896706], [47.55038124639759, -18.93322019725423], [47.550394437653324, -18.933315764610825], [47.55052737543815, -18.93347040033865], [47.55070365604888, -18.933529129665544], [47.55080475243739, -18.933618196722364], [47.55093729721858, -18.933713055413136], [47.55113823274337, -18.933699902828153], [47.55136464965898, -18.933740400199213], [47.551484278376904, -18.93378153429029], [47.551848814970924, -18.933809252295077], [47.55194987268845, -18.93389234065893], [47.55215775997277, -18.93398077099573], [47.552346801064175, -18.934069312848408], [47.55239815684956, -18.93423638799885], [47.552406524141816, -18.934553167894308], [47.55235756774772, -18.934750730062092], [47.55225804337408, -18.934900771153593], [47.5523028808733, -18.935032018213008], [47.55225372842693, -18.93519969231187], [47.55211564741933, -18.93521844767315], [47.55206013406803, -18.935374204855577], [47.552054953073764, -18.935541617251715], [47.55208718837315, -18.935666961161303], [47.55207545042174, -18.9357925667735], [47.55217666731937, -18.93589956631189], [47.5522899360318, -18.935928779889196], [47.55242872570528, -18.936017622115514], [47.55264274007044, -18.93608210260686], [47.55293182084699, -18.936098312886713], [47.5533287564171, -18.93627528327761], [47.553695543115, -18.936643724728015], [47.55384069459251, -18.93674448297145], [47.553948353333965, -18.93687535411425], [47.554018043597864, -18.936964607330708], [47.55401859488239, -18.937048293743715], [47.554201675267166, -18.93718469301905], [47.554446784591505, -18.937201163203042], [47.5545037161736, -18.93726060209508], [47.55419659409773, -18.938025640071146], [47.55396543415765, -18.9381755642508], [47.55358755971821, -18.93835273608977], [47.55309316102074, -18.938385710631962], [47.55253220709585, -18.938588480773717], [47.55223406385096, -18.93863403323394], [47.55185503827954, -18.938636292330955], [47.55132674773131, -18.938661235027894], [47.55094915837708, -18.93888208334141], [47.55057149437903, -18.939091985106984], [47.55017087698445, -18.939280138567426], [47.5498501166897, -18.939413277800497], [47.54937902212424, -18.93963793474279], [47.548980759154745, -18.93977976502407], [47.54887941095615, -18.939804062907058], [47.54857059455736, -18.93990420871222], [47.548319003819074, -18.939401872598296], [47.54809137371802, -18.939402603747112], [47.548038673446115, -18.93906359980525], [47.54796823944281, -18.938860769408905], [47.54799176031162, -18.9386155359781], [47.548003030615405, -18.938418197741612], [47.54792659004028, -18.938257247873594], [47.54791870118714, -18.938012200602486], [47.5480333332718, -18.9379000029827], [47.54811767708924, -18.937805778313987], [47.54824292297258, -18.93774525483957], [47.54836773718148, -18.93761897833309], [47.5483395524285, -18.93715286870986], [47.54841446325696, -18.937080689122467], [47.54862800727676, -18.937073442385383], [47.54867638001099, -18.936786216010944], [47.54859201011328, -18.936374241078283], [47.548396411165584, -18.93624388884433], [47.54819971504486, -18.935946161086406], [47.548060810258335, -18.93583938368056], [47.54803937761528, -18.935444968910133], [47.548099999115834, -18.935150002970204], [47.54813616265392, -18.93487649305564], [47.5481101353746, -18.934739154888064], [47.548059685206454, -18.934709565394087], [47.548046023605195, -18.9345422654132], [47.54805643235852, -18.9342134184144], [47.54806758485131, -18.933998146796966], [47.54792911173922, -18.9339571233225], [47.547928093706616, -18.9338017042852], [47.5479083859633, -18.933670307038994], [47.54783163422269, -18.933461534821845], [47.54781145703316, -18.933258405850722], [47.54767856241591, -18.933109747017113], [47.54753954161674, -18.932985035331058], [47.54754515788278, -18.932883377765563], [47.54743114722976, -18.932740584310466], [47.547317568251174, -18.932663544786635], [47.54727039521276, -18.932625402740086], [47.54704600716752, -18.932443972611168], [47.54691334817261, -18.932331178740867], [47.546831138446294, -18.932247976163126], [47.54638333272476, -18.931666669680965], [47.5459489340962, -18.93172316329327], [47.545522211181265, -18.931791447017645], [47.545159242105456, -18.932002823671326], [47.544753447313724, -18.93226528901181], [47.54453108813931, -18.931884017833113], [47.54437880503798, -18.931651779605886], [47.54427440993618, -18.93134855609094], [47.54443661705642, -18.929923817729957], [47.54432811205288, -18.9296614324291], [47.544314259795385, -18.929464241681387], [47.54432476297757, -18.929334562140298], [47.54433751176674, -18.9291771636951], [47.544412550299114, -18.929048042632985], [47.54441584181768, -18.92915824825451], [47.545143037221465, -18.929399557943157], [47.54541279336581, -18.929344160604444], [47.545534414082, -18.929190219153213], [47.54564384268929, -18.929133564562335], [47.545776028640944, -18.929174626707606], [47.54584871005005, -18.92876172097658], [47.54583524809834, -18.928624308165183], [47.54595424459279, -18.928569802054653], [47.54611678266343, -18.928449280309962], [47.54621654535737, -18.928335107778878], [47.54627237526995, -18.928227174744222], [47.54639117571236, -18.92814277966545], [47.54649136738277, -18.928094363763762], [47.5464902720085, -18.927926988239847], [47.54660911292035, -18.927848570954723], [47.54672795203345, -18.92777015366954], [47.546815384122795, -18.92769192164485], [47.546827125671484, -18.92756631603254], [47.547046900194346, -18.927553057327657], [47.54724737436686, -18.92745322898321], [47.547592451430546, -18.927406351821617], [47.54774944967744, -18.92739944233034], [47.54828341494766, -18.927402251812453]]]}}, {"type": "Feature", "properties": {"fokontany": "Andohan'i Mandroseza Ambohibat", "arrondissement": "2e Arrondissement", "pcode": "MG11101002013"}, "geometry": {"type": "Polygon", "coordinates": [[[47.55301589756573, -18.919905468162767], [47.553000165725166, -18.919989025073335], [47.55297092336946, -18.920317985386646], [47.55298482329101, -18.920521152129425], [47.55302317937628, -18.92062254799208], [47.553152035138396, -18.92090041512199], [47.55344262497721, -18.921149754857254], [47.553620193417316, -18.921405746877667], [47.553828025842904, -18.921488197622182], [47.55379128314138, -18.92163188770138], [47.55384919228641, -18.921840768736445], [47.553963397193115, -18.92201344756245], [47.55414147824666, -18.92234714910154], [47.554155340396676, -18.922544338050727], [47.55423667688126, -18.92275936775053], [47.554212220717545, -18.922861138630537], [47.55418333269472, -18.923016670083143], [47.55401666583646, -18.923116670198112], [47.554069838252474, -18.923178817848054], [47.55415919399178, -18.92339348961775], [47.55443333343163, -18.923833337238648], [47.554764644572856, -18.923760507441443], [47.55498856317172, -18.923713146444527], [47.55502917115945, -18.923866530316104], [47.55515084223765, -18.92421850068314], [47.55531620687748, -18.92452836479214], [47.55565109192446, -18.92482525977789], [47.55564544058478, -18.924920940449], [47.555979340873876, -18.92506839329161], [47.55639545178872, -18.92529904421542], [47.55681207711581, -18.925607403758647], [47.55691666557175, -18.925700003352404], [47.556657212960204, -18.92593711590513], [47.556476867413494, -18.926213178095566], [47.55664211783966, -18.926505107025037], [47.556882747640884, -18.926796586293392], [47.556978786242155, -18.927070994630583], [47.557067436912746, -18.927178067014097], [47.55713724408861, -18.927285251812805], [47.5572499992881, -18.927250002885216], [47.5574201150464, -18.927432972653435], [47.55750330773151, -18.927546089380485], [47.55749999912564, -18.927650003344922], [47.557399999010784, -18.927750002560515], [47.55743333328178, -18.927833337338598], [47.55756880895353, -18.927952195337525], [47.557683259374926, -18.928160736428822], [47.55788333334925, -18.928383336621607], [47.558733332977056, -18.928600003087638], [47.558969234143035, -18.92884049259459], [47.55915278307464, -18.92904861999773], [47.55879631789588, -18.929289872129857], [47.55852012800159, -18.929321415850552], [47.55969999895598, -18.929683337216147], [47.56016293667028, -18.92981371103383], [47.560457372010205, -18.929939735730102], [47.56044944898298, -18.930391848305135], [47.5601983447778, -18.930417266743348], [47.559934517863894, -18.930418848650845], [47.55963912474596, -18.93039670914078], [47.55937478431889, -18.930320582428863], [47.5593152635887, -18.93057428207743], [47.559392186200625, -18.930806959173765], [47.559513001124174, -18.93102741718144], [47.55954559705174, -18.93120655943511], [47.55947780525662, -18.93140423581673], [47.55954908012603, -18.93173259268491], [47.55965366408543, -18.932347689394305], [47.55951629893809, -18.93247404863837], [47.559309281298454, -18.932517135157582], [47.55924105333207, -18.93264905760782], [47.559160538827825, -18.932822900156623], [47.55909254918191, -18.93299068936875], [47.558860957567276, -18.933117613387083], [47.55861703984459, -18.933280477911694], [47.5584861534133, -18.93343668655382], [47.558468533895905, -18.933622107873873], [47.55830639602334, -18.93380241564887], [47.55824088221101, -18.93392415687424], [47.558170492274485, -18.934149947861783], [47.55812749838549, -18.934545833023662], [47.55797495987656, -18.934633017799513], [47.5576330070578, -18.934836208823867], [47.55742296859529, -18.935038612042206], [47.55705556766037, -18.935417955074513], [47.55657016757931, -18.93594877181829], [47.55625602089873, -18.936390653705644], [47.555968434795545, -18.93688266200519], [47.55566750455182, -18.937311892229957], [47.555404700166775, -18.93752708830442], [47.554983036837825, -18.937693035704967], [47.55469358374205, -18.93784562367648], [47.55444306769357, -18.937935347238465], [47.5542716901864, -18.937976844655623], [47.55419659409773, -18.938025640071146], [47.5545037161736, -18.93726060209508], [47.554446784591505, -18.937201163203042], [47.554201675267166, -18.93718469301905], [47.55401859488239, -18.937048293743715], [47.554018043597864, -18.936964607330708], [47.553948353333965, -18.93687535411425], [47.55384069459251, -18.93674448297145], [47.553695543115, -18.936643724728015], [47.5533287564171, -18.93627528327761], [47.55293182084699, -18.936098312886713], [47.55264274007044, -18.93608210260686], [47.55242872570528, -18.936017622115514], [47.5522899360318, -18.935928779889196], [47.55217666731937, -18.93589956631189], [47.55207545042174, -18.9357925667735], [47.55208718837315, -18.935666961161303], [47.552054953073764, -18.935541617251715], [47.55206013406803, -18.935374204855577], [47.55211564741933, -18.93521844767315], [47.55225372842693, -18.93519969231187], [47.5523028808733, -18.935032018213008], [47.55225804337408, -18.934900771153593], [47.55235756774772, -18.934750730062092], [47.552406524141816, -18.934553167894308], [47.55239815684956, -18.93423638799885], [47.552346801064175, -18.934069312848408], [47.55215775997277, -18.93398077099573], [47.55194987268845, -18.93389234065893], [47.551848814970924, -18.933809252295077], [47.551484278376904, -18.93378153429029], [47.55136464965898, -18.933740400199213], [47.55113823274337, -18.933699902828153], [47.55093729721858, -18.933713055413136], [47.55080475243739, -18.933618196722364], [47.55070365604888, -18.933529129665544], [47.55052737543815, -18.93347040033865], [47.550394437653324, -18.933315764610825], [47.55038124639759, -18.93322019725423], [47.55039785327841, -18.932879356896706], [47.55042655244358, -18.932466711069765], [47.550481947983656, -18.93229302230509], [47.5504561149578, -18.93218557310564], [47.550586890772536, -18.932011435579227], [47.55081742658302, -18.931723123723145], [47.55103088516739, -18.931703919600125], [47.55113669130543, -18.93155384343504], [47.551048159345214, -18.93146470083525], [47.551059622103935, -18.931297250667456], [47.55091341572165, -18.931035092895172], [47.55067408634011, -18.930940870924417], [47.55042914159168, -18.93094830561978], [47.5503967920784, -18.930805028329303], [47.55019479895094, -18.930656782284586], [47.54994871656021, -18.93049086276301], [47.549603031554796, -18.93046302874569], [47.54949538180648, -18.93033215400567], [47.5493874181949, -18.93015345871504], [47.54950625820737, -18.930075038732014], [47.549581323719224, -18.93002677031916], [47.54973129736163, -18.92990631962084], [47.54983105735744, -18.92979214708987], [47.55002562927939, -18.929767079387148], [47.550244502681835, -18.92961632873056], [47.55014211306809, -18.929329998080846], [47.54828341494766, -18.927402251812453], [47.54831666558175, -18.926716669838356], [47.548392949674906, -18.925083376896282], [47.54877057859949, -18.925194715663565], [47.54911028491182, -18.925270411600195], [47.54918273879241, -18.925275086276145], [47.54923426634849, -18.92501860232659], [47.549345606914414, -18.92475491210945], [47.54958367184912, -18.924657850978974], [47.549852947755426, -18.924530713821355], [47.54992086635502, -18.924350972619266], [47.550126543105534, -18.924104656404722], [47.550381919989775, -18.923774350705628], [47.55058096064289, -18.923474272119847], [47.55089220071466, -18.923042010280483], [47.55058304167403, -18.922834622120035], [47.550355972750026, -18.92269250225712], [47.550186455041, -18.922705465984393], [47.549720539671284, -18.922540853177793], [47.54991597224449, -18.92169082567102], [47.550135840296775, -18.920736039736425], [47.55003193622497, -18.920431122797993], [47.55060333217807, -18.920397835291794], [47.550576598031626, -18.920152900435937], [47.55068781539052, -18.919871275938533], [47.55091817943054, -18.919559053807177], [47.55143190186084, -18.91935274843047], [47.5516895477345, -18.91936914936673], [47.55204267103261, -18.919576274025758], [47.552369686112115, -18.91963410582929], [47.552848629960465, -18.91987037032129], [47.55301589756573, -18.919905468162767]]]}}, {"type": "Feature", "properties": {"fokontany": "Ambohipo Tanana Ampahateza And", "arrondissement": "2e Arrondissement", "pcode": "MG11101002014"}, "geometry": {"type": "Polygon", "coordinates": [[[47.55422120584416, -18.919488968740893], [47.55454965893966, -18.919822490415527], [47.554778539997756, -18.92023957799404], [47.554862283967395, -18.920555908228494], [47.55484655302604, -18.921028258247418], [47.554845511611234, -18.9218233272847], [47.55493055689976, -18.92233692111199], [47.55564231094405, -18.92254174890246], [47.555803731157425, -18.922253845338616], [47.556272150239636, -18.921934363879757], [47.55665364984611, -18.921681011369458], [47.55674776659623, -18.921631700642422], [47.55686302370958, -18.921996587972103], [47.5570415049616, -18.922390062951024], [47.55799081042767, -18.922509919197353], [47.55814247029883, -18.922646502833743], [47.5582247591654, -18.922741657401446], [47.55838925865743, -18.92292000915097], [47.558440892333465, -18.923128927058315], [47.558533332747174, -18.923383336271854], [47.55924549418438, -18.92324394944859], [47.56135000040223, -18.923450003015148], [47.566365085980124, -18.923631556351154], [47.567065167723456, -18.92411671181668], [47.567172402884125, -18.924382530729133], [47.56736172006737, -18.924512901848914], [47.56755337818595, -18.924455040367718], [47.568460253637795, -18.92508349290881], [47.56843084041111, -18.925382565153143], [47.56813884493192, -18.925868538102463], [47.56821657513501, -18.926220763877097], [47.56870959607107, -18.926678081728028], [47.56894240806582, -18.926736454024024], [47.56925480286691, -18.92648349541696], [47.569737194715856, -18.926289284123072], [47.57017805227537, -18.926459976346734], [47.570406899159195, -18.926865086754333], [47.57040837674526, -18.92708625972307], [47.570347721969824, -18.92740943289897], [47.57056829059417, -18.927515700389222], [47.57091537044812, -18.927752714016435], [47.57106212181952, -18.928092565119698], [47.571032115040225, -18.92830197225817], [47.57107044324647, -18.92839738583058], [47.571500301198, -18.929795892766208], [47.56543368062, -18.93409058541215], [47.56511890441402, -18.93467751265706], [47.56441468129259, -18.934568076855157], [47.56359058124042, -18.934396204720997], [47.562939029612664, -18.93422329117186], [47.56226093629317, -18.934050535004076], [47.561529749698366, -18.933878096297065], [47.56091827365947, -18.933742826570153], [47.56033295530182, -18.933653861136747], [47.56009481482397, -18.93360210964954], [47.559751700980314, -18.933629312342873], [47.559343440247744, -18.9338077612191], [47.55897521103725, -18.93406130798286], [47.55812749838549, -18.934545833023662], [47.558170492274485, -18.934149947861783], [47.55824088221101, -18.93392415687424], [47.55830639602334, -18.93380241564887], [47.558468533895905, -18.933622107873873], [47.5584861534133, -18.93343668655382], [47.55861703984459, -18.933280477911694], [47.558860957567276, -18.933117613387083], [47.55909254918191, -18.93299068936875], [47.559160538827825, -18.932822900156623], [47.55924105333207, -18.93264905760782], [47.559309281298454, -18.932517135157582], [47.55951629893809, -18.93247404863837], [47.55965366408543, -18.932347689394305], [47.55954908012603, -18.93173259268491], [47.55947780525662, -18.93140423581673], [47.55954559705174, -18.93120655943511], [47.559513001124174, -18.93102741718144], [47.559392186200625, -18.930806959173765], [47.5593152635887, -18.93057428207743], [47.55937478431889, -18.930320582428863], [47.55963912474596, -18.93039670914078], [47.559934517863894, -18.930418848650845], [47.5601983447778, -18.930417266743348], [47.56044944898298, -18.930391848305135], [47.560457372010205, -18.929939735730102], [47.56016293667028, -18.92981371103383], [47.55969999895598, -18.929683337216147], [47.55852012800159, -18.929321415850552], [47.55879631789588, -18.929289872129857], [47.55915278307464, -18.92904861999773], [47.558969234143035, -18.92884049259459], [47.558733332977056, -18.928600003087638], [47.55788333334925, -18.928383336621607], [47.557683259374926, -18.928160736428822], [47.55756880895353, -18.927952195337525], [47.55743333328178, -18.927833337338598], [47.557399999010784, -18.927750002560515], [47.55749999912564, -18.927650003344922], [47.55750330773151, -18.927546089380485], [47.5574201150464, -18.927432972653435], [47.5572499992881, -18.927250002885216], [47.55713724408861, -18.927285251812805], [47.557067436912746, -18.927178067014097], [47.556978786242155, -18.927070994630583], [47.556882747640884, -18.926796586293392], [47.55664211783966, -18.926505107025037], [47.556476867413494, -18.926213178095566], [47.556657212960204, -18.92593711590513], [47.55691666557175, -18.925700003352404], [47.55681207711581, -18.925607403758647], [47.55639545178872, -18.92529904421542], [47.555979340873876, -18.92506839329161], [47.55564544058478, -18.924920940449], [47.55565109192446, -18.92482525977789], [47.55531620687748, -18.92452836479214], [47.55515084223765, -18.92421850068314], [47.55502917115945, -18.923866530316104], [47.55498856317172, -18.923713146444527], [47.554764644572856, -18.923760507441443], [47.55443333343163, -18.923833337238648], [47.55415919399178, -18.92339348961775], [47.554069838252474, -18.923178817848054], [47.55401666583646, -18.923116670198112], [47.55418333269472, -18.923016670083143], [47.554212220717545, -18.922861138630537], [47.55423667688126, -18.92275936775053], [47.554155340396676, -18.922544338050727], [47.55414147824666, -18.92234714910154], [47.553963397193115, -18.92201344756245], [47.55384919228641, -18.921840768736445], [47.55379128314138, -18.92163188770138], [47.553828025842904, -18.921488197622182], [47.553620193417316, -18.921405746877667], [47.55344262497721, -18.921149754857254], [47.553152035138396, -18.92090041512199], [47.55302317937628, -18.92062254799208], [47.55298482329101, -18.920521152129425], [47.55297092336946, -18.920317985386646], [47.553000165725166, -18.919989025073335], [47.55301589756573, -18.919905468162767], [47.55307287321466, -18.91960285079091], [47.55291979691117, -18.919230308431906], [47.55268227516706, -18.918680676971633], [47.5528673250671, -18.918892866612453], [47.553189160051886, -18.919118110812065], [47.55367430562484, -18.919342380146645], [47.55407076905084, -18.919453595706784], [47.55422120584416, -18.919488968740893]]]}}, {"type": "Feature", "properties": {"fokontany": "Ambohitsiroa Vn", "arrondissement": "2e Arrondissement", "pcode": "MG11101002004"}, "geometry": {"type": "Polygon", "coordinates": [[[47.532613088023595, -18.914785887658525], [47.532825517783465, -18.9149413075952], [47.53300196566835, -18.915029942977412], [47.53319710596179, -18.915094560165755], [47.53349277966811, -18.91516456429315], [47.5336378807836, -18.91518014324896], [47.533756776554185, -18.91519290912538], [47.53393912219286, -18.915221729698942], [47.5342032350913, -18.915268007012855], [47.5343918220251, -18.91529081381998], [47.53452368781808, -18.915284061710054], [47.53469343035755, -18.91530698003305], [47.53481099063481, -18.915301627268207], [47.53484413784673, -18.915300118205835], [47.534969836988466, -18.91531133724834], [47.53508929213717, -18.915328571856037], [47.53522142862613, -18.915363664301594], [47.53540419784548, -18.91545823880665], [47.535466665654155, -18.915500003322393], [47.53553078731608, -18.915606946203525], [47.53564458393055, -18.915719857885108], [47.535707748713605, -18.915882054213398], [47.535576629358104, -18.91598553290595], [47.53538282455776, -18.91611104498861], [47.53529543024007, -18.916195250310466], [47.5352897303369, -18.916284952288663], [47.53527166115839, -18.916404616080058], [47.53523525120602, -18.916602102704815], [47.53516654569967, -18.916662285336145], [47.53499730408231, -18.916717078330464], [47.53496576485827, -18.91674963918439], [47.53490994933469, -18.91680725964727], [47.53486082117007, -18.91698090974114], [47.5347111182237, -18.917143192404353], [47.53459867688741, -18.917239496305626], [47.53457424860278, -18.91734724408002], [47.53443059539575, -18.917473622209798], [47.53430078275494, -18.91772437388073], [47.53419943455634, -18.91759345417455], [47.53406710381387, -18.917528470062734], [47.5338880469958, -18.917471104108074], [47.53380754957885, -18.917371578835173], [47.53373756973315, -18.917341846349018], [47.53367267375495, -18.917312370169725], [47.533630672717436, -18.917316615869083], [47.5334709171492, -18.917309551694416], [47.53333204743615, -18.917282366987592], [47.53316801109503, -18.91726332744048], [47.53303744212428, -18.917220093432547], [47.53295725407412, -18.917168564077883], [47.53294840834252, -18.917100544754305], [47.53294783997103, -18.917012626131736], [47.532946910071814, -18.916868634779632], [47.532941828003004, -18.91673266987675], [47.53287071770956, -18.916635400103587], [47.53281896892031, -18.916581394016077], [47.53272197074244, -18.916529962687548], [47.53263355839215, -18.91650648228824], [47.532536688817174, -18.91647505008342], [47.53247339093434, -18.916435420558173], [47.532371984279735, -18.916352018330883], [47.53232471141638, -18.916229481205562], [47.53229818321472, -18.916183419728952], [47.53228993823012, -18.916072778835655], [47.53214909540452, -18.91576317822802], [47.53213364055523, -18.915721041392885], [47.532096486863566, -18.91559302829552], [47.53206227035764, -18.91550517082686], [47.5320511016771, -18.91547498867976], [47.531917460622424, -18.915320698291566], [47.53183333264229, -18.915250001686104], [47.53169198979356, -18.915153898333642], [47.53168460725897, -18.915010242428707], [47.53166432484875, -18.91481494565312], [47.5316186968455, -18.914576492211324], [47.5318476624397, -18.914634700830675], [47.53209295342725, -18.914719270377987], [47.53239437559995, -18.914749759193967], [47.532613088023595, -18.914785887658525]]]}}, {"type": "Feature", "properties": {"fokontany": "Ambohitrakely", "arrondissement": "3e Arrondissement", "pcode": "MG11101003030"}, "geometry": {"type": "Polygon", "coordinates": [[[47.545863372596614, -18.89701418685513], [47.545779560278675, -18.897479682241453], [47.54583501157663, -18.89795543439567], [47.545896135798216, -18.898409011066974], [47.54600396810878, -18.898889988282292], [47.546092399344786, -18.89907214776133], [47.5462690486778, -18.899403251159015], [47.54649793333306, -18.899717438309096], [47.54665015977713, -18.899871538940317], [47.54676687828896, -18.899931742256058], [47.54686666706317, -18.900033335969567], [47.54693106391761, -18.900135595181496], [47.5471891378686, -18.900466214743915], [47.547424313281624, -18.90085232877186], [47.54757174094317, -18.901161459933405], [47.54764990282081, -18.90146632291237], [47.547654555013764, -18.901529129765493], [47.5476860393793, -18.901685302434714], [47.54768198883289, -18.90187225080365], [47.54768047797177, -18.90193033801461], [47.547670826447586, -18.901970052975457], [47.54763638421184, -18.902096629855464], [47.54762383507199, -18.902372695643294], [47.54759081466443, -18.902483153974288], [47.54755957221653, -18.90262256957584], [47.54754866433939, -18.90267145042702], [47.54753164916633, -18.90275003678471], [47.54752055243159, -18.902837787234034], [47.54751556569096, -18.90287513787723], [47.54750688903175, -18.902943587076777], [47.54750736207524, -18.903015912354363], [47.547507391752845, -18.903086888648886], [47.54750771101209, -18.903125446182344], [47.54750914722945, -18.903198678875867], [47.54751071294913, -18.903250123694193], [47.54755544432845, -18.903372331667754], [47.54757429681638, -18.903422816909426], [47.54763308100206, -18.9035757556166], [47.54767926298774, -18.903697082254496], [47.54773864971901, -18.90389075215643], [47.547824695952954, -18.904173361411438], [47.547841949446536, -18.90427868011693], [47.54785285462572, -18.904363346790944], [47.54785650317524, -18.90458122734168], [47.547853824994206, -18.904838659176733], [47.547828767184, -18.905009033939734], [47.54773088227455, -18.905383281413208], [47.54767225816829, -18.90575729506304], [47.54764354281531, -18.90603563973292], [47.54759318078078, -18.906339023327178], [47.5475466912269, -18.906567651675687], [47.54746882432693, -18.90666775701135], [47.547583334103706, -18.90670000310257], [47.54794530493194, -18.906818551734716], [47.54809372634452, -18.90683427907868], [47.5483210749577, -18.906911815927458], [47.54864504403366, -18.907088423891537], [47.54889474799427, -18.90724886384396], [47.54909196931902, -18.90738885770952], [47.54907097464587, -18.907513537020066], [47.549019199776296, -18.907601032961225], [47.548950139937006, -18.90771354264581], [47.54887219209809, -18.907801195069], [47.54885602228774, -18.907996427992714], [47.54884066816243, -18.9083162116238], [47.54881192672923, -18.90859040502312], [47.54878307737715, -18.908847989742867], [47.54874999941313, -18.908883335797213], [47.548533332947045, -18.908983336811445], [47.548536146026436, -18.90911102165626], [47.54841896256505, -18.90920305917382], [47.54824087521632, -18.909320365842177], [47.54811951980008, -18.909441489233302], [47.548050000407386, -18.909550003230038], [47.54794712515985, -18.90976220366275], [47.54784872224076, -18.910057568901664], [47.54776801438243, -18.910390195750836], [47.547707785885734, -18.910519261054958], [47.54758236823187, -18.910686078099957], [47.54746529178982, -18.910794720699755], [47.5473841486596, -18.91106092092474], [47.547350255909635, -18.911214739168827], [47.54734275376512, -18.911401618289972], [47.54734703813534, -18.911833965564938], [47.54736583396618, -18.912137787129097], [47.54737849102469, -18.91223109718726], [47.54740198941033, -18.912300129147525], [47.5474362868552, -18.912394404178315], [47.54747562679876, -18.91244647222686], [47.54750434215174, -18.912500288557453], [47.547531373074435, -18.912567613604438], [47.54756022782237, -18.912636602397242], [47.547529301036434, -18.912657324575775], [47.54747312938156, -18.912658856121254], [47.54730722604768, -18.912639080029464], [47.547062475552934, -18.9125699491438], [47.546883104871426, -18.912492127209873], [47.546673362286015, -18.91243939456234], [47.54638954074477, -18.91239955819293], [47.546088461213515, -18.91238888503898], [47.54575253744969, -18.9123867221694], [47.545351340891784, -18.91240985543044], [47.54501124427355, -18.91243677843454], [47.544784730231186, -18.912487940865674], [47.54475124037759, -18.912272072997666], [47.54470941470777, -18.912093967662372], [47.54466460328899, -18.91172911540633], [47.54467861922302, -18.911408688759877], [47.54470270666474, -18.91124702033369], [47.544694117239715, -18.910894104779004], [47.544636530951266, -18.91073890067969], [47.54437048361103, -18.910426394362503], [47.544189841288244, -18.91019713558927], [47.54404659907141, -18.909919798160104], [47.54395154792559, -18.909642173847203], [47.54389948797103, -18.909370279114967], [47.54386060398383, -18.909191034338733], [47.543818967171774, -18.909071631350685], [47.54383079685391, -18.90895789409143], [47.54395190225853, -18.908732835152193], [47.54417894510226, -18.90836656196717], [47.54422711998569, -18.908316565956625], [47.543999998900915, -18.908116670048173], [47.543266665624174, -18.90680000321754], [47.54296666617881, -18.90670000310257], [47.542931510780704, -18.90667298836769], [47.54293237412975, -18.906594430788232], [47.542877540666154, -18.906467123658786], [47.54277261766231, -18.9062235251954], [47.54260298214194, -18.90569283255809], [47.54244987076504, -18.905256266563356], [47.54243094363318, -18.90506456617669], [47.54246366636528, -18.904931449426726], [47.542627985093475, -18.904646125118518], [47.54263399256479, -18.904482880180694], [47.542592228049045, -18.90431318620449], [47.54251545022794, -18.903924964165697], [47.542412192768666, -18.903271051817512], [47.542384701392905, -18.903121464883668], [47.5423539958403, -18.902749796665717], [47.54239881805114, -18.902574544879258], [47.54256157465704, -18.90232119866431], [47.54270932067868, -18.902205911873295], [47.54281694614525, -18.902173307851854], [47.54294783617388, -18.902184312855695], [47.54304002207954, -18.90222415102363], [47.54309292290014, -18.902203648279624], [47.54309250741346, -18.902139712777398], [47.542794776058145, -18.901888040200845], [47.54259833264712, -18.901721984881647], [47.54254153056729, -18.90162941226754], [47.54276868942361, -18.90150615478518], [47.54285509718511, -18.90143952131683], [47.54304860700768, -18.901254278062424], [47.54309059185738, -18.901188675217156], [47.5431158412232, -18.90115564671561], [47.54330282736373, -18.90091105000488], [47.543373786571124, -18.900826877957968], [47.543494552931406, -18.900702181560405], [47.543674204201295, -18.90061846636911], [47.54391454801811, -18.900519926753134], [47.54417212464392, -18.900400621791164], [47.54435793806846, -18.90026314332937], [47.54448297710786, -18.90012809033908], [47.544706667278945, -18.899806479285473], [47.54486768189804, -18.899528632840088], [47.54498115115939, -18.89928412875946], [47.54507608809115, -18.89889978369797], [47.54510383037763, -18.89878747276356], [47.54519687603505, -18.8981859513205], [47.54531812443196, -18.897692058042026], [47.54534082511901, -18.897616452936916], [47.545394815018824, -18.897436638889644], [47.545561768760706, -18.896880597061852], [47.54561187179047, -18.89673887469928], [47.545734548310804, -18.89682118604884], [47.5458693611821, -18.896980928127277], [47.545863372596614, -18.89701418685513]]]}}, {"type": "Feature", "properties": {"fokontany": "Ankorondrano Andranomahery", "arrondissement": "3e Arrondissement", "pcode": "MG11101003002"}, "geometry": {"type": "Polygon", "coordinates": [[[47.522659800809265, -18.882766250162263], [47.522657968890314, -18.882846333891166], [47.52258535313155, -18.882914116693087], [47.52248272699643, -18.882929922278038], [47.5224554676459, -18.88330817713063], [47.52252223061652, -18.88375325161121], [47.52265477269964, -18.884534302016334], [47.52268594500043, -18.884723462717602], [47.52273338513777, -18.885359870661432], [47.52274511229729, -18.885766148388996], [47.52272189270127, -18.88597379735279], [47.52263874138487, -18.88671740178654], [47.52257839957366, -18.887138462569965], [47.5225396306995, -18.887497852343984], [47.52234668205381, -18.887545416587614], [47.52217621735866, -18.8875378667791], [47.521974053360054, -18.887528719774537], [47.52190701969323, -18.88750510357761], [47.52183239125185, -18.887495288376783], [47.52153936964629, -18.88820884376304], [47.521041684826, -18.889370825403205], [47.52082776039282, -18.88977441505716], [47.52039347597821, -18.890358156004027], [47.520174798628204, -18.89060470424363], [47.52004735300312, -18.89065156162019], [47.51979173779853, -18.89063207511009], [47.51928019892222, -18.890533977061295], [47.51929587500467, -18.890441597801384], [47.519088047975174, -18.890397825998775], [47.51877090925012, -18.890369030606223], [47.518794552426755, -18.89019543357233], [47.51883447423165, -18.890105260349458], [47.51886339373078, -18.890053696820587], [47.51889105777627, -18.889805124207044], [47.51890953164968, -18.88952662215587], [47.518944627692576, -18.889385080556963], [47.51894822677929, -18.889243720621096], [47.51887466673253, -18.888997872953382], [47.51883342112558, -18.88888032886399], [47.518801488897736, -18.888811984885137], [47.51865409720898, -18.888630808365065], [47.51855600365667, -18.888518881441144], [47.51841331272436, -18.888479822985403], [47.51828545880704, -18.888452514172116], [47.51806915656641, -18.888416365922524], [47.51773439202873, -18.88828507839355], [47.51755976886835, -18.888239341572273], [47.51737041481289, -18.888193690186597], [47.5170407539278, -18.88809275297814], [47.516627287919164, -18.887940882665532], [47.51637116729563, -18.887820824071753], [47.515876052737724, -18.88757126040531], [47.51538588085384, -18.88732633993851], [47.51531454483052, -18.887305716685376], [47.51525049961094, -18.88727336357482], [47.51505607517777, -18.887202030249398], [47.514428410442974, -18.886957899387482], [47.513785986933726, -18.886709174788507], [47.514150000122584, -18.884933336604092], [47.513966667028114, -18.883466670050666], [47.51480000041971, -18.882033335969652], [47.51364587885428, -18.878335380373414], [47.51774999976283, -18.87973333602457], [47.51888645864324, -18.878792567822643], [47.52026666617377, -18.877650003444785], [47.52046817186874, -18.87766615526874], [47.520632953747906, -18.87766520288676], [47.520792685034564, -18.877631984628295], [47.52085266981493, -18.87778988399583], [47.52108009217267, -18.878323321364064], [47.521278739822094, -18.878847110805395], [47.521547650603736, -18.879635355786945], [47.52189670357018, -18.880660659361865], [47.522015027371594, -18.880973707970156], [47.5220616770049, -18.881194896227385], [47.52215446635569, -18.881557305025524], [47.522221483834585, -18.88193216583676], [47.52229484782907, -18.882288535687337], [47.522327986047856, -18.882417527247014], [47.52241337038083, -18.882632341109627], [47.52245786703702, -18.88263472791033], [47.522542693790456, -18.882643894699868], [47.52261397495505, -18.882674239624407], [47.522659800809265, -18.882766250162263]]]}}, {"type": "Feature", "properties": {"fokontany": "Ankazomanga Andraharo", "arrondissement": "3e Arrondissement", "pcode": "MG11101003005"}, "geometry": {"type": "Polygon", "coordinates": [[[47.512416666595925, -18.87791666861932], [47.51364587885428, -18.878335380373414], [47.51480000041971, -18.882033335969652], [47.513966667028114, -18.883466670050666], [47.514150000122584, -18.884933336604092], [47.513785986933726, -18.886709174788507], [47.514428410442974, -18.886957899387482], [47.51505607517777, -18.887202030249398], [47.51525049961094, -18.88727336357482], [47.51531454483052, -18.887305716685376], [47.515251933130344, -18.887411219751925], [47.51521627680978, -18.88753810060274], [47.515184786149064, -18.88774651578899], [47.5151563342975, -18.887859473335936], [47.51508965496379, -18.887981326077295], [47.515007394875454, -18.88823341593934], [47.51487310540949, -18.88861768455837], [47.51477602988996, -18.888833419326772], [47.514745437651925, -18.889011593909913], [47.5147105376613, -18.8892230919721], [47.5149006327581, -18.889551883212732], [47.514951147677436, -18.88965939716337], [47.51489186616675, -18.889955123929724], [47.514866970234664, -18.890315335684136], [47.51484558885301, -18.890646884246223], [47.514826625748356, -18.89087122822457], [47.51489999873604, -18.890950003439798], [47.51498182984767, -18.891055760115194], [47.514921452063504, -18.891179005007018], [47.51490398812865, -18.891282597913516], [47.51490755304127, -18.891487406818328], [47.51487688166276, -18.89165144675684], [47.51482349071159, -18.891804836923598], [47.51475408013687, -18.891932446225326], [47.5146828412403, -18.89212906140699], [47.51458771635009, -18.892366364615953], [47.514306640439145, -18.892000141793062], [47.51392601767168, -18.891476591571404], [47.5138744667334, -18.891404906611115], [47.51363169744502, -18.89106731910141], [47.51338060583032, -18.890728141590444], [47.51315530227549, -18.890430138639886], [47.51295697118741, -18.890167812694358], [47.512498075026315, -18.889566960346883], [47.51205075673704, -18.888951227816847], [47.5115681553462, -18.888291269326544], [47.511128740299284, -18.88769400167672], [47.51040487328635, -18.886707760154877], [47.509965876424246, -18.886109034704134], [47.50981374890546, -18.885901556611486], [47.50900292284672, -18.884795480427044], [47.50861049467869, -18.884244833632124], [47.508684495393254, -18.884137864670606], [47.508708949758386, -18.884105014234933], [47.50899200777502, -18.88347666961255], [47.50938102301586, -18.88266485699745], [47.50965406708161, -18.88210382393231], [47.50985846409702, -18.88162216682946], [47.51007639860694, -18.881094359217286], [47.510396300948685, -18.880289521743975], [47.51073731937197, -18.879505400154017], [47.51096448272483, -18.87888416287376], [47.511064615939404, -18.878081497263224], [47.51116120132855, -18.877194634424768], [47.51119998459171, -18.876851338918073], [47.51138333297456, -18.877016670283012], [47.512416666595925, -18.87791666861932]]]}}, {"type": "Feature", "properties": {"fokontany": "Tsaramasay", "arrondissement": "3e Arrondissement", "pcode": "MG11101003007"}, "geometry": {"type": "Polygon", "coordinates": [[[47.51877090925012, -18.890369030606223], [47.51878799726836, -18.8904753421632], [47.51868061911546, -18.890466580967882], [47.51848286898928, -18.890541097893333], [47.51775510521401, -18.891086178784064], [47.51763658805828, -18.8911518517765], [47.51734075337316, -18.891388359984717], [47.51715724131378, -18.891624219781818], [47.51661134563716, -18.892715421179616], [47.51657873172314, -18.89284550181833], [47.51646097809174, -18.893098103394664], [47.516449999168174, -18.893450002715383], [47.51653489337082, -18.89381151758738], [47.516673533756716, -18.894312294276915], [47.516713227133835, -18.894579363246976], [47.516652196441896, -18.89485330123881], [47.51659999889091, -18.894950002640485], [47.516533716158165, -18.895021178584443], [47.51641043529338, -18.894836949765306], [47.515711192617516, -18.893895082591882], [47.51570289727107, -18.893813677759], [47.515686749943654, -18.89372121306343], [47.515664237214935, -18.893642561954607], [47.515677959969935, -18.893562060940326], [47.51569681875327, -18.893469392998043], [47.51572760704357, -18.89341738160681], [47.51563031478719, -18.893281442784314], [47.51557454872648, -18.89320352642153], [47.515504559887574, -18.893207630927407], [47.51546177374189, -18.89320787734158], [47.51538002267006, -18.893197241059795], [47.515345920378024, -18.89318843489832], [47.515255319977086, -18.8931609336301], [47.515122580942545, -18.89308394806568], [47.515070027260094, -18.893024653964574], [47.51504422391184, -18.892995542010567], [47.51490684257669, -18.892800105840138], [47.51465178944858, -18.892449846882812], [47.51458771635009, -18.892366364615953], [47.5146828412403, -18.89212906140699], [47.51475408013687, -18.891932446225326], [47.51482349071159, -18.891804836923598], [47.51487688166276, -18.89165144675684], [47.51490755304127, -18.891487406818328], [47.51490398812865, -18.891282597913516], [47.514921452063504, -18.891179005007018], [47.51498182984767, -18.891055760115194], [47.51489999873604, -18.890950003439798], [47.514826625748356, -18.89087122822457], [47.51484558885301, -18.890646884246223], [47.514866970234664, -18.890315335684136], [47.51489186616675, -18.889955123929724], [47.514951147677436, -18.88965939716337], [47.5149006327581, -18.889551883212732], [47.5147105376613, -18.8892230919721], [47.514745437651925, -18.889011593909913], [47.51477602988996, -18.888833419326772], [47.51487310540949, -18.88861768455837], [47.515007394875454, -18.88823341593934], [47.51508965496379, -18.887981326077295], [47.5151563342975, -18.887859473335936], [47.515184786149064, -18.88774651578899], [47.51521627680978, -18.88753810060274], [47.515251933130344, -18.887411219751925], [47.51531454483052, -18.887305716685376], [47.51538588085384, -18.88732633993851], [47.515876052737724, -18.88757126040531], [47.51637116729563, -18.887820824071753], [47.516627287919164, -18.887940882665532], [47.5170407539278, -18.88809275297814], [47.51737041481289, -18.888193690186597], [47.51755976886835, -18.888239341572273], [47.51773439202873, -18.88828507839355], [47.51806915656641, -18.888416365922524], [47.51828545880704, -18.888452514172116], [47.51841331272436, -18.888479822985403], [47.51855600365667, -18.888518881441144], [47.51865409720898, -18.888630808365065], [47.518801488897736, -18.888811984885137], [47.51883342112558, -18.88888032886399], [47.51887466673253, -18.888997872953382], [47.51894822677929, -18.889243720621096], [47.518944627692576, -18.889385080556963], [47.51890953164968, -18.88952662215587], [47.51889105777627, -18.889805124207044], [47.51886339373078, -18.890053696820587], [47.51883447423165, -18.890105260349458], [47.518794552426755, -18.89019543357233], [47.51877090925012, -18.890369030606223]]]}}, {"type": "Feature", "properties": {"fokontany": "Ankorondrano Atsinanana", "arrondissement": "3e Arrondissement", "pcode": "MG11101003003"}, "geometry": {"type": "Polygon", "coordinates": [[[47.52807121131741, -18.882937543132982], [47.52812506272164, -18.883289197838167], [47.52817141018261, -18.883797462282928], [47.52823599229737, -18.884461458729277], [47.528308558593096, -18.88502698480744], [47.52835469831075, -18.885502441084725], [47.52838123100912, -18.885608915419027], [47.52844302342686, -18.88583821466176], [47.52854768472798, -18.88603445662477], [47.52872143914311, -18.886254903840722], [47.52885707309554, -18.886379759418332], [47.52870013510318, -18.886767651405933], [47.52850412336676, -18.88727717400235], [47.528284936101045, -18.88789853269111], [47.52815982421663, -18.888280767043682], [47.52795802893996, -18.889131773012878], [47.52789689122858, -18.88954187016111], [47.52789135859945, -18.889943269066578], [47.52787514202436, -18.891120255895032], [47.527892060070485, -18.891271913068238], [47.52797313844974, -18.891483897663647], [47.5280353031867, -18.89159274980551], [47.52779507628185, -18.89163965394681], [47.52676088110985, -18.89178670389316], [47.5265666662188, -18.891916670317983], [47.52647780780461, -18.891987372319306], [47.52670180374537, -18.8922761922924], [47.526758686764026, -18.89243938956605], [47.526714433824225, -18.892738342200687], [47.52657874321454, -18.8927449432245], [47.52635452873858, -18.892804781415464], [47.52611707714152, -18.892885055800605], [47.52569424199578, -18.893034803713192], [47.52549687588015, -18.893099988373706], [47.52520597217796, -18.89319606474652], [47.524948319109626, -18.893285934897847], [47.52467173890966, -18.893382406073158], [47.52442570058571, -18.89347927115142], [47.52397656206875, -18.893642563753247], [47.52388151272169, -18.89367712020288], [47.52353669016611, -18.893803207851647], [47.52342536129146, -18.893843916563412], [47.52304110616228, -18.893978539677846], [47.5228944627093, -18.894029915248325], [47.522315586195475, -18.894239413218315], [47.52202107441303, -18.893794834264156], [47.52198832200355, -18.893549569357106], [47.521889271572775, -18.89329302695154], [47.52184458605899, -18.89317633362083], [47.5217727302275, -18.892994029350916], [47.521823936725355, -18.89261273838713], [47.521876851035984, -18.892232092237236], [47.52201283032798, -18.891253903244944], [47.52204623114875, -18.891103808194146], [47.522189780034466, -18.890043107303484], [47.522335668056826, -18.889000033125], [47.52251215011563, -18.887752598803274], [47.5225396306995, -18.887497852343984], [47.52257839957366, -18.887138462569965], [47.52263874138487, -18.88671740178654], [47.52272189270127, -18.88597379735279], [47.52274511229729, -18.885766148388996], [47.52273338513777, -18.885359870661432], [47.52268594500043, -18.884723462717602], [47.52265477269964, -18.884534302016334], [47.52252223061652, -18.88375325161121], [47.5224554676459, -18.88330817713063], [47.52248272699643, -18.882929922278038], [47.52258535313155, -18.882914116693087], [47.522657968890314, -18.882846333891166], [47.522659800809265, -18.882766250162263], [47.52300841041, -18.882708866221094], [47.523208622879736, -18.88268925200731], [47.52378356935628, -18.88265516230581], [47.5244103302727, -18.882639225419894], [47.52520522933804, -18.882640765958513], [47.52552199934098, -18.882657381832644], [47.526129690133246, -18.88269076286832], [47.52683447173359, -18.882748183681656], [47.52727755241722, -18.882810200030633], [47.528019348314444, -18.88292891773534], [47.52807121131741, -18.882937543132982]]]}}, {"type": "Feature", "properties": {"fokontany": "Ankorondrano Andrefana", "arrondissement": "3e Arrondissement", "pcode": "MG11101003004"}, "geometry": {"type": "Polygon", "coordinates": [[[47.52217621735866, -18.8875378667791], [47.52234668205381, -18.887545416587614], [47.5225396306995, -18.887497852343984], [47.52251215011563, -18.887752598803274], [47.522335668056826, -18.889000033125], [47.522189780034466, -18.890043107303484], [47.52204623114875, -18.891103808194146], [47.52201283032798, -18.891253903244944], [47.521876851035984, -18.892232092237236], [47.521823936725355, -18.89261273838713], [47.5217727302275, -18.892994029350916], [47.52184458605899, -18.89317633362083], [47.521889271572775, -18.89329302695154], [47.521729345133224, -18.893288736286024], [47.5196053020432, -18.893030795434754], [47.51947959390827, -18.8930140860312], [47.51943761805171, -18.89354697481292], [47.519335294088705, -18.89429719196181], [47.518433333431574, -18.89355000283024], [47.51829999904578, -18.89440000335736], [47.51835513018523, -18.894673576224477], [47.518254882756764, -18.894710723620904], [47.51806067595959, -18.894844056208115], [47.517928171647895, -18.894920771076613], [47.51772448959355, -18.894958514723612], [47.517564788884044, -18.894984840577877], [47.51740359170253, -18.894993681812934], [47.517237216224714, -18.894972488389556], [47.517119321399605, -18.89500093304656], [47.516990634710055, -18.894749231691605], [47.516933332607266, -18.894616669823392], [47.51659999889091, -18.894950002640485], [47.516652196441896, -18.89485330123881], [47.516713227133835, -18.894579363246976], [47.516673533756716, -18.894312294276915], [47.51653489337082, -18.89381151758738], [47.516449999168174, -18.893450002715383], [47.51646097809174, -18.893098103394664], [47.51657873172314, -18.89284550181833], [47.51661134563716, -18.892715421179616], [47.51715724131378, -18.891624219781818], [47.51734075337316, -18.891388359984717], [47.51763658805828, -18.8911518517765], [47.51775510521401, -18.891086178784064], [47.51848286898928, -18.890541097893333], [47.51868061911546, -18.890466580967882], [47.51878799726836, -18.8904753421632], [47.51877090925012, -18.890369030606223], [47.519088047975174, -18.890397825998775], [47.51929587500467, -18.890441597801384], [47.51928019892222, -18.890533977061295], [47.51979173779853, -18.89063207511009], [47.52004735300312, -18.89065156162019], [47.520174798628204, -18.89060470424363], [47.52039347597821, -18.890358156004027], [47.52082776039282, -18.88977441505716], [47.521041684826, -18.889370825403205], [47.52153936964629, -18.88820884376304], [47.52183239125185, -18.887495288376783], [47.52190701969323, -18.88750510357761], [47.521974053360054, -18.887528719774537], [47.52217621735866, -18.8875378667791]]]}}, {"type": "Feature", "properties": {"fokontany": "Ambohibary Antanimena", "arrondissement": "3e Arrondissement", "pcode": "MG11101003009"}, "geometry": {"type": "Polygon", "coordinates": [[[47.521889271572775, -18.89329302695154], [47.52198832200355, -18.893549569357106], [47.52202107441303, -18.893794834264156], [47.522315586195475, -18.894239413218315], [47.52191275017333, -18.894381721039565], [47.52157018671488, -18.89451606716267], [47.52142635993857, -18.89531001204739], [47.52127825778547, -18.895883219235145], [47.52112128741754, -18.8964128686589], [47.52087195397763, -18.897226806371975], [47.520718275128445, -18.89723556666803], [47.5206207796254, -18.897124774688507], [47.52044284785933, -18.89707451787467], [47.52032280005727, -18.89702582588103], [47.519979177197285, -18.89696703000436], [47.519382646092424, -18.89694026887821], [47.51899224409692, -18.896978138430256], [47.518862132881225, -18.89699456005087], [47.518615172752106, -18.8970629543918], [47.51836162958551, -18.89713563400221], [47.5181391786802, -18.89723582117614], [47.518002683177315, -18.89704023571818], [47.51774973985874, -18.896683804713746], [47.5173927917441, -18.89619308424335], [47.51723237427478, -18.8959829450568], [47.51657344281017, -18.895080544631355], [47.516533716158165, -18.895021178584443], [47.51659999889091, -18.894950002640485], [47.516933332607266, -18.894616669823392], [47.516990634710055, -18.894749231691605], [47.517119321399605, -18.89500093304656], [47.517237216224714, -18.894972488389556], [47.51740359170253, -18.894993681812934], [47.517564788884044, -18.894984840577877], [47.51772448959355, -18.894958514723612], [47.517928171647895, -18.894920771076613], [47.51806067595959, -18.894844056208115], [47.518254882756764, -18.894710723620904], [47.51835513018523, -18.894673576224477], [47.51829999904578, -18.89440000335736], [47.518433333431574, -18.89355000283024], [47.519335294088705, -18.89429719196181], [47.51943761805171, -18.89354697481292], [47.51947959390827, -18.8930140860312], [47.5196053020432, -18.893030795434754], [47.521729345133224, -18.893288736286024], [47.521889271572775, -18.89329302695154]]]}}, {"type": "Feature", "properties": {"fokontany": "Antanimena", "arrondissement": "3e Arrondissement", "pcode": "MG11101003014"}, "geometry": {"type": "Polygon", "coordinates": [[[47.52087195397763, -18.897226806371975], [47.52095199184106, -18.897291594431408], [47.52096060464828, -18.89739031571048], [47.52109976034569, -18.897305935020825], [47.52131181059167, -18.897386384773768], [47.52136195499037, -18.897425983722144], [47.52197465860371, -18.89774534467182], [47.52222804798612, -18.897870730849434], [47.52258591430865, -18.89807013123152], [47.523115362284216, -18.898369868074838], [47.52343827016011, -18.898552451134663], [47.52327227419613, -18.898904279408896], [47.52323640113906, -18.899013261053028], [47.523104922953905, -18.89918370956042], [47.52295560671598, -18.899423878009486], [47.522795192843944, -18.899666962060564], [47.522733332977, -18.899616670173145], [47.52260409770099, -18.89957017522329], [47.521767897270706, -18.900137785929985], [47.52238679091778, -18.901005075923422], [47.52240949610149, -18.901171416327713], [47.52143235661799, -18.90104156771406], [47.52129731981563, -18.90102453905115], [47.52096495466907, -18.900994084409376], [47.52088289063295, -18.90102002715247], [47.52072370163762, -18.900804260907876], [47.52057100484802, -18.90059729542878], [47.52054629957212, -18.900563809172354], [47.520484903755346, -18.900482083281418], [47.52045297422541, -18.900439578623605], [47.52028532890483, -18.90021502959985], [47.52008742859198, -18.899949958024024], [47.520024708973324, -18.89986551977779], [47.51979287723964, -18.89955340916248], [47.51964678686977, -18.899356731927526], [47.51956676339552, -18.899248996743722], [47.51948906107128, -18.899130688230628], [47.519331818209025, -18.89889110434092], [47.51915362024346, -18.898619590921328], [47.51885630977091, -18.898218677649766], [47.518628489913, -18.897911467440167], [47.51860593131886, -18.897881508324872], [47.518385401365265, -18.897588627912796], [47.51819458771007, -18.897315214225728], [47.5181391786802, -18.89723582117614], [47.51836162958551, -18.89713563400221], [47.518615172752106, -18.8970629543918], [47.518862132881225, -18.89699456005087], [47.51899224409692, -18.896978138430256], [47.519382646092424, -18.89694026887821], [47.519979177197285, -18.89696703000436], [47.52032280005727, -18.89702582588103], [47.52044284785933, -18.89707451787467], [47.5206207796254, -18.897124774688507], [47.520718275128445, -18.89723556666803], [47.52087195397763, -18.897226806371975]]]}}, {"type": "Feature", "properties": {"fokontany": "Ambatomitsangana", "arrondissement": "3e Arrondissement", "pcode": "MG11101003023"}, "geometry": {"type": "Polygon", "coordinates": [[[47.52624999873842, -18.898933337403548], [47.52686666566416, -18.899183337241197], [47.5269499986436, -18.899150002970202], [47.526966665779184, -18.89905000285529], [47.527530677399, -18.899205107129944], [47.527633333211895, -18.899233336848965], [47.527633333211895, -18.899283337356053], [47.52768333281972, -18.899366670335496], [47.527983333164286, -18.89941666994332], [47.52841666609635, -18.899483336686558], [47.52848452713931, -18.899571511615875], [47.528455372917165, -18.899675767322776], [47.52856998611611, -18.899720046342964], [47.52865957837702, -18.89973844917006], [47.52885864600978, -18.89977513791223], [47.52913333313688, -18.899800003267444], [47.52921666611633, -18.899816670402913], [47.52924999858857, -18.899633337308615], [47.5296790579423, -18.89966020725268], [47.52962579379545, -18.9001593588672], [47.529580634338856, -18.900595172129385], [47.529558870745404, -18.900805189907487], [47.529523742327, -18.901155821184147], [47.52948827756205, -18.901348152894855], [47.52941341259907, -18.90152823763799], [47.5292597436424, -18.901683832043148], [47.52910815122027, -18.90175457901057], [47.52876704376416, -18.901827828791227], [47.52862411900787, -18.901711300935744], [47.528399998960936, -18.901533336793932], [47.527811667874346, -18.901051202151223], [47.52772967758261, -18.90098430877879], [47.52761986496495, -18.900894717417145], [47.52735334278265, -18.900677270339656], [47.52701503131868, -18.900228248734606], [47.52681831181576, -18.89996717374595], [47.52648133224778, -18.899526198375327], [47.52628585201063, -18.89939999291522], [47.52594154116929, -18.899302894013317], [47.52600113474466, -18.898949535992244], [47.52603598527264, -18.89884796386235], [47.526149998623566, -18.898900003132553], [47.52624999873842, -18.898933337403548]]]}}, {"type": "Feature", "properties": {"fokontany": "Mandialaza Ambodivona", "arrondissement": "3e Arrondissement", "pcode": "MG11101003011"}, "geometry": {"type": "Polygon", "coordinates": [[[47.53021772756625, -18.897227875665862], [47.53001068474549, -18.897643275216865], [47.529933935702616, -18.897511756562267], [47.529793082984554, -18.897332789676398], [47.52953668177264, -18.89709012021285], [47.52949415193359, -18.897049866558064], [47.529236997989244, -18.896837866674105], [47.528919344852, -18.89670300434011], [47.5285132856597, -18.89658925628902], [47.52818056707957, -18.896559355629734], [47.527831018586824, -18.896666267034504], [47.527766860952056, -18.896700683189863], [47.52768983671672, -18.89674200074262], [47.52758389118367, -18.89678943818194], [47.52753086265932, -18.89680472755606], [47.52728398706648, -18.896967225157198], [47.52713333263728, -18.896983337410973], [47.52709999926566, -18.89671667043791], [47.526316666381035, -18.897016669883385], [47.52625534071154, -18.897038589059548], [47.526221456055396, -18.89690308730752], [47.52621666626618, -18.896800003417297], [47.52627828691345, -18.896638501365658], [47.52647138304792, -18.896093153376228], [47.5265666662188, -18.895800003167494], [47.52660440806716, -18.89567275719196], [47.52668896322524, -18.89538768109651], [47.526821035862156, -18.894929257978845], [47.52688289393052, -18.89471454843755], [47.52690998061115, -18.894620527914924], [47.52693586040175, -18.894495946630514], [47.527056787740605, -18.8942159103359], [47.52716533681098, -18.894085769442654], [47.52750297738055, -18.89390096775537], [47.52787588036762, -18.893732720788364], [47.528291389636024, -18.894346949651947], [47.528521836413745, -18.894687604749038], [47.528753378565625, -18.895037024638953], [47.52914743810385, -18.895631694147255], [47.52978515995733, -18.89656363010738], [47.52998014916466, -18.896848574901753], [47.53007708708799, -18.89700334013196], [47.53021772756625, -18.897227875665862]]]}}, {"type": "Feature", "properties": {"fokontany": "Andravoahangy Andrefana", "arrondissement": "3e Arrondissement", "pcode": "MG11101003018"}, "geometry": {"type": "Polygon", "coordinates": [[[47.52876704376416, -18.901827828791227], [47.52910815122027, -18.90175457901057], [47.5292597436424, -18.901683832043148], [47.52941341259907, -18.90152823763799], [47.52948827756205, -18.901348152894855], [47.529523742327, -18.901155821184147], [47.529558870745404, -18.900805189907487], [47.529580634338856, -18.900595172129385], [47.52962579379545, -18.9001593588672], [47.5296790579423, -18.89966020725268], [47.52974941190587, -18.899000899871567], [47.529766710365436, -18.89883736805001], [47.52981598422048, -18.89852731688211], [47.529882604198974, -18.8981081149974], [47.529899861289664, -18.897938346377543], [47.529943428046806, -18.897822348222746], [47.53001068474549, -18.897643275216865], [47.53021772756625, -18.897227875665862], [47.53067052632383, -18.897898045958016], [47.53095898926608, -18.898320533965432], [47.530976087176725, -18.898585531796755], [47.5309850120488, -18.898750158093264], [47.53098025103782, -18.899231745048894], [47.530911423223586, -18.899768813879575], [47.530880411002215, -18.90001080705298], [47.53085422544234, -18.90015951355059], [47.530799483709245, -18.900470383101663], [47.530741475638706, -18.900698167886105], [47.530673816043816, -18.900828011103727], [47.530530731208444, -18.900859841708268], [47.53042728309276, -18.90097823026099], [47.530385246981666, -18.901277583993192], [47.53024739530116, -18.901616242595424], [47.53007620755096, -18.90183576171097], [47.52980995516532, -18.90195819811231], [47.52946319906755, -18.90196951877823], [47.529049999258234, -18.902000003097555], [47.52890932190775, -18.90192347528813], [47.52876704376416, -18.901827828791227]]]}}, {"type": "Feature", "properties": {"fokontany": "Mandialaza Ankadifotsy", "arrondissement": "3e Arrondissement", "pcode": "MG11101003013"}, "geometry": {"type": "Polygon", "coordinates": [[[47.529943428046806, -18.897822348222746], [47.5297775966589, -18.897779597150645], [47.529581666760635, -18.897747473367076], [47.52939990028534, -18.897743543329796], [47.52930208462362, -18.897750765785133], [47.52916236415183, -18.89776322409341], [47.528912637708174, -18.89778962818866], [47.5287431451801, -18.89779227939016], [47.52856318903997, -18.897798317438344], [47.528504681845675, -18.89778779626971], [47.52846666570417, -18.897850003274925], [47.52836666558932, -18.897950003389894], [47.5277999955735, -18.8978882559382], [47.52777245293652, -18.898090892980292], [47.52775902336032, -18.89824540280307], [47.52771340884692, -18.898441282339206], [47.52766739683301, -18.898575391041334], [47.527650229674464, -18.89870933067101], [47.5276508250256, -18.898801986922138], [47.52764427616245, -18.898904979980728], [47.52755084199788, -18.898953568552315], [47.527547985751085, -18.899070267278887], [47.527530677399, -18.899205107129944], [47.526966665779184, -18.89905000285529], [47.5269499986436, -18.899150002970202], [47.52686666566416, -18.899183337241197], [47.52624999873842, -18.898933337403548], [47.526149998623566, -18.898900003132553], [47.52603598527264, -18.89884796386235], [47.52605106780271, -18.898804003202088], [47.52615287465562, -18.898507274590997], [47.52622192460217, -18.89812799541056], [47.52628302184411, -18.89779239180541], [47.526266665874005, -18.897183336741477], [47.52625534071154, -18.897038589059548], [47.526316666381035, -18.897016669883385], [47.52709999926566, -18.89671667043791], [47.52713333263728, -18.896983337410973], [47.52728398706648, -18.896967225157198], [47.52753086265932, -18.89680472755606], [47.52758389118367, -18.89678943818194], [47.52768983671672, -18.89674200074262], [47.527766860952056, -18.896700683189863], [47.527831018586824, -18.896666267034504], [47.52818056707957, -18.896559355629734], [47.5285132856597, -18.89658925628902], [47.528919344852, -18.89670300434011], [47.529236997989244, -18.896837866674105], [47.52949415193359, -18.897049866558064], [47.52953668177264, -18.89709012021285], [47.529793082984554, -18.897332789676398], [47.529933935702616, -18.897511756562267], [47.53001068474549, -18.897643275216865], [47.529943428046806, -18.897822348222746]]]}}, {"type": "Feature", "properties": {"fokontany": "Mandialaza Ambatomitsangana", "arrondissement": "3e Arrondissement", "pcode": "MG11101003017"}, "geometry": {"type": "Polygon", "coordinates": [[[47.5297775966589, -18.897779597150645], [47.529943428046806, -18.897822348222746], [47.529899861289664, -18.897938346377543], [47.529882604198974, -18.8981081149974], [47.52981598422048, -18.89852731688211], [47.529766710365436, -18.89883736805001], [47.52974941190587, -18.899000899871567], [47.5296790579423, -18.89966020725268], [47.52924999858857, -18.899633337308615], [47.52921666611633, -18.899816670402913], [47.52913333313688, -18.899800003267444], [47.52885864600978, -18.89977513791223], [47.52865957837702, -18.89973844917006], [47.52856998611611, -18.899720046342964], [47.528455372917165, -18.899675767322776], [47.52848452713931, -18.899571511615875], [47.52841666609635, -18.899483336686558], [47.527983333164286, -18.89941666994332], [47.52768333281972, -18.899366670335496], [47.527633333211895, -18.899283337356053], [47.527633333211895, -18.899233336848965], [47.527530677399, -18.899205107129944], [47.527547985751085, -18.899070267278887], [47.52755084199788, -18.898953568552315], [47.52764427616245, -18.898904979980728], [47.5276508250256, -18.898801986922138], [47.527650229674464, -18.89870933067101], [47.52766739683301, -18.898575391041334], [47.52771340884692, -18.898441282339206], [47.52775902336032, -18.89824540280307], [47.52777245293652, -18.898090892980292], [47.5277999955735, -18.8978882559382], [47.52836666558932, -18.897950003389894], [47.52846666570417, -18.897850003274925], [47.528504681845675, -18.89778779626971], [47.52856318903997, -18.897798317438344], [47.5287431451801, -18.89779227939016], [47.528912637708174, -18.89778962818866], [47.52916236415183, -18.89776322409341], [47.52930208462362, -18.897750765785133], [47.52939990028534, -18.897743543329796], [47.529581666760635, -18.897747473367076], [47.5297775966589, -18.897779597150645]]]}}, {"type": "Feature", "properties": {"fokontany": "Andravoahangy Tsena", "arrondissement": "3e Arrondissement", "pcode": "MG11101003010"}, "geometry": {"type": "Polygon", "coordinates": [[[47.53198333326435, -18.893516670357997], [47.53199150540377, -18.894055490168626], [47.53202674174082, -18.894332729571715], [47.532067310158425, -18.894684832139262], [47.53210066331508, -18.89491226978538], [47.532230215152424, -18.89522261233367], [47.53232729337009, -18.895442090080337], [47.53238378698234, -18.895547354826476], [47.53242981608321, -18.895742926794526], [47.53248224296118, -18.89604992566342], [47.53251824821865, -18.896417840111212], [47.53253048529382, -18.896750681898425], [47.532490969982405, -18.896764864207], [47.53240740587711, -18.896853615601856], [47.53234316730351, -18.896953173250267], [47.53224636337899, -18.89718578469615], [47.53218113555107, -18.897436925773377], [47.53207200372003, -18.89758727173512], [47.5319352995744, -18.897730291819414], [47.53132233425839, -18.898106269588595], [47.53095898926608, -18.898320533965432], [47.53067052632383, -18.897898045958016], [47.53021772756625, -18.897227875665862], [47.53007708708799, -18.89700334013196], [47.52998014916466, -18.896848574901753], [47.52978515995733, -18.89656363010738], [47.52914743810385, -18.895631694147255], [47.528753378565625, -18.895037024638953], [47.528521836413745, -18.894687604749038], [47.528291389636024, -18.894346949651947], [47.52787588036762, -18.893732720788364], [47.52846952195097, -18.893464586121695], [47.528931632289016, -18.89325490109269], [47.52951833740144, -18.893017343375675], [47.5300113007811, -18.892794050704822], [47.53014462617375, -18.892733661229443], [47.53025252593346, -18.89268385857315], [47.53044545569327, -18.8925918912027], [47.530771464431666, -18.892451525017805], [47.531222120104815, -18.892260131299963], [47.53147947100098, -18.892533337243606], [47.531624131448666, -18.89271459829996], [47.5317367580451, -18.892873284574307], [47.53184185371873, -18.893100304035784], [47.53198333326435, -18.893516670357997]]]}}, {"type": "Feature", "properties": {"fokontany": "Antaninandro Ampandrana", "arrondissement": "3e Arrondissement", "pcode": "MG11101003001"}, "geometry": {"type": "Polygon", "coordinates": [[[47.53245345026653, -18.901711327915393], [47.53249688302492, -18.901800171040975], [47.532523842001865, -18.9020170893171], [47.53253719693413, -18.90225841429435], [47.532568160592234, -18.90248653722381], [47.53230415471302, -18.90269659727005], [47.532190903087894, -18.90279057642391], [47.53192663730459, -18.90300986801094], [47.531499105899115, -18.903333464767456], [47.53136399984885, -18.903450733664386], [47.531247401846144, -18.90366349977063], [47.531234837417855, -18.903712617143526], [47.53112721734732, -18.90413328492309], [47.53109971607921, -18.904340540883197], [47.53111394874992, -18.904515117278777], [47.53109759188044, -18.90467110738564], [47.53108378998502, -18.904729670337986], [47.531057384091184, -18.904788306135345], [47.53101374358948, -18.904862037952626], [47.5309806143639, -18.904893262414078], [47.5307117791254, -18.90483325874783], [47.53059102895287, -18.90479685419143], [47.530466908121355, -18.904787458074622], [47.530339199894286, -18.904771335029068], [47.530182832072114, -18.90470814866211], [47.53005408063149, -18.904530099984072], [47.52990032264188, -18.904321834085295], [47.52972251498227, -18.904231783170133], [47.52950928482568, -18.904145313355457], [47.529331846787386, -18.904112612207257], [47.52918333274471, -18.904050003205043], [47.529026158230806, -18.903979449591816], [47.52910642092468, -18.903783312849555], [47.52928529697891, -18.90348876689302], [47.52917104980418, -18.90324949416879], [47.52911666600147, -18.903133336833946], [47.529189065922765, -18.902801027445378], [47.52916655319399, -18.902524637901593], [47.52915165772299, -18.9023859012882], [47.52911402019595, -18.902272469798618], [47.52908025514972, -18.902107291318373], [47.529049999258234, -18.902000003097555], [47.52946319906755, -18.90196951877823], [47.52980995516532, -18.90195819811231], [47.53007620755096, -18.90183576171097], [47.53024739530116, -18.901616242595424], [47.530385246981666, -18.901277583993192], [47.53042728309276, -18.90097823026099], [47.530530731208444, -18.900859841708268], [47.530673816043816, -18.900828011103727], [47.53078464669426, -18.900844671044695], [47.53103259068155, -18.900913479973042], [47.531106607584036, -18.90093411581671], [47.53139177810817, -18.90112597988002], [47.531454539095876, -18.90116111729168], [47.53191512957966, -18.901418980801225], [47.532304849889044, -18.901645555098185], [47.53245345026653, -18.901711327915393]]]}}, {"type": "Feature", "properties": {"fokontany": "Ampandrana Andrefana", "arrondissement": "3e Arrondissement", "pcode": "MG11101003029"}, "geometry": {"type": "Polygon", "coordinates": [[[47.53109759188044, -18.90467110738564], [47.53111394874992, -18.904515117278777], [47.53109971607921, -18.904340540883197], [47.53112721734732, -18.90413328492309], [47.531234837417855, -18.903712617143526], [47.531247401846144, -18.90366349977063], [47.53136399984885, -18.903450733664386], [47.531499105899115, -18.903333464767456], [47.53192663730459, -18.90300986801094], [47.532190903087894, -18.90279057642391], [47.53230415471302, -18.90269659727005], [47.532568160592234, -18.90248653722381], [47.53262192206415, -18.902591017761154], [47.532847323645115, -18.90278619043022], [47.533264039803726, -18.90307381070778], [47.533391175162706, -18.903275171611824], [47.53350938744836, -18.90361693557304], [47.53353297306836, -18.90374070836691], [47.533561849399916, -18.90389223603779], [47.53357114119535, -18.904048293593803], [47.53357655241615, -18.90413916738862], [47.53358407794303, -18.904260265598737], [47.53359131838471, -18.904376768273153], [47.53359995817169, -18.9045157926696], [47.53360663473853, -18.904737819994295], [47.53359518816757, -18.904994884006612], [47.533567383827744, -18.905154734902965], [47.53352360842791, -18.90527725224331], [47.5334436317184, -18.9054773298148], [47.53329322999872, -18.90573271209496], [47.53302778790214, -18.906036174829524], [47.53295755534708, -18.906121419767658], [47.532918828741, -18.90621396630138], [47.532914165756324, -18.906303817567107], [47.53283730969417, -18.906362663805794], [47.53266018461994, -18.90625973190106], [47.53265095577717, -18.90613182492376], [47.532700545294006, -18.906003575304737], [47.532747076216765, -18.905835355317322], [47.53270473613475, -18.905784951014596], [47.53263146566968, -18.905716068341803], [47.53253599633928, -18.905679304955868], [47.532435009668006, -18.90565590189823], [47.53230599922267, -18.90562999782611], [47.532129269849975, -18.90558837810113], [47.53199464044036, -18.905559839914645], [47.531896334648195, -18.905517762434727], [47.53173354117013, -18.905465395811348], [47.53155950976361, -18.90540776365725], [47.53137987737961, -18.905350164778156], [47.53126198435325, -18.90531086620348], [47.531152544054805, -18.905279514937604], [47.531096373299135, -18.90525585017724], [47.531064335850544, -18.905183584254928], [47.53104798527647, -18.905136170197977], [47.53105040804991, -18.90507750742097], [47.531057242897475, -18.90496085995568], [47.53106055959728, -18.90491500082652], [47.53112470733947, -18.904871802791433], [47.531152303036436, -18.904807662243797], [47.53113498299325, -18.904727788056903], [47.53109759188044, -18.90467110738564]]]}}, {"type": "Feature", "properties": {"fokontany": "Andravoahangy Atsinanana", "arrondissement": "3e Arrondissement", "pcode": "MG11101003020"}, "geometry": {"type": "Polygon", "coordinates": [[[47.53245345026653, -18.901711327915393], [47.532304849889044, -18.901645555098185], [47.53191512957966, -18.901418980801225], [47.531454539095876, -18.90116111729168], [47.53139177810817, -18.90112597988002], [47.531106607584036, -18.90093411581671], [47.53103259068155, -18.900913479973042], [47.53078464669426, -18.900844671044695], [47.530673816043816, -18.900828011103727], [47.530741475638706, -18.900698167886105], [47.530799483709245, -18.900470383101663], [47.53085422544234, -18.90015951355059], [47.530880411002215, -18.90001080705298], [47.530911423223586, -18.899768813879575], [47.53098025103782, -18.899231745048894], [47.5309850120488, -18.898750158093264], [47.530976087176725, -18.898585531796755], [47.53095898926608, -18.898320533965432], [47.53104301202552, -18.89836909285924], [47.53154234890047, -18.898665593042665], [47.53206523092581, -18.898954467874375], [47.532661233229476, -18.89930092629669], [47.532679120744945, -18.89933076310416], [47.53288325875542, -18.899445724340637], [47.53297194629846, -18.899495668190468], [47.53313297800463, -18.899586354026894], [47.53325230904693, -18.89965711538349], [47.53328297772731, -18.899675300574643], [47.53331466623905, -18.89969166643715], [47.53363411891951, -18.899856638073345], [47.53383842690198, -18.899965851742593], [47.533870902320416, -18.89998686080486], [47.53413655935492, -18.900158725744575], [47.53434618233064, -18.90034650418778], [47.53457746098104, -18.900639989843626], [47.534708575840284, -18.900848813322057], [47.5347845811437, -18.901048601311857], [47.53483303661551, -18.901244808201284], [47.534868396159595, -18.901544016243236], [47.53487494862003, -18.901626312304415], [47.53467122339828, -18.90163185212822], [47.534098204168856, -18.901653804579382], [47.53367057293872, -18.90166457396083], [47.53333742268393, -18.901681360706164], [47.53310307734529, -18.90170133015215], [47.53278394212532, -18.901703196245478], [47.53245345026653, -18.901711327915393]]]}}, {"type": "Feature", "properties": {"fokontany": "Antsakaviro Ambodirotra", "arrondissement": "3e Arrondissement", "pcode": "MG11101003034"}, "geometry": {"type": "Polygon", "coordinates": [[[47.538489662967606, -18.9136415830925], [47.53805194584072, -18.9137858010738], [47.537911687574365, -18.913830482090987], [47.537855390913705, -18.913788159995477], [47.53775789900794, -18.91372830741534], [47.537664371313724, -18.913703976257466], [47.5375373708531, -18.91369192624137], [47.53738081507271, -18.913748294847835], [47.53718688976329, -18.913792088234175], [47.53703764187384, -18.913814290696905], [47.536809944323636, -18.91383340039107], [47.53661544704522, -18.913841470907073], [47.53653394598496, -18.91381946989253], [47.536503031789664, -18.913803656213645], [47.53637342599296, -18.913687120264342], [47.536218560038606, -18.913562735032144], [47.536108924587325, -18.913502064068894], [47.53589266191693, -18.913412694839963], [47.53577479676943, -18.91337873014419], [47.53562058732035, -18.913355641849364], [47.53547485038422, -18.91334316825254], [47.535379633763114, -18.913346392322126], [47.53517091010946, -18.91335063262551], [47.534966367404024, -18.91344786462713], [47.53471498530848, -18.91358378276533], [47.534527423601844, -18.913706524036797], [47.534413379673765, -18.913755207936447], [47.53418516861075, -18.913833370713405], [47.53406406680341, -18.913830878692067], [47.53378490824707, -18.913832513659486], [47.533428225432374, -18.913808993690054], [47.533390194002266, -18.91364916257868], [47.533362065906715, -18.91346046412906], [47.533316666331245, -18.913316669728488], [47.53323924819284, -18.913192291690848], [47.53312055926659, -18.913042535684383], [47.53295818757044, -18.9128994373591], [47.53281666575657, -18.91278333668157], [47.53276191413113, -18.912714922555608], [47.53270760497202, -18.912638415430422], [47.53267011223596, -18.912561807581255], [47.53266276477484, -18.91246581934206], [47.53266474328342, -18.912251334631264], [47.53267460614825, -18.912216065918585], [47.53276407160479, -18.91200747176731], [47.532863176894125, -18.91184660913359], [47.532911246556864, -18.911780612385257], [47.53307504997372, -18.911649757430325], [47.533412665362334, -18.911430150181218], [47.5335018061636, -18.91139670799157], [47.533613401237574, -18.91125017695407], [47.533641537427116, -18.911188059881], [47.533692601832286, -18.91099503569228], [47.533734683808746, -18.91064769863226], [47.5340571114466, -18.910650905614773], [47.534281396069616, -18.910574196142193], [47.53459908158254, -18.91046554005254], [47.53530870783061, -18.910336302078633], [47.5355314420226, -18.910289947423053], [47.53582293118342, -18.910253301848286], [47.53591947790176, -18.910245380619756], [47.536044075373866, -18.910093875431983], [47.536096691109435, -18.909865566342717], [47.536247332948165, -18.909792519808832], [47.53648390410905, -18.909694132178345], [47.53666151661582, -18.909642867224477], [47.53669268981582, -18.909633870406708], [47.5373698010755, -18.909438529564454], [47.53749114390126, -18.90940352255444], [47.53772778161192, -18.90934983212901], [47.537898099717665, -18.909366554123096], [47.53790521515373, -18.909517180673276], [47.53789111108597, -18.909725651617407], [47.53799948928497, -18.910151595719526], [47.53804343825425, -18.910573016231638], [47.53806584306437, -18.91084991659028], [47.53802885934442, -18.91110510281817], [47.53799806565826, -18.911336939048454], [47.53796971093345, -18.91151732236642], [47.537907446371605, -18.911846205338065], [47.53791584244232, -18.911949123753004], [47.53794471697529, -18.912032309243557], [47.53803317159367, -18.912166628387126], [47.538284750640855, -18.912429923801824], [47.53842025688937, -18.912669385383765], [47.53846533630639, -18.91286770118336], [47.53845586015001, -18.912995241237354], [47.53842769338348, -18.913109406573824], [47.538428938045115, -18.91330117081236], [47.53848030102512, -18.913453413444188], [47.538489662967606, -18.9136415830925]]]}}, {"type": "Feature", "properties": {"fokontany": "Besarety", "arrondissement": "3e Arrondissement", "pcode": "MG11101003027"}, "geometry": {"type": "Polygon", "coordinates": [[[47.53923545455274, -18.89982947674889], [47.5392147215822, -18.899871896870422], [47.539131206939715, -18.90008962903312], [47.53904805382473, -18.900362931204256], [47.53892286369927, -18.900702158178035], [47.538872966614235, -18.900813258624908], [47.53873973025446, -18.90110992788084], [47.538644927321684, -18.901224157968443], [47.538573926745414, -18.901325616783765], [47.53839467837179, -18.901495434866376], [47.537856345993646, -18.901509618973705], [47.537785000077804, -18.901555756892606], [47.53751867394777, -18.901561178905183], [47.5376183808836, -18.90174810119379], [47.53774002408295, -18.90203606501234], [47.537702293925804, -18.902176029200348], [47.53699999895093, -18.90218333709123], [47.536816665856634, -18.902250002935205], [47.536735790724265, -18.902316790187626], [47.53695701585366, -18.90274313538731], [47.536899998835906, -18.902866669860884], [47.53671543996569, -18.902881713720035], [47.5358834600537, -18.90292582906369], [47.535875814017686, -18.902873704357887], [47.5358454241271, -18.902454785759687], [47.53586109931041, -18.902155339397325], [47.535898080332174, -18.90203777462358], [47.53606976630675, -18.90173980944462], [47.536166665559335, -18.901600002637963], [47.53601885388707, -18.90160242001565], [47.53615938644651, -18.901366035014462], [47.53615544831547, -18.901268504437894], [47.53608100693299, -18.900494805091057], [47.53607136979798, -18.8996711097339], [47.53610882656119, -18.89968620215643], [47.53615275394645, -18.899717956318568], [47.53622254583394, -18.89972386936097], [47.53629230624506, -18.899720415964396], [47.53633104004558, -18.899723311781372], [47.53643876173959, -18.89973868479234], [47.536580052427496, -18.899744258790406], [47.53678192144855, -18.899755878930648], [47.5368887321294, -18.899764776822906], [47.53703302205645, -18.89975765599098], [47.53721918441789, -18.89976291522629], [47.53728054695978, -18.899771768152505], [47.53728617042054, -18.899721011315535], [47.537609115168664, -18.899731815770622], [47.53783098241394, -18.899782795639396], [47.53787459143933, -18.899698244977913], [47.537887214323575, -18.899570127559286], [47.537899773355946, -18.89943240807912], [47.537902554958976, -18.8993427609596], [47.53796666672838, -18.8993333360645], [47.53813333268732, -18.899300002692883], [47.53813057986247, -18.899238987289323], [47.53821399198222, -18.899233512216767], [47.538200094758736, -18.899283049573], [47.5384999997753, -18.899250003085058], [47.538548934585776, -18.89918475637137], [47.53859753934512, -18.899226234003436], [47.53873570488901, -18.899200218415274], [47.538799457828816, -18.899177435889897], [47.53886640695919, -18.899129026283504], [47.538946725411165, -18.899067733888785], [47.53899999855116, -18.899116669598584], [47.53898333321433, -18.899233336848965], [47.53896666607892, -18.89940000280785], [47.53914999917322, -18.899583336801527], [47.53923545455274, -18.89982947674889]]]}}, {"type": "Feature", "properties": {"fokontany": "Ampandrana Atsinanana", "arrondissement": "3e Arrondissement", "pcode": "MG11101003031"}, "geometry": {"type": "Polygon", "coordinates": [[[47.53551666616136, -18.9041857603645], [47.53574764533761, -18.904200101853178], [47.53590348885507, -18.904001475787368], [47.53595339942996, -18.903894722663267], [47.53595041188214, -18.903543900730313], [47.53599008727275, -18.903423845733812], [47.53598934263408, -18.903308897987188], [47.53589687344214, -18.903017271230055], [47.5358834600537, -18.90292582906369], [47.53671543996569, -18.902881713720035], [47.536899998835906, -18.902866669860884], [47.53695701585366, -18.90274313538731], [47.536735790724265, -18.902316790187626], [47.536816665856634, -18.902250002935205], [47.53699999895093, -18.90218333709123], [47.537702293925804, -18.902176029200348], [47.53762889665643, -18.902476170738623], [47.537500681211554, -18.902962345136075], [47.5373955513636, -18.90343367442449], [47.537398638736306, -18.903612010885524], [47.537446265932545, -18.903806635867454], [47.53757393279079, -18.90412949967663], [47.53758774367958, -18.904155222085762], [47.53772450718037, -18.90440993886756], [47.537773804417554, -18.904564100652635], [47.537892493343975, -18.904991825412367], [47.53791065425338, -18.905111234695596], [47.53805048624099, -18.9055222851253], [47.53810691240426, -18.90561821760656], [47.538144252255506, -18.905681703447783], [47.538287232769676, -18.905982410659703], [47.53820061007025, -18.906030726736617], [47.53807969082516, -18.906152792617206], [47.53801089628587, -18.906269036286915], [47.5376576497809, -18.906287927445874], [47.537461192879846, -18.90629901428798], [47.536983332714726, -18.906083337076325], [47.536831237571676, -18.906379920896597], [47.53664999899837, -18.906733337373566], [47.536683333269366, -18.907083337326128], [47.536366665789046, -18.907350003399813], [47.53618333269469, -18.907500003122607], [47.53528333255986, -18.906083337076325], [47.534499998776084, -18.906233336799005], [47.534585106117845, -18.906155197404416], [47.534746092858086, -18.905876410268036], [47.534748013809974, -18.905800687351814], [47.5347113367589, -18.905720600924894], [47.53472263314319, -18.905603526281595], [47.534713211845315, -18.905283284895575], [47.53476742028039, -18.905277555314854], [47.53527740602755, -18.905270111626237], [47.535450133417044, -18.905298117414077], [47.53551666616136, -18.904866670360434], [47.53551666616136, -18.9041857603645]]]}}, {"type": "Feature", "properties": {"fokontany": "Soavinandriana", "arrondissement": "3e Arrondissement", "pcode": "MG11101003012"}, "geometry": {"type": "Polygon", "coordinates": [[[47.542958389718024, -18.894709099445265], [47.54302141060964, -18.894711353146363], [47.54312696673617, -18.894732979143612], [47.5433254992725, -18.894853596216365], [47.54340135618776, -18.894891899241657], [47.54350687094541, -18.895018599328864], [47.54361881405708, -18.89523937209924], [47.54373689773979, -18.89550992864025], [47.543860292818295, -18.89570295462761], [47.54395000019247, -18.895800003167494], [47.544636325905685, -18.896085877860912], [47.54485205437885, -18.89616764242271], [47.54468878156206, -18.89635244231124], [47.54441462863235, -18.896636978813433], [47.54417489185795, -18.89690868199], [47.54396198905465, -18.89722569570921], [47.543885999039674, -18.897375181019754], [47.54378958542122, -18.897648564129838], [47.54374306708894, -18.897840817599615], [47.54371206116275, -18.897969829843703], [47.54364426217302, -18.89815463243025], [47.543549759613825, -18.898314330441963], [47.5434841549698, -18.89842838965842], [47.54338414676096, -18.898557809295426], [47.54330782669496, -18.898656775189977], [47.54305778279047, -18.898976532740733], [47.542931088099294, -18.89908337399845], [47.54280383402977, -18.899104333598018], [47.54247142571592, -18.89900272729392], [47.542388859858136, -18.898957745003884], [47.542125813555515, -18.89891130131548], [47.541971856815906, -18.898907157239478], [47.54170396406687, -18.898931470410957], [47.54138522364934, -18.89898510687715], [47.54113589110858, -18.899021816303673], [47.540902662727774, -18.89905615331878], [47.5405129037477, -18.899114021994478], [47.5402239767551, -18.89916877002264], [47.53986368855851, -18.89926940595825], [47.53962285910774, -18.899374391015215], [47.53944604969547, -18.89952951957156], [47.53928282094546, -18.899732564006513], [47.53923545455274, -18.89982947674889], [47.53914999917322, -18.899583336801527], [47.53896666607892, -18.89940000280785], [47.53898333321433, -18.899233336848965], [47.53899999855116, -18.899116669598584], [47.538946725411165, -18.899067733888785], [47.53888216308144, -18.898965677024307], [47.538833332592276, -18.898866669760878], [47.53871666714059, -18.89881667015311], [47.53866666663339, -18.89880000301764], [47.53874033190084, -18.898741070443975], [47.53893333360651, -18.898616669923342], [47.539066666193776, -18.898600002787816], [47.53901666658595, -18.898300003342456], [47.539000000349915, -18.898100003112575], [47.53925000018745, -18.89790000288275], [47.53930278319706, -18.897704644953365], [47.53957088458884, -18.8975579520378], [47.53973372842893, -18.897457536436093], [47.53978016132555, -18.89731017982092], [47.54226666717301, -18.894716669038928], [47.54228216518993, -18.894672856766817], [47.54239091930566, -18.894688796350806], [47.542958389718024, -18.894709099445265]]]}}, {"type": "Feature", "properties": {"fokontany": "Avaradoha", "arrondissement": "3e Arrondissement", "pcode": "MG11101003022"}, "geometry": {"type": "Polygon", "coordinates": [[[47.54561187179047, -18.89673887469928], [47.545561768760706, -18.896880597061852], [47.545394815018824, -18.897436638889644], [47.54534082511901, -18.897616452936916], [47.54531812443196, -18.897692058042026], [47.54519687603505, -18.8981859513205], [47.54510383037763, -18.89878747276356], [47.54507608809115, -18.89889978369797], [47.54498115115939, -18.89928412875946], [47.54486768189804, -18.899528632840088], [47.544706667278945, -18.899806479285473], [47.54448297710786, -18.90012809033908], [47.54435793806846, -18.90026314332937], [47.54417212464392, -18.900400621791164], [47.54391454801811, -18.900519926753134], [47.543674204201295, -18.90061846636911], [47.543494552931406, -18.900702181560405], [47.543373786571124, -18.900826877957968], [47.54330282736373, -18.90091105000488], [47.5431158412232, -18.90115564671561], [47.54309059185738, -18.901188675217156], [47.54304860700768, -18.901254278062424], [47.54285509718511, -18.90143952131683], [47.54276868942361, -18.90150615478518], [47.54254153056729, -18.90162941226754], [47.54243087798278, -18.90164039658697], [47.54227007830161, -18.901618615006953], [47.54188782416378, -18.901485242849617], [47.541552817708464, -18.901379814426832], [47.54146608798959, -18.90131368367946], [47.54124126197473, -18.901294861768406], [47.54109961605451, -18.901297245871092], [47.54092740577522, -18.901357152410583], [47.540802244428164, -18.90139043542024], [47.540566794721826, -18.90149100840324], [47.54033561589608, -18.901497018572513], [47.54012211594306, -18.901467279791063], [47.539977153323036, -18.901460383789583], [47.5392997578777, -18.90145662102617], [47.53895612962174, -18.90147560391597], [47.53839467837179, -18.901495434866376], [47.538573926745414, -18.901325616783765], [47.538644927321684, -18.901224157968443], [47.53873973025446, -18.90110992788084], [47.538872966614235, -18.900813258624908], [47.53892286369927, -18.900702158178035], [47.53904805382473, -18.900362931204256], [47.539131206939715, -18.90008962903312], [47.5392147215822, -18.899871896870422], [47.53923545455274, -18.89982947674889], [47.53928282094546, -18.899732564006513], [47.53944604969547, -18.89952951957156], [47.53962285910774, -18.899374391015215], [47.53986368855851, -18.89926940595825], [47.5402239767551, -18.89916877002264], [47.5405129037477, -18.899114021994478], [47.540902662727774, -18.89905615331878], [47.54113589110858, -18.899021816303673], [47.54138522364934, -18.89898510687715], [47.54170396406687, -18.898931470410957], [47.541971856815906, -18.898907157239478], [47.542125813555515, -18.89891130131548], [47.542388859858136, -18.898957745003884], [47.54247142571592, -18.89900272729392], [47.54280383402977, -18.899104333598018], [47.542931088099294, -18.89908337399845], [47.54305778279047, -18.898976532740733], [47.54330782669496, -18.898656775189977], [47.54338414676096, -18.898557809295426], [47.5434841549698, -18.89842838965842], [47.543549759613825, -18.898314330441963], [47.54364426217302, -18.89815463243025], [47.54371206116275, -18.897969829843703], [47.54374306708894, -18.897840817599615], [47.54378958542122, -18.897648564129838], [47.543885999039674, -18.897375181019754], [47.54396198905465, -18.89722569570921], [47.54417489185795, -18.89690868199], [47.54441462863235, -18.896636978813433], [47.54468878156206, -18.89635244231124], [47.54485205437885, -18.89616764242271], [47.54503866640141, -18.896244039830492], [47.54532480009948, -18.8964194939644], [47.54547727655512, -18.896612346382597], [47.54561187179047, -18.89673887469928]]]}}, {"type": "Feature", "properties": {"fokontany": "Betongolo", "arrondissement": "3e Arrondissement", "pcode": "MG11101003025"}, "geometry": {"type": "Polygon", "coordinates": [[[47.54188782416378, -18.901485242849617], [47.54227007830161, -18.901618615006953], [47.54243087798278, -18.90164039658697], [47.54254153056729, -18.90162941226754], [47.54259833264712, -18.901721984881647], [47.542794776058145, -18.901888040200845], [47.54309250741346, -18.902139712777398], [47.54309292290014, -18.902203648279624], [47.54304002207954, -18.90222415102363], [47.54294783617388, -18.902184312855695], [47.54281694614525, -18.902173307851854], [47.54270932067868, -18.902205911873295], [47.54256157465704, -18.90232119866431], [47.54239881805114, -18.902574544879258], [47.5423539958403, -18.902749796665717], [47.542384701392905, -18.903121464883668], [47.542412192768666, -18.903271051817512], [47.54251545022794, -18.903924964165697], [47.542592228049045, -18.90431318620449], [47.54263399256479, -18.904482880180694], [47.542627985093475, -18.904646125118518], [47.54246366636528, -18.904931449426726], [47.54243094363318, -18.90506456617669], [47.54244987076504, -18.905256266563356], [47.54260298214194, -18.90569283255809], [47.54277261766231, -18.9062235251954], [47.542877540666154, -18.906467123658786], [47.54293237412975, -18.906594430788232], [47.542931510780704, -18.90667298836769], [47.54292904394032, -18.906897314359526], [47.54283440468407, -18.907024065707958], [47.542737615148894, -18.907091940240775], [47.542541333615645, -18.907084685409814], [47.542231277951146, -18.90698051244067], [47.541688886033455, -18.906761611159368], [47.54145171592393, -18.906719262983472], [47.540904265319625, -18.906714458805197], [47.54062240969654, -18.90669218079944], [47.540468304568776, -18.906645976330708], [47.54003757067733, -18.906470159770038], [47.53938181381983, -18.906216585127254], [47.539098366396615, -18.906125711332436], [47.53888232406007, -18.906069774400464], [47.53870683215462, -18.905996772832736], [47.53849598430236, -18.905923979008378], [47.53837055765513, -18.905938176605503], [47.538287232769676, -18.905982410659703], [47.538144252255506, -18.905681703447783], [47.53810691240426, -18.90561821760656], [47.53805048624099, -18.9055222851253], [47.53791065425338, -18.905111234695596], [47.537892493343975, -18.904991825412367], [47.537773804417554, -18.904564100652635], [47.53772450718037, -18.90440993886756], [47.53758774367958, -18.904155222085762], [47.53757393279079, -18.90412949967663], [47.537446265932545, -18.903806635867454], [47.537398638736306, -18.903612010885524], [47.5373955513636, -18.90343367442449], [47.537500681211554, -18.902962345136075], [47.53762889665643, -18.902476170738623], [47.537702293925804, -18.902176029200348], [47.53774002408295, -18.90203606501234], [47.5376183808836, -18.90174810119379], [47.53751867394777, -18.901561178905183], [47.537785000077804, -18.901555756892606], [47.537856345993646, -18.901509618973705], [47.53839467837179, -18.901495434866376], [47.53895612962174, -18.90147560391597], [47.5392997578777, -18.90145662102617], [47.539977153323036, -18.901460383789583], [47.54012211594306, -18.901467279791063], [47.54033561589608, -18.901497018572513], [47.540566794721826, -18.90149100840324], [47.540802244428164, -18.90139043542024], [47.54092740577522, -18.901357152410583], [47.54109961605451, -18.901297245871092], [47.54124126197473, -18.901294861768406], [47.54146608798959, -18.90131368367946], [47.541552817708464, -18.901379814426832], [47.54188782416378, -18.901485242849617]]]}}, {"type": "Feature", "properties": {"fokontany": "Ampahibe", "arrondissement": "3e Arrondissement", "pcode": "MG11101003033"}, "geometry": {"type": "Polygon", "coordinates": [[[47.542931510780704, -18.90667298836769], [47.54296666617881, -18.90670000310257], [47.543266665624174, -18.90680000321754], [47.543999998900915, -18.908116670048173], [47.54422711998569, -18.908316565956625], [47.54417894510226, -18.90836656196717], [47.54395190225853, -18.908732835152193], [47.54383079685391, -18.90895789409143], [47.543818967171774, -18.909071631350685], [47.54386060398383, -18.909191034338733], [47.54389948797103, -18.909370279114967], [47.54395154792559, -18.909642173847203], [47.54404659907141, -18.909919798160104], [47.544189841288244, -18.91019713558927], [47.54437048361103, -18.910426394362503], [47.544636530951266, -18.91073890067969], [47.544694117239715, -18.910894104779004], [47.54470270666474, -18.91124702033369], [47.54467861922302, -18.911408688759877], [47.54466460328899, -18.91172911540633], [47.54470941470777, -18.912093967662372], [47.54475124037759, -18.912272072997666], [47.544784730231186, -18.912487940865674], [47.54467460105212, -18.91257819412823], [47.54453510541077, -18.91269614291258], [47.54450198337997, -18.912724282699457], [47.54440130067957, -18.912771635602383], [47.54428210363625, -18.91282318833936], [47.54412582035036, -18.912889274120687], [47.54396304216067, -18.9129575308653], [47.54388662496774, -18.91298957370975], [47.54375037408056, -18.91303437883346], [47.54321470279632, -18.913227945313395], [47.5430446796683, -18.913245556736968], [47.54276131768074, -18.913276292866556], [47.542490962587976, -18.913294496044045], [47.542194486686356, -18.91332115644616], [47.541841300435806, -18.91334815139595], [47.54154999923327, -18.913366670235575], [47.54131372934518, -18.913392781151856], [47.541078433423024, -18.913435686008086], [47.54085630537429, -18.91349097003217], [47.540389389059044, -18.91361788685589], [47.540247158579575, -18.913632738260162], [47.5401048984225, -18.91364291678707], [47.53997222593762, -18.91361800916377], [47.53986652861755, -18.913590605921684], [47.53968973269514, -18.91357296392107], [47.53942202520642, -18.91353717270232], [47.539191214203186, -18.91351517708364], [47.539031609721064, -18.91349976809977], [47.53892756985152, -18.913490623793223], [47.53876228705002, -18.91355169585404], [47.538489662967606, -18.9136415830925], [47.53848030102512, -18.913453413444188], [47.538428938045115, -18.91330117081236], [47.53842769338348, -18.913109406573824], [47.53845586015001, -18.912995241237354], [47.53846533630639, -18.91286770118336], [47.53842025688937, -18.912669385383765], [47.538284750640855, -18.912429923801824], [47.53803317159367, -18.912166628387126], [47.53794471697529, -18.912032309243557], [47.53791584244232, -18.911949123753004], [47.537907446371605, -18.911846205338065], [47.53796971093345, -18.91151732236642], [47.53799806565826, -18.911336939048454], [47.53802885934442, -18.91110510281817], [47.53806584306437, -18.91084991659028], [47.53804343825425, -18.910573016231638], [47.53799948928497, -18.910151595719526], [47.53789111108597, -18.909725651617407], [47.53790521515373, -18.909517180673276], [47.537898099717665, -18.909366554123096], [47.53772778161192, -18.90934983212901], [47.53749114390126, -18.90940352255444], [47.5373698010755, -18.909438529564454], [47.53669268981582, -18.909633870406708], [47.53666151661582, -18.909642867224477], [47.53648390410905, -18.909694132178345], [47.536247332948165, -18.909792519808832], [47.53606649817044, -18.909396856779495], [47.53606091517912, -18.90934449195464], [47.53596513378403, -18.90912797927274], [47.535845500569394, -18.90887168328146], [47.535749994366824, -18.90869758532523], [47.53565968264837, -18.90851597083531], [47.53552226534043, -18.90834710873196], [47.53535363166486, -18.908215857175946], [47.535181260407, -18.908079509161894], [47.53482134003298, -18.907794806285153], [47.534779249962526, -18.90777259662798], [47.534489366091464, -18.90753975405636], [47.53390714140147, -18.907099033193788], [47.533805734747034, -18.907022599813104], [47.53389999898593, -18.90696667007569], [47.534283333209316, -18.906750002710396], [47.53424999893832, -18.90668333686648], [47.533999999100786, -18.90631666977839], [47.53435324560593, -18.906257795660622], [47.534499998776084, -18.906233336799005], [47.53528333255986, -18.906083337076325], [47.53618333269469, -18.907500003122607], [47.536366665789046, -18.907350003399813], [47.536683333269366, -18.907083337326128], [47.53664999899837, -18.906733337373566], [47.536831237571676, -18.906379920896597], [47.536983332714726, -18.906083337076325], [47.537461192879846, -18.90629901428798], [47.5376576497809, -18.906287927445874], [47.53801089628587, -18.906269036286915], [47.53807969082516, -18.906152792617206], [47.53820061007025, -18.906030726736617], [47.538287232769676, -18.905982410659703], [47.53837055765513, -18.905938176605503], [47.53849598430236, -18.905923979008378], [47.53870683215462, -18.905996772832736], [47.53888232406007, -18.906069774400464], [47.539098366396615, -18.906125711332436], [47.53938181381983, -18.906216585127254], [47.54003757067733, -18.906470159770038], [47.540468304568776, -18.906645976330708], [47.54062240969654, -18.90669218079944], [47.540904265319625, -18.906714458805197], [47.54145171592393, -18.906719262983472], [47.541688886033455, -18.906761611159368], [47.542231277951146, -18.90698051244067], [47.542541333615645, -18.907084685409814], [47.542737615148894, -18.907091940240775], [47.54283440468407, -18.907024065707958], [47.54292904394032, -18.906897314359526], [47.542931510780704, -18.90667298836769]]]}}, {"type": "Feature", "properties": {"fokontany": "Ankadivato IIl", "arrondissement": "3e Arrondissement", "pcode": "MG11101003032"}, "geometry": {"type": "Polygon", "coordinates": [[[47.533805734747034, -18.907022599813104], [47.53390714140147, -18.907099033193788], [47.534489366091464, -18.90753975405636], [47.534779249962526, -18.90777259662798], [47.53482134003298, -18.907794806285153], [47.535181260407, -18.908079509161894], [47.53535363166486, -18.908215857175946], [47.53552226534043, -18.90834710873196], [47.53565968264837, -18.90851597083531], [47.535749994366824, -18.90869758532523], [47.535845500569394, -18.90887168328146], [47.53596513378403, -18.90912797927274], [47.53606091517912, -18.90934449195464], [47.53606649817044, -18.909396856779495], [47.536247332948165, -18.909792519808832], [47.536096691109435, -18.909865566342717], [47.536044075373866, -18.910093875431983], [47.53591947790176, -18.910245380619756], [47.53582293118342, -18.910253301848286], [47.5355314420226, -18.910289947423053], [47.53530870783061, -18.910336302078633], [47.53459908158254, -18.91046554005254], [47.534281396069616, -18.910574196142193], [47.5340571114466, -18.910650905614773], [47.533734683808746, -18.91064769863226], [47.53379968680622, -18.91015600329689], [47.53385243833952, -18.909842901628565], [47.53388081374874, -18.909610512315226], [47.533899200387964, -18.909373441131322], [47.53390876018125, -18.909311773719253], [47.53391792337362, -18.90918850004914], [47.53389228999731, -18.909074906681553], [47.533841760688745, -18.908961459903423], [47.533766518909886, -18.908876593579862], [47.53367630791547, -18.90878707596272], [47.53348641786408, -18.90868392372397], [47.533271507773975, -18.908561960366058], [47.5329117987406, -18.90837923341479], [47.5325020829049, -18.908163622752966], [47.53242668824123, -18.908055061092114], [47.53237597726962, -18.907913178650233], [47.532375425985094, -18.907827875256203], [47.53239514631912, -18.907724829137464], [47.532501781631936, -18.907321663064238], [47.5326196899469, -18.906929094601935], [47.53277057100513, -18.906437697841397], [47.53283730969417, -18.906362663805794], [47.532914165756324, -18.906303817567107], [47.532953922985314, -18.906370952857117], [47.53324113317194, -18.90659632925707], [47.53339130016849, -18.90671022569626], [47.533805734747034, -18.907022599813104]]]}}, {"type": "Feature", "properties": {"fokontany": "Ilanivato Ampasika", "arrondissement": "4e Arrondissement", "pcode": "MG11101004003"}, "geometry": {"type": "Polygon", "coordinates": [[[47.502482908159834, -18.92083766762414], [47.50245472880283, -18.920850687109464], [47.50239503270461, -18.920882115717006], [47.502623069299204, -18.92133277139021], [47.50289908562439, -18.921871724300615], [47.503027885628455, -18.922121796083957], [47.503316882768104, -18.92255689438508], [47.50363798840249, -18.92303937616623], [47.50393150733339, -18.923470125345887], [47.5040464595765, -18.923685679350513], [47.50407948987663, -18.92388008130058], [47.504071871719646, -18.924113630739384], [47.50402757920955, -18.92429549973741], [47.5038990705857, -18.924673203305645], [47.50388071902012, -18.924727146440603], [47.503787224600785, -18.924759013917253], [47.503582395910996, -18.92471630781131], [47.50326591638907, -18.924688981011627], [47.503087972032404, -18.924787096147497], [47.502776624041985, -18.924764592411975], [47.50252850198882, -18.924824403623234], [47.50254087306291, -18.92493542672844], [47.50216704917017, -18.92489311902216], [47.50214873357726, -18.924765464754273], [47.50206201015379, -18.924705544725043], [47.50191973560749, -18.92466184936484], [47.501817583414834, -18.924643010366594], [47.50166308977987, -18.924650464847048], [47.501451006259, -18.924897458250996], [47.50132293110852, -18.925024218592796], [47.50118415582426, -18.925233521409837], [47.50100417000658, -18.92523499989528], [47.50076980218472, -18.925284881691823], [47.50062158222039, -18.925311738146092], [47.500576154765895, -18.92531996694288], [47.500249806983106, -18.925346099442834], [47.499914858983686, -18.92531536601126], [47.499914141324666, -18.925200873321614], [47.499899323195336, -18.925030840300963], [47.499821297115204, -18.925007993024337], [47.49966314144086, -18.924957003263046], [47.49947003811195, -18.924824281315466], [47.4993815007557, -18.9247805877539], [47.49930421841498, -18.92474620577275], [47.499242731766685, -18.924709851578314], [47.49918160125003, -18.924671226595763], [47.49909725923112, -18.924638842008903], [47.49903221126766, -18.92460086993418], [47.49890926674931, -18.924548226319473], [47.498861518144736, -18.924519134150614], [47.49883276502027, -18.924502752999615], [47.498747656779074, -18.92445805129796], [47.4986409252387, -18.9243964468385], [47.49336666583895, -18.923066668791705], [47.49315373335827, -18.922979481317896], [47.492956726971386, -18.92290173762501], [47.49311301115665, -18.922650491327033], [47.493782705707474, -18.92176436233541], [47.494081502759286, -18.92119682177588], [47.49463943676068, -18.920167461359142], [47.49497726978535, -18.919533217184096], [47.49520077379674, -18.919597123908034], [47.49984153006261, -18.92090754674581], [47.5003360501687, -18.92052891867462], [47.50053333264725, -18.920100003212553], [47.50067178777283, -18.92003254506585], [47.50094100702205, -18.919735409961106], [47.50109199689825, -18.919360016751284], [47.50112198389252, -18.919308971232], [47.50120634030037, -18.919256137860373], [47.50139068423272, -18.919477254171852], [47.50153922165788, -18.919661144845918], [47.50172381290383, -18.91986193557983], [47.5019084482164, -18.92006956655723], [47.50205324176386, -18.920229530768154], [47.50216912930199, -18.92036571330692], [47.502270659163685, -18.920505396906435], [47.50236131981916, -18.920631459374306], [47.502433985939774, -18.920754202444414], [47.502482908159834, -18.92083766762414]]]}}, {"type": "Feature", "properties": {"fokontany": "Ampangabe Anjanakinifolo", "arrondissement": "4e Arrondissement", "pcode": "MG11101004004"}, "geometry": {"type": "Polygon", "coordinates": [[[47.4993815007557, -18.9247805877539], [47.49947003811195, -18.924824281315466], [47.49966314144086, -18.924957003263046], [47.499821297115204, -18.925007993024337], [47.499899323195336, -18.925030840300963], [47.499914141324666, -18.925200873321614], [47.499914858983686, -18.92531536601126], [47.500249806983106, -18.925346099442834], [47.500576154765895, -18.92531996694288], [47.50062158222039, -18.925311738146092], [47.50076980218472, -18.925284881691823], [47.50100417000658, -18.92523499989528], [47.50118415582426, -18.925233521409837], [47.50132293110852, -18.925024218592796], [47.501451006259, -18.924897458250996], [47.50166308977987, -18.924650464847048], [47.501817583414834, -18.924643010366594], [47.50191973560749, -18.92466184936484], [47.50206201015379, -18.924705544725043], [47.50214873357726, -18.924765464754273], [47.50216704917017, -18.92489311902216], [47.50254087306291, -18.92493542672844], [47.50252850198882, -18.924824403623234], [47.502776624041985, -18.924764592411975], [47.503087972032404, -18.924787096147497], [47.50326591638907, -18.924688981011627], [47.503582395910996, -18.92471630781131], [47.503787224600785, -18.924759013917253], [47.50388071902012, -18.924727146440603], [47.50310003643756, -18.92706896396146], [47.50298783971721, -18.927413071555975], [47.50287330565868, -18.927679130587308], [47.50248211225977, -18.928300637664222], [47.502128479945554, -18.9288609368827], [47.50170785263532, -18.929538249590507], [47.501648016242996, -18.929512734025366], [47.50163608313886, -18.929257224940898], [47.50161437440397, -18.929090240622088], [47.50130351114831, -18.928934731652475], [47.50114607043486, -18.92868719685663], [47.50120936831786, -18.928542416799075], [47.50097512819974, -18.92842154611742], [47.50090372742517, -18.928205320319194], [47.49913090196969, -18.9275321678752], [47.49902528378988, -18.927443893121108], [47.499099456274905, -18.927171295119138], [47.49892459389508, -18.927060081357638], [47.49840605829303, -18.926940331231208], [47.49823715661961, -18.92685557822233], [47.49792772508448, -18.926821053248887], [47.497699982568236, -18.926979553363594], [47.49745542272973, -18.926970412654327], [47.492494268595806, -18.925417269990987], [47.49229840524731, -18.925374470355393], [47.4923107025769, -18.924899249700502], [47.49237712560398, -18.92423711395162], [47.49255470213791, -18.923622305025333], [47.49284360574791, -18.92308359403262], [47.492956726971386, -18.92290173762501], [47.49315373335827, -18.922979481317896], [47.49336666583895, -18.923066668791705], [47.4986409252387, -18.9243964468385], [47.498747656779074, -18.92445805129796], [47.49883276502027, -18.924502752999615], [47.498861518144736, -18.924519134150614], [47.49890926674931, -18.924548226319473], [47.49903221126766, -18.92460086993418], [47.49909725923112, -18.924638842008903], [47.49918160125003, -18.924671226595763], [47.499242731766685, -18.924709851578314], [47.49930421841498, -18.92474620577275], [47.4993815007557, -18.9247805877539]]]}}, {"type": "Feature", "properties": {"fokontany": "Anosipatrana Andrefana", "arrondissement": "4e Arrondissement", "pcode": "MG11101004005"}, "geometry": {"type": "Polygon", "coordinates": [[[47.49892459389508, -18.927060081357638], [47.498814365790395, -18.927245605200426], [47.49858888956567, -18.927591273118708], [47.49842820589714, -18.92779830964423], [47.4981032943316, -18.928111212562385], [47.49796372224813, -18.92819347265055], [47.497839621201706, -18.928260831871796], [47.49742006768213, -18.928374302931616], [47.497303795234075, -18.928449024003157], [47.49695479173033, -18.928643561750846], [47.49672975077749, -18.928748524324874], [47.49660135996487, -18.928883421732507], [47.496583459858925, -18.929001162773375], [47.49671928087025, -18.929563265132515], [47.49670491959648, -18.929755908008644], [47.49665173369067, -18.929823331981083], [47.49655821139248, -18.92994189410308], [47.49626368072438, -18.930136121584724], [47.496093762817054, -18.930344457630554], [47.49578362081752, -18.930531368227946], [47.495667762957, -18.930672741653666], [47.49566058187048, -18.93076906264207], [47.49568284458769, -18.93095587971004], [47.49554134795494, -18.930919710775925], [47.495336574123655, -18.930930952301537], [47.49512363175023, -18.930922398849532], [47.49485010025194, -18.930810783091147], [47.4945919876302, -18.93063241695245], [47.49445508293587, -18.93049652309594], [47.49434894584721, -18.930244166135253], [47.49422461907096, -18.92998629003523], [47.494205997708775, -18.929947663253927], [47.494113502436335, -18.92966046385925], [47.49406066007151, -18.92926754196344], [47.49392671594535, -18.92879835216212], [47.49379349037736, -18.928444247703794], [47.49365096492011, -18.928214875615993], [47.493427517565976, -18.92793800583422], [47.49303173312808, -18.927499067427902], [47.49280793144101, -18.927164653625823], [47.492583948090726, -18.92680146961203], [47.49243057321246, -18.926447476669694], [47.49231685034255, -18.92598776302475], [47.49229394820725, -18.92554671840628], [47.49229840524731, -18.925374470355393], [47.492494268595806, -18.925417269990987], [47.49745542272973, -18.926970412654327], [47.497699982568236, -18.926979553363594], [47.49792772508448, -18.926821053248887], [47.49823715661961, -18.92685557822233], [47.49840605829303, -18.926940331231208], [47.49892459389508, -18.927060081357638]]]}}, {"type": "Feature", "properties": {"fokontany": "Anosizato Atsinanana II", "arrondissement": "4e Arrondissement", "pcode": "MG11101004024"}, "geometry": {"type": "Polygon", "coordinates": [[[47.50686941079471, -18.928576814068663], [47.507505083992555, -18.92883494107963], [47.507685459216646, -18.928916666970565], [47.50790460331484, -18.929015958419654], [47.50803598257471, -18.929023537905834], [47.50814584375581, -18.929089565231152], [47.50870762505696, -18.929315477627142], [47.50896698413908, -18.929484798384635], [47.5089957102839, -18.929703271588608], [47.50897512660089, -18.929723098042416], [47.50895236475992, -18.92975868691383], [47.508937659045785, -18.929812204669474], [47.50894307386386, -18.92986728005087], [47.508961419134266, -18.929908897077894], [47.50836982260927, -18.930478203905864], [47.50703308470912, -18.931753629626257], [47.50624776702091, -18.93250318397463], [47.505667637751344, -18.933057189737497], [47.50534345733479, -18.933384817255444], [47.50536754837378, -18.93343375116666], [47.50537292182304, -18.93348842005446], [47.505358324027554, -18.933541539410385], [47.505335730359775, -18.933576864780434], [47.5053152968635, -18.933596541946827], [47.50529158443908, -18.933612546281893], [47.5052653134436, -18.933624386755923], [47.5052372779781, -18.933631706338133], [47.505208333298015, -18.933634282895753], [47.5051793598397, -18.93363203728859], [47.50515123534143, -18.933625037865113], [47.50512481685695, -18.93361349776461], [47.50509355192605, -18.93359121526231], [47.504596335652366, -18.934050311072895], [47.50410804604968, -18.934514453878876], [47.50370126020505, -18.93490112098982], [47.50279490456131, -18.935746648289125], [47.50272469269055, -18.935811795178154], [47.50265333958009, -18.935877996072577], [47.50140785139121, -18.93702983515874], [47.50120972894587, -18.93721305763637], [47.501221239368874, -18.937372076659926], [47.501006045092936, -18.93764853635082], [47.50071891314735, -18.937984382772925], [47.5006780245713, -18.938053423726444], [47.50087570994617, -18.93827838733762], [47.50118751479215, -18.938581338358006], [47.501311944091015, -18.938718660337827], [47.501426767731175, -18.938845382008708], [47.50161418644569, -18.93908023186708], [47.50163793574228, -18.93957158815823], [47.50158238372006, -18.939917167942895], [47.50156834440372, -18.940004495710866], [47.501507847908954, -18.940240756605533], [47.50148655376154, -18.940345318981258], [47.50134774879973, -18.940449322877896], [47.50142318303352, -18.940637708363454], [47.501433793235094, -18.94095186943315], [47.50141779519521, -18.941180043624], [47.501312442315395, -18.94175292165994], [47.501266902445764, -18.94213470275423], [47.50130781710209, -18.94240402182811], [47.501383127229644, -18.942598501119903], [47.50155103515226, -18.942900093264598], [47.50168272917472, -18.943115165232655], [47.50202904280616, -18.943436655776964], [47.5023221237671, -18.94360915833596], [47.50276666674836, -18.943733334925412], [47.50278333298456, -18.944000002797793], [47.50296290331545, -18.94422101568722], [47.50133790841784, -18.9436914193235], [47.500145402888165, -18.942981314635915], [47.49882700126528, -18.942780647109146], [47.49889241165562, -18.942492211146543], [47.4989241523279, -18.942213200978415], [47.498889364752415, -18.942006268774264], [47.49883603675369, -18.941512645292278], [47.498825515585224, -18.94117014208831], [47.49881454835281, -18.94075594403148], [47.499028079782136, -18.94003953509639], [47.498923156778346, -18.939829516419024], [47.498855910871725, -18.939619281004923], [47.49885876621914, -18.93932350567519], [47.49890439602109, -18.939090226033045], [47.49897549912015, -18.93874111281201], [47.498986631827734, -18.93868645021945], [47.499041790846036, -18.9384710410057], [47.499030714795765, -18.938206713169166], [47.498986790108404, -18.937960496779397], [47.49897493614452, -18.93779268868161], [47.49897128489687, -18.93774100824089], [47.498858030573786, -18.937328259891217], [47.498640659039154, -18.9367081008981], [47.49838535589964, -18.93604633387116], [47.498130051860585, -18.9353845659449], [47.497862195983714, -18.934722867266487], [47.49760712127181, -18.934096946316913], [47.49741543527426, -18.933566263572175], [47.49724994742718, -18.933208704817787], [47.496926526038465, -18.93269669379731], [47.496590817212564, -18.93213377755177], [47.49645500069772, -18.931912902258603], [47.49649999917574, -18.93188333704626], [47.49664999889842, -18.931766669795934], [47.49922422192037, -18.93085286596687], [47.49967878694656, -18.93048071121575], [47.501648016242996, -18.929512734025366], [47.50170785263532, -18.929538249590507], [47.502128479945554, -18.9288609368827], [47.50248211225977, -18.928300637664222], [47.50287330565868, -18.927679130587308], [47.50298783971721, -18.927413071555975], [47.50310003643756, -18.92706896396146], [47.50315929816321, -18.92709355592274], [47.504020437693214, -18.92745090513506], [47.50534146983307, -18.927980780288692], [47.506021621700484, -18.928235186804386], [47.506737258117994, -18.928523560713643], [47.50686941079471, -18.928576814068663]]]}}, {"type": "Feature", "properties": {"fokontany": "Ivolaniray", "arrondissement": "4e Arrondissement", "pcode": "MG11101004007"}, "geometry": {"type": "Polygon", "coordinates": [[[47.50764886939993, -18.92470482616676], [47.507654688912794, -18.924797248594075], [47.507732716791566, -18.924955612011843], [47.50787643205183, -18.925250073432096], [47.508136810065764, -18.92558186211312], [47.50846607075255, -18.925729952575182], [47.508843589959724, -18.92589442958416], [47.50904545628288, -18.92597242778521], [47.509199327587, -18.92607569603649], [47.509401588712535, -18.92621618093193], [47.509470138636175, -18.92634937772152], [47.50962148914056, -18.92654106281975], [47.50968380226573, -18.9267031791083], [47.50968981962956, -18.926916316634674], [47.509674517664905, -18.927033668269132], [47.50960034158254, -18.927185714848804], [47.50947020158867, -18.927373930362478], [47.509226086914566, -18.927537801228425], [47.50900815780034, -18.927689024928497], [47.50876807658551, -18.927798716137772], [47.50848440523123, -18.927937816976623], [47.50838852041397, -18.9280050224138], [47.508284458960645, -18.92816392542477], [47.50827681022673, -18.928338939790137], [47.508318738419234, -18.928554196119194], [47.50833975467606, -18.92860103640868], [47.508252831603045, -18.92858556357288], [47.508147419368015, -18.92853062129103], [47.50792446304365, -18.928348594012277], [47.50768974088891, -18.92826731058784], [47.507492566329006, -18.928239276920976], [47.50741769956733, -18.928168884286492], [47.50740327174378, -18.9280793981456], [47.50736178331971, -18.927979651639532], [47.50732067980567, -18.92794100417393], [47.50731442322217, -18.927874384195434], [47.50719765344911, -18.927869497279403], [47.507192306979505, -18.927947293133002], [47.50712244134769, -18.927975466194766], [47.50710615822277, -18.92816997066751], [47.5069501789078, -18.9284263772754], [47.50686941079471, -18.928576814068663], [47.506737258117994, -18.928523560713643], [47.506021621700484, -18.928235186804386], [47.50534146983307, -18.927980780288692], [47.504020437693214, -18.92745090513506], [47.50315929816321, -18.92709355592274], [47.50310003643756, -18.92706896396146], [47.50388071902012, -18.924727146440603], [47.5038990705857, -18.924673203305645], [47.503950263593936, -18.924687508821364], [47.504043454042176, -18.924732467729143], [47.504583539199075, -18.92522375207443], [47.50497904304848, -18.925301649551443], [47.50505701426994, -18.925325095776486], [47.50559076730019, -18.92509844233922], [47.50578333283471, -18.925016669683487], [47.50607642638607, -18.925021043086645], [47.50621136875981, -18.925016567160753], [47.50630582095698, -18.925013433922743], [47.50642446671583, -18.925009499388807], [47.50664547780667, -18.925024162834802], [47.50674187793544, -18.925017016821812], [47.50694661759246, -18.925006515438213], [47.50711395624421, -18.924589161660435], [47.50764886939993, -18.92470482616676]]]}}, {"type": "Feature", "properties": {"fokontany": "Andavamamba Ambilanibe", "arrondissement": "4e Arrondissement", "pcode": "MG11101004008"}, "geometry": {"type": "Polygon", "coordinates": [[[47.508131112860724, -18.920797690061306], [47.50799555804855, -18.922009599363435], [47.508016298213704, -18.922169102222256], [47.50811593680123, -18.922323458260962], [47.508760642789525, -18.922859664641692], [47.508671153950615, -18.923236601088206], [47.508602621114164, -18.92335335467351], [47.50854305811572, -18.9235151328171], [47.508413401057624, -18.92372992329723], [47.50812911456711, -18.924042891865895], [47.50791260098583, -18.9242949349632], [47.50780954227673, -18.924363100876292], [47.50770521912074, -18.92448034639085], [47.50765793456617, -18.924618093749984], [47.50764886939993, -18.92470482616676], [47.50711395624421, -18.924589161660435], [47.50694661759246, -18.925006515438213], [47.50674187793544, -18.925017016821812], [47.50664547780667, -18.925024162834802], [47.50642446671583, -18.925009499388807], [47.50630582095698, -18.925013433922743], [47.50621136875981, -18.925016567160753], [47.50607642638607, -18.925021043086645], [47.50578333283471, -18.925016669683487], [47.50559076730019, -18.92509844233922], [47.50505701426994, -18.925325095776486], [47.50497904304848, -18.925301649551443], [47.504583539199075, -18.92522375207443], [47.504043454042176, -18.924732467729143], [47.503950263593936, -18.924687508821364], [47.5038990705857, -18.924673203305645], [47.50402757920955, -18.92429549973741], [47.504071871719646, -18.924113630739384], [47.50407948987663, -18.92388008130058], [47.5040464595765, -18.923685679350513], [47.50393150733339, -18.923470125345887], [47.50363798840249, -18.92303937616623], [47.503316882768104, -18.92255689438508], [47.503027885628455, -18.922121796083957], [47.50289908562439, -18.921871724300615], [47.502623069299204, -18.92133277139021], [47.50239503270461, -18.920882115717006], [47.50245472880283, -18.920850687109464], [47.502482908159834, -18.92083766762414], [47.503942256929804, -18.920163427000432], [47.505685141256265, -18.919391791597775], [47.50775356397577, -18.918442105718498], [47.50786207077806, -18.918395465078618], [47.507841503282805, -18.918483210131967], [47.50769629334934, -18.91885696028038], [47.50766490161408, -18.919059222305236], [47.50766158401507, -18.919396043592428], [47.507649998948466, -18.919816670003286], [47.50757509531445, -18.920195798996815], [47.50755403678954, -18.920309913971266], [47.50755433086772, -18.920356547416645], [47.507696641386985, -18.92047490898983], [47.50801947102184, -18.920726960181014], [47.508131112860724, -18.920797690061306]]]}}, {"type": "Feature", "properties": {"fokontany": "Anosibe Andrefana II", "arrondissement": "4e Arrondissement", "pcode": "MG11101004009"}, "geometry": {"type": "Polygon", "coordinates": [[[47.51432929166367, -18.924831567622675], [47.51424940398692, -18.924905738309064], [47.513774873112084, -18.925346299991702], [47.51291803593875, -18.926141794408238], [47.51274925117713, -18.926331406569034], [47.51221281456981, -18.926871098722188], [47.512118976609656, -18.926965505053886], [47.511999323609984, -18.927081022071434], [47.51178065525312, -18.92729212982789], [47.511256172434514, -18.92779847511946], [47.51097237607445, -18.928062811049813], [47.51066314778609, -18.92835083422358], [47.50984933777687, -18.929108829608708], [47.50977847569624, -18.929174831753016], [47.509717232764274, -18.929231873951778], [47.5094382603674, -18.929491713271887], [47.509198367111026, -18.92969311374611], [47.509160994884155, -18.92967455983296], [47.50913266084376, -18.929667509148146], [47.50910346974945, -18.92966524825249], [47.50907431013144, -18.92966784279662], [47.509046066922565, -18.929675219036085], [47.50901959987482, -18.929687150341692], [47.5089957102839, -18.929703271588608], [47.50896698413908, -18.929484798384635], [47.50870762505696, -18.929315477627142], [47.50814584375581, -18.929089565231152], [47.50803598257471, -18.929023537905834], [47.50790460331484, -18.929015958419654], [47.507685459216646, -18.928916666970565], [47.507505083992555, -18.92883494107963], [47.50686941079471, -18.928576814068663], [47.5069501789078, -18.9284263772754], [47.50710615822277, -18.92816997066751], [47.50712244134769, -18.927975466194766], [47.507192306979505, -18.927947293133002], [47.50719765344911, -18.927869497279403], [47.50731442322217, -18.927874384195434], [47.50732067980567, -18.92794100417393], [47.50736178331971, -18.927979651639532], [47.50740327174378, -18.9280793981456], [47.50741769956733, -18.928168884286492], [47.507492566329006, -18.928239276920976], [47.50768974088891, -18.92826731058784], [47.50792446304365, -18.928348594012277], [47.508147419368015, -18.92853062129103], [47.508252831603045, -18.92858556357288], [47.50833975467606, -18.92860103640868], [47.508318738419234, -18.928554196119194], [47.50827681022673, -18.928338939790137], [47.508284458960645, -18.92816392542477], [47.50838852041397, -18.9280050224138], [47.50848440523123, -18.927937816976623], [47.50876807658551, -18.927798716137772], [47.50900815780034, -18.927689024928497], [47.509226086914566, -18.927537801228425], [47.50947020158867, -18.927373930362478], [47.50960034158254, -18.927185714848804], [47.509674517664905, -18.927033668269132], [47.50968981962956, -18.926916316634674], [47.50968380226573, -18.9267031791083], [47.50962148914056, -18.92654106281975], [47.509470138636175, -18.92634937772152], [47.509401588712535, -18.92621618093193], [47.509199327587, -18.92607569603649], [47.50904545628288, -18.92597242778521], [47.508843589959724, -18.92589442958416], [47.50846607075255, -18.925729952575182], [47.508136810065764, -18.92558186211312], [47.50787643205183, -18.925250073432096], [47.507732716791566, -18.924955612011843], [47.507654688912794, -18.924797248594075], [47.50764886939993, -18.92470482616676], [47.50765793456617, -18.924618093749984], [47.50770521912074, -18.92448034639085], [47.50780954227673, -18.924363100876292], [47.50791260098583, -18.9242949349632], [47.50812911456711, -18.924042891865895], [47.508413401057624, -18.92372992329723], [47.50854305811572, -18.9235151328171], [47.508602621114164, -18.92335335467351], [47.508671153950615, -18.923236601088206], [47.508760642789525, -18.922859664641692], [47.509455337593806, -18.923434717238365], [47.51011992669328, -18.9239772161755], [47.51063086392327, -18.924379195143672], [47.510750063664545, -18.92416337943638], [47.51077862973011, -18.92391461706586], [47.51103999789757, -18.923937020976666], [47.511123945114036, -18.92396607897126], [47.511225828409295, -18.923990592691666], [47.51144827301937, -18.924014414833323], [47.51157285160593, -18.924053141439288], [47.511665004236704, -18.924062173330583], [47.51178020379348, -18.924073464318894], [47.511882064605686, -18.924094392442214], [47.51196499558813, -18.924101086995506], [47.51197666339243, -18.924158389098295], [47.512018310097005, -18.92419041935233], [47.51201933442485, -18.92435176312324], [47.512445477277026, -18.92441385411604], [47.51269245269458, -18.92414710620386], [47.51293960887597, -18.923909040369892], [47.51314189608178, -18.923725013898206], [47.51320269294996, -18.923722536265984], [47.51327663880596, -18.923797406624942], [47.513545774418105, -18.924066381258456], [47.5139298910517, -18.924432285721366], [47.51432929166367, -18.924831567622675]]]}}, {"type": "Feature", "properties": {"fokontany": "Anosibe Andrefana I", "arrondissement": "4e Arrondissement", "pcode": "MG11101004010"}, "geometry": {"type": "Polygon", "coordinates": [[[47.51628333320929, -18.919550003030167], [47.5164574968162, -18.920243086249343], [47.51673527401374, -18.92128619460209], [47.517006399825675, -18.922323048170085], [47.51686333657375, -18.92251067462786], [47.51657662461167, -18.922744404830382], [47.51638246098196, -18.92293918899236], [47.51616468115526, -18.923133253696676], [47.51573154067819, -18.923519227430347], [47.51552020179594, -18.923707550862673], [47.51544432329689, -18.923781094721676], [47.515209358325365, -18.9240088291441], [47.51496170122164, -18.92424886269481], [47.51432929166367, -18.924831567622675], [47.5139298910517, -18.924432285721366], [47.513545774418105, -18.924066381258456], [47.51327663880596, -18.923797406624942], [47.51320269294996, -18.923722536265984], [47.51314189608178, -18.923725013898206], [47.51293960887597, -18.923909040369892], [47.51269245269458, -18.92414710620386], [47.512445477277026, -18.92441385411604], [47.51201933442485, -18.92435176312324], [47.512018310097005, -18.92419041935233], [47.51197666339243, -18.924158389098295], [47.51196499558813, -18.924101086995506], [47.511882064605686, -18.924094392442214], [47.51178020379348, -18.924073464318894], [47.511665004236704, -18.924062173330583], [47.51157285160593, -18.924053141439288], [47.51144827301937, -18.924014414833323], [47.511225828409295, -18.923990592691666], [47.511123945114036, -18.92396607897126], [47.51103999789757, -18.923937020976666], [47.51077862973011, -18.92391461706586], [47.510750063664545, -18.92416337943638], [47.51063086392327, -18.924379195143672], [47.51011992669328, -18.9239772161755], [47.509455337593806, -18.923434717238365], [47.508760642789525, -18.922859664641692], [47.50811593680123, -18.922323458260962], [47.508016298213704, -18.922169102222256], [47.50799555804855, -18.922009599363435], [47.508131112860724, -18.920797690061306], [47.50825453401956, -18.920875881616553], [47.508541811655334, -18.921102226586413], [47.50865345799076, -18.92110676996134], [47.50901837230015, -18.921125406612134], [47.50941048840349, -18.921136343267563], [47.50974999866355, -18.921183337341063], [47.511028044109025, -18.921558862751226], [47.51115148415374, -18.921558154984837], [47.513339560772295, -18.921772152262974], [47.51416666635862, -18.921416670043243], [47.514150858075766, -18.919406757216052], [47.51430964417489, -18.919418428617462], [47.514799146063865, -18.919440786662847], [47.51520937721102, -18.919476184877965], [47.51562617880518, -18.919505250966495], [47.51628333320929, -18.919550003030167]]]}}, {"type": "Feature", "properties": {"fokontany": "Mandrangobato I", "arrondissement": "4e Arrondissement", "pcode": "MG11101004022"}, "geometry": {"type": "Polygon", "coordinates": [[[47.513822002083884, -18.928495277035324], [47.513603311243855, -18.928446371003133], [47.51334701165541, -18.928404848404966], [47.512962840163084, -18.9283855588464], [47.51266117966986, -18.92831563206073], [47.51236727672841, -18.928281489299195], [47.51230797363411, -18.92827173255438], [47.511862213870245, -18.92819839823744], [47.51124428609495, -18.92813271625181], [47.51097237607445, -18.928062811049813], [47.511256172434514, -18.92779847511946], [47.51178065525312, -18.92729212982789], [47.511999323609984, -18.927081022071434], [47.512118976609656, -18.926965505053886], [47.51221281456981, -18.926871098722188], [47.51274925117713, -18.926331406569034], [47.51291803593875, -18.926141794408238], [47.513774873112084, -18.925346299991702], [47.51424940398692, -18.924905738309064], [47.51432929166367, -18.924831567622675], [47.51496170122164, -18.92424886269481], [47.515209358325365, -18.9240088291441], [47.51544432329689, -18.923781094721676], [47.51559218533117, -18.923920023790004], [47.51569874240312, -18.9240242147456], [47.515742944081694, -18.92431419034756], [47.51576750816406, -18.924846134841232], [47.51572761423819, -18.925233336149518], [47.51569608940298, -18.9256043658487], [47.515676013837094, -18.925777812695856], [47.515605238990645, -18.92597170742829], [47.51542403818894, -18.926230060169075], [47.515126394067806, -18.92649513084558], [47.51482922838625, -18.926835443300945], [47.5145920879545, -18.927178767585985], [47.514409693752555, -18.927472061686274], [47.514253099301186, -18.927714821082077], [47.514068948723036, -18.92806523112546], [47.513822002083884, -18.928495277035324]]]}}, {"type": "Feature", "properties": {"fokontany": "Anosizato Atsinanana I", "arrondissement": "4e Arrondissement", "pcode": "MG11101004025"}, "geometry": {"type": "Polygon", "coordinates": [[[47.509827519324745, -18.929316853589853], [47.50986584393365, -18.92934863113436], [47.51002807803343, -18.92948137466567], [47.510037836576885, -18.930078593752], [47.5100518597057, -18.93021382211009], [47.510109243646866, -18.93045792599247], [47.5101013377066, -18.93066676655792], [47.51031134739088, -18.930798265427484], [47.510397637341214, -18.930967334374884], [47.510407484917664, -18.93129903492246], [47.51038588230267, -18.931565084960596], [47.51037155160583, -18.931741583207383], [47.51033426391524, -18.931970340159012], [47.51020875812776, -18.93229043135824], [47.5101894056167, -18.93233978885013], [47.51017679622231, -18.932392654597265], [47.51015226991137, -18.93249547498607], [47.50999077685299, -18.93247477888781], [47.509908273947815, -18.93246890271763], [47.50977944696393, -18.93248358235138], [47.50954805589811, -18.932496061344068], [47.509278362706425, -18.932475302293312], [47.509023357242256, -18.932460035402187], [47.508815210054024, -18.932441708118233], [47.508703627570526, -18.93240331156352], [47.5085772008772, -18.93233433086465], [47.50849215828646, -18.932246303424108], [47.50818241738477, -18.932270193014972], [47.50776519670666, -18.932449517830946], [47.5076131762072, -18.93249453609394], [47.50754838724845, -18.93258614103746], [47.50745335588772, -18.932719386390545], [47.507362707822836, -18.932856755135106], [47.507315272182154, -18.932935819032707], [47.50731033040756, -18.932975051057724], [47.507276845050455, -18.933018024262367], [47.50720935992399, -18.933118785203646], [47.50713966156616, -18.93321746691248], [47.50704367512549, -18.933328847947905], [47.50691327073105, -18.93348393243747], [47.50680416587966, -18.933605842735403], [47.506729529344454, -18.933692414173493], [47.50662482937241, -18.93381639111351], [47.506533769417956, -18.933937790596474], [47.50647930737421, -18.93400464889538], [47.50631751034496, -18.93417390490174], [47.50625539776854, -18.934255815153676], [47.50620971580577, -18.93432978978791], [47.5061394517744, -18.934425860764804], [47.50605865398387, -18.93454996181117], [47.505980084713315, -18.934636148339507], [47.50584684565547, -18.934764470803657], [47.50571131512521, -18.93487816669392], [47.50556927260402, -18.935004446797734], [47.50543463060387, -18.93512426707116], [47.50562310961885, -18.93535121728479], [47.50602242479516, -18.93657434742812], [47.506193522613046, -18.93743330700147], [47.506546527200555, -18.938214308843214], [47.506988073640855, -18.938204410904746], [47.507427899677964, -18.937921744093103], [47.50750402279249, -18.937707511192627], [47.50756560027236, -18.93750101785764], [47.507891896793694, -18.937786387132007], [47.50788610695844, -18.938096058786016], [47.50805901780956, -18.93848580517573], [47.50811506715678, -18.938773006369047], [47.508039364025535, -18.939053590350795], [47.50786243500352, -18.939253656231188], [47.50772503388339, -18.939578826801323], [47.50743370929831, -18.940067069639497], [47.50738143440577, -18.94037700659345], [47.5079337359532, -18.940727719708434], [47.508438623443794, -18.94093125517327], [47.50847899131247, -18.941189055730263], [47.50830174932639, -18.941596539448653], [47.50814065556693, -18.94196689375707], [47.50809665173915, -18.942032758305118], [47.50903108061988, -18.942140169733023], [47.509387347048516, -18.942167381419438], [47.50958965493879, -18.94211334835228], [47.50978568466172, -18.942099782079254], [47.510831662751116, -18.942132164867473], [47.51232601673246, -18.942422328427654], [47.51230666691919, -18.942628864930043], [47.511895901574746, -18.94301458775294], [47.512751309725274, -18.94405326784397], [47.5123681517689, -18.94444866287546], [47.51202623042627, -18.94483071376635], [47.51151777622454, -18.945017124340723], [47.51103520541045, -18.944941259331586], [47.51052483924991, -18.944826232444655], [47.510266216712694, -18.94531265325628], [47.50961773626966, -18.945686550893583], [47.509376259306975, -18.946008891297197], [47.508420709848, -18.945663771965485], [47.50726811623065, -18.9454116065603], [47.50596814801173, -18.945029852445714], [47.50512532407453, -18.944634864807085], [47.50402241710094, -18.944351650308306], [47.50316719780807, -18.94428759519633], [47.50296290331545, -18.94422101568722], [47.50278333298456, -18.944000002797793], [47.50276666674836, -18.943733334925412], [47.5023221237671, -18.94360915833596], [47.50202904280616, -18.943436655776964], [47.50168272917472, -18.943115165232655], [47.50155103515226, -18.942900093264598], [47.501383127229644, -18.942598501119903], [47.50130781710209, -18.94240402182811], [47.501266902445764, -18.94213470275423], [47.501312442315395, -18.94175292165994], [47.50141779519521, -18.941180043624], [47.501433793235094, -18.94095186943315], [47.50142318303352, -18.940637708363454], [47.50134774879973, -18.940449322877896], [47.50148655376154, -18.940345318981258], [47.501507847908954, -18.940240756605533], [47.50156834440372, -18.940004495710866], [47.50158238372006, -18.939917167942895], [47.50163793574228, -18.93957158815823], [47.50161418644569, -18.93908023186708], [47.501426767731175, -18.938845382008708], [47.501311944091015, -18.938718660337827], [47.50118751479215, -18.938581338358006], [47.50087570994617, -18.93827838733762], [47.5006780245713, -18.938053423726444], [47.50071891314735, -18.937984382772925], [47.501006045092936, -18.93764853635082], [47.501221239368874, -18.937372076659926], [47.50120972894587, -18.93721305763637], [47.50140785139121, -18.93702983515874], [47.50265333958009, -18.935877996072577], [47.50272469269055, -18.935811795178154], [47.50279490456131, -18.935746648289125], [47.50370126020505, -18.93490112098982], [47.50410804604968, -18.934514453878876], [47.504596335652366, -18.934050311072895], [47.50509355192605, -18.93359121526231], [47.50512481685695, -18.93361349776461], [47.50515123534143, -18.933625037865113], [47.5051793598397, -18.93363203728859], [47.505208333298015, -18.933634282895753], [47.5052372779781, -18.933631706338133], [47.5052653134436, -18.933624386755923], [47.50529158443908, -18.933612546281893], [47.5053152968635, -18.933596541946827], [47.505335730359775, -18.933576864780434], [47.505358324027554, -18.933541539410385], [47.50537292182304, -18.93348842005446], [47.50536754837378, -18.93343375116666], [47.50534345733479, -18.933384817255444], [47.505667637751344, -18.933057189737497], [47.50624776702091, -18.93250318397463], [47.50703308470912, -18.931753629626257], [47.50836982260927, -18.930478203905864], [47.508961419134266, -18.929908897077894], [47.50894307386386, -18.92986728005087], [47.508937659045785, -18.929812204669474], [47.50895236475992, -18.92975868691383], [47.50897512660089, -18.929723098042416], [47.5089957102839, -18.929703271588608], [47.50901959987482, -18.929687150341692], [47.509046066922565, -18.929675219036085], [47.50907431013144, -18.92966784279662], [47.50910346974945, -18.92966524825249], [47.50913266084376, -18.929667509148146], [47.509160994884155, -18.92967455983296], [47.509198367111026, -18.92969311374611], [47.5094382603674, -18.929491713271887], [47.509717232764274, -18.929231873951778], [47.509827519324745, -18.929316853589853]]]}}, {"type": "Feature", "properties": {"fokontany": "Angarangarana", "arrondissement": "4e Arrondissement", "pcode": "MG11101004026"}, "geometry": {"type": "Polygon", "coordinates": [[[47.51015226991137, -18.93249547498607], [47.510136577641106, -18.93256126399109], [47.509976689872474, -18.93300945372323], [47.50984825679177, -18.933526256331618], [47.509627066735845, -18.934383158256026], [47.50961383860789, -18.93443440342486], [47.50960658467625, -18.934485732230712], [47.5097568658868, -18.9344416663497], [47.510001646059095, -18.934435303646296], [47.51016816902592, -18.93440956504935], [47.510355403379265, -18.93436388038873], [47.510553273115136, -18.93435283221737], [47.51087609015951, -18.934331152260825], [47.51112074622563, -18.934304964002763], [47.51141758095679, -18.934293345661274], [47.51176117144104, -18.934261631968695], [47.511979402727434, -18.934176111837985], [47.51208338863762, -18.93414577410806], [47.51226556970039, -18.934124899044775], [47.512467611391344, -18.933950249804127], [47.51275371361305, -18.933889123783956], [47.51293062105145, -18.933858366070695], [47.513585799645114, -18.933791951137607], [47.513597017788186, -18.933833718351366], [47.51375159865751, -18.93438575459885], [47.51378406328405, -18.934535496216142], [47.51429294376442, -18.934537457637475], [47.51443242591591, -18.93454218357482], [47.514751501780495, -18.93446293801412], [47.514884962970655, -18.934434522135405], [47.515041770561425, -18.934422560252926], [47.51500169677092, -18.934516787619543], [47.51490957561646, -18.934650022180676], [47.51477160612478, -18.934883044616697], [47.51467980063234, -18.93506603956604], [47.514593876706044, -18.935260059304255], [47.51440973871854, -18.93554311192497], [47.51424823037161, -18.93588224896655], [47.51414562582005, -18.936042268036203], [47.514018851988624, -18.936208876438457], [47.51396159215386, -18.9363419068535], [47.513835451445004, -18.93660803783058], [47.51371448723387, -18.93677461205857], [47.51355288355876, -18.93694695004166], [47.5135308726517, -18.937140601057763], [47.51344406828923, -18.937196391400278], [47.51339434027676, -18.937345154555203], [47.51328631641047, -18.937481275940115], [47.51311022016051, -18.93745040671081], [47.513027573363956, -18.937626234962693], [47.513079375213124, -18.937828257767762], [47.51310775961554, -18.937991669080134], [47.513132051203286, -18.93812536229558], [47.5131828458118, -18.938334726266532], [47.51321786990883, -18.938573642859296], [47.51328568688507, -18.938700782714875], [47.5134208675791, -18.93888332980174], [47.513497263188185, -18.939042302959876], [47.513318390731285, -18.93913024406538], [47.513323992608264, -18.939291383690318], [47.51339374042897, -18.93939260778251], [47.51366069878236, -18.939881265208157], [47.51370619278663, -18.940120120646952], [47.513970418999804, -18.940178379628435], [47.514372316129595, -18.940152153598888], [47.5146605677312, -18.94003691177403], [47.51477497498519, -18.94024547984492], [47.51466262178275, -18.94035970903326], [47.514626983448636, -18.940682723928546], [47.51480325956288, -18.94074148832891], [47.51522720087462, -18.941217280952685], [47.515502241435456, -18.941164882852945], [47.51715268534821, -18.94121115387162], [47.51758819104231, -18.941200667776513], [47.51397369343118, -18.942461813162083], [47.51366453618954, -18.94258315239051], [47.51232601673246, -18.942422328427654], [47.510831662751116, -18.942132164867473], [47.50978568466172, -18.942099782079254], [47.50958965493879, -18.94211334835228], [47.509387347048516, -18.942167381419438], [47.50903108061988, -18.942140169733023], [47.50809665173915, -18.942032758305118], [47.50814065556693, -18.94196689375707], [47.50830174932639, -18.941596539448653], [47.50847899131247, -18.941189055730263], [47.508438623443794, -18.94093125517327], [47.5079337359532, -18.940727719708434], [47.50738143440577, -18.94037700659345], [47.50743370929831, -18.940067069639497], [47.50772503388339, -18.939578826801323], [47.50786243500352, -18.939253656231188], [47.508039364025535, -18.939053590350795], [47.50811506715678, -18.938773006369047], [47.50805901780956, -18.93848580517573], [47.50788610695844, -18.938096058786016], [47.507891896793694, -18.937786387132007], [47.50756560027236, -18.93750101785764], [47.50750402279249, -18.937707511192627], [47.507427899677964, -18.937921744093103], [47.506988073640855, -18.938204410904746], [47.506546527200555, -18.938214308843214], [47.506193522613046, -18.93743330700147], [47.50602242479516, -18.93657434742812], [47.50562310961885, -18.93535121728479], [47.50543463060387, -18.93512426707116], [47.50556927260402, -18.935004446797734], [47.50571131512521, -18.93487816669392], [47.50584684565547, -18.934764470803657], [47.505980084713315, -18.934636148339507], [47.50605865398387, -18.93454996181117], [47.5061394517744, -18.934425860764804], [47.50620971580577, -18.93432978978791], [47.50625539776854, -18.934255815153676], [47.50631751034496, -18.93417390490174], [47.50647930737421, -18.93400464889538], [47.506533769417956, -18.933937790596474], [47.50662482937241, -18.93381639111351], [47.506729529344454, -18.933692414173493], [47.50680416587966, -18.933605842735403], [47.50691327073105, -18.93348393243747], [47.50704367512549, -18.933328847947905], [47.50713966156616, -18.93321746691248], [47.50720935992399, -18.933118785203646], [47.507276845050455, -18.933018024262367], [47.50731033040756, -18.932975051057724], [47.507315272182154, -18.932935819032707], [47.507362707822836, -18.932856755135106], [47.50745335588772, -18.932719386390545], [47.50754838724845, -18.93258614103746], [47.5076131762072, -18.93249453609394], [47.50776519670666, -18.932449517830946], [47.50818241738477, -18.932270193014972], [47.50849215828646, -18.932246303424108], [47.5085772008772, -18.93233433086465], [47.508703627570526, -18.93240331156352], [47.508815210054024, -18.932441708118233], [47.509023357242256, -18.932460035402187], [47.509278362706425, -18.932475302293312], [47.50954805589811, -18.932496061344068], [47.50977944696393, -18.93248358235138], [47.509908273947815, -18.93246890271763], [47.50999077685299, -18.93247477888781], [47.51015226991137, -18.93249547498607]]]}}, {"type": "Feature", "properties": {"fokontany": "Andrefan'i Mananjara", "arrondissement": "4e Arrondissement", "pcode": "MG11101004020"}, "geometry": {"type": "Polygon", "coordinates": [[[47.51874830209255, -18.929140733957638], [47.5190348593714, -18.930160656888745], [47.51930961124975, -18.93115843941041], [47.51946116769892, -18.931746080716948], [47.519544784864024, -18.932049109079003], [47.51971678470204, -18.932792090282703], [47.51991779037388, -18.9335004610773], [47.519808601885586, -18.93351605622098], [47.51952775889902, -18.933589818615133], [47.51916357483918, -18.933653621017697], [47.51904170501086, -18.93367230982915], [47.51840386084956, -18.93377697562687], [47.51802393955336, -18.933828738805175], [47.51793292276636, -18.93383739028326], [47.51769077131223, -18.933860403934432], [47.51753458785106, -18.933887283771014], [47.517362968426426, -18.933916822003653], [47.51694134466743, -18.93396386733849], [47.51660830143214, -18.934015357122917], [47.5163635230582, -18.93402172612167], [47.516087773831885, -18.93407288405632], [47.51587465878862, -18.93414350871592], [47.515588650096106, -18.934219508623357], [47.51552381617125, -18.93424048980671], [47.51530794560534, -18.934310349143175], [47.515041770561425, -18.934422560252926], [47.514884962970655, -18.934434522135405], [47.514751501780495, -18.93446293801412], [47.51443242591591, -18.93454218357482], [47.51429294376442, -18.934537457637475], [47.51378406328405, -18.934535496216142], [47.51375159865751, -18.93438575459885], [47.513597017788186, -18.933833718351366], [47.514613788595625, -18.93312636918654], [47.51458486729791, -18.932860035861893], [47.51461926007079, -18.9327636033575], [47.51475541563002, -18.932766519858944], [47.514882709269784, -18.932599224374655], [47.5149827525521, -18.93242838556148], [47.51518500378489, -18.932427220939474], [47.515375800352956, -18.93245943375581], [47.51583855280711, -18.93244195992844], [47.51594611442181, -18.932230362041537], [47.51612880180295, -18.93221080178705], [47.51597968161707, -18.932004383995093], [47.51578398374386, -18.93181304243791], [47.51578278224969, -18.931624278337665], [47.515845911060126, -18.931459203279587], [47.51576159062506, -18.931350497727237], [47.51572578501714, -18.93122485794072], [47.51564507715864, -18.930766352984676], [47.515614889615506, -18.930584222283926], [47.51558440169896, -18.930400265060086], [47.51557796884822, -18.930000554182186], [47.5155529838832, -18.929741600694285], [47.51551606311597, -18.92954255734304], [47.5160190602316, -18.929534723348695], [47.51641328074845, -18.929547255401417], [47.51671377841819, -18.929501104891983], [47.517252541571565, -18.929409162702655], [47.51749577401091, -18.929328795687297], [47.517713549340954, -18.929322603854985], [47.51799848784009, -18.92927654237843], [47.51810217427601, -18.929271007950547], [47.51813287892924, -18.929206673149338], [47.518132439160865, -18.929137582733233], [47.51831384860532, -18.929121730383486], [47.51852650139705, -18.929125435590265], [47.518651087178, -18.92914445715087], [47.51874830209255, -18.929140733957638]]]}}, {"type": "Feature", "properties": {"fokontany": "Tsarafaritra", "arrondissement": "4e Arrondissement", "pcode": "MG11101004016"}, "geometry": {"type": "Polygon", "coordinates": [[[47.53047638967382, -18.927737471407113], [47.53046666620378, -18.928000003297484], [47.53036666608892, -18.928950003040086], [47.53037702717813, -18.929079518904643], [47.530393337282874, -18.929105681981582], [47.53040698989082, -18.92914911384048], [47.53040919143109, -18.929195588105813], [47.53039160788654, -18.929266785633615], [47.53040202383443, -18.92932225132074], [47.53040227384599, -18.929356984936817], [47.53038800160505, -18.929387901830125], [47.53036649971426, -18.929413713272197], [47.53034209661058, -18.929520488879405], [47.530345868367135, -18.929574551624228], [47.53036514983194, -18.92961712822779], [47.53037906504187, -18.929696727222165], [47.53040388363246, -18.929728329398756], [47.53039199459499, -18.92977099683401], [47.530397507439204, -18.929800631293972], [47.53042102291198, -18.929851230749648], [47.53039849039817, -18.929874393688294], [47.530417041613305, -18.929941153961067], [47.530419942826256, -18.92997839938357], [47.530434998376506, -18.930013765223066], [47.53045488418559, -18.93003838506337], [47.53047825486766, -18.930060000268725], [47.530498253991254, -18.930082698257877], [47.53051349030551, -18.93012975528393], [47.53051800400266, -18.93021072034844], [47.53054914482715, -18.93020565356801], [47.53064563578744, -18.930194689033556], [47.53067678470592, -18.930190844431877], [47.5307738323466, -18.93026602325824], [47.53080118522655, -18.930290518992194], [47.530829279148065, -18.93033582863552], [47.530846717901795, -18.930370422856697], [47.530846750277306, -18.930431378904927], [47.53086409909906, -18.93053009388865], [47.53034999985272, -18.93115000287031], [47.530333332717305, -18.931566669566052], [47.53010000001518, -18.931633337208723], [47.5295833332043, -18.931633337208723], [47.52975000006256, -18.931983337161228], [47.530033333271774, -18.932550002680443], [47.530230315376855, -18.93282042612168], [47.530384391726386, -18.933027727047886], [47.530472092712955, -18.933184347579527], [47.53058362933115, -18.933623247314927], [47.530637511312136, -18.933835277775756], [47.53066666643366, -18.93395000338984], [47.53150159342397, -18.9338904179084], [47.53189054481294, -18.934530671353343], [47.532177429444914, -18.934633748048952], [47.532232773723536, -18.934680564056748], [47.53230480042623, -18.934753471195677], [47.53237216774147, -18.934957349302124], [47.5324347101938, -18.935266011017518], [47.532447613666534, -18.935559250259132], [47.53181215270877, -18.93545465011192], [47.53106798440007, -18.935353626568542], [47.530714370971566, -18.93530551463772], [47.53048245829888, -18.935321923667743], [47.530335396661314, -18.935413105030648], [47.53001497631027, -18.93560565707537], [47.52980888767007, -18.93562916175631], [47.52966702411396, -18.93561772507786], [47.52939211755228, -18.935508935888663], [47.5291117772868, -18.935375089788522], [47.528900600282554, -18.935336178821558], [47.528599533341946, -18.93535020105088], [47.52840281024157, -18.935400878747487], [47.52798780729148, -18.934579128623795], [47.52770404690443, -18.93400337005943], [47.527394677422535, -18.933376557881786], [47.52708490774245, -18.932687234728064], [47.52707317069036, -18.932475091851984], [47.52719376078352, -18.931872300566113], [47.527365192249874, -18.931111287955503], [47.527481624777295, -18.930473362855366], [47.527500449386366, -18.930370226804484], [47.52768711806618, -18.929559773964343], [47.52798552391289, -18.92838346702331], [47.52816318318452, -18.927785277568375], [47.52830584443922, -18.92738963342481], [47.52853634967278, -18.92748439498871], [47.52881736622862, -18.927520390353664], [47.52897996275527, -18.927590946664736], [47.52931275058313, -18.92768309120163], [47.529455187007386, -18.92769354941771], [47.52971281399522, -18.92778236826166], [47.53023098177448, -18.927798160356758], [47.53047638967382, -18.927737471407113]]]}}, {"type": "Feature", "properties": {"fokontany": "Anosipatrana Atsinanana", "arrondissement": "4e Arrondissement", "pcode": "MG11101004006"}, "geometry": {"type": "Polygon", "coordinates": [[[47.501648016242996, -18.929512734025366], [47.49967878694656, -18.93048071121575], [47.49922422192037, -18.93085286596687], [47.49664999889842, -18.931766669795934], [47.49649999917574, -18.93188333704626], [47.49645500069772, -18.931912902258603], [47.49628396133585, -18.931634741050402], [47.49592910684288, -18.931125712181824], [47.495842315970265, -18.93104236211525], [47.49568284458769, -18.93095587971004], [47.49566058187048, -18.93076906264207], [47.495667762957, -18.930672741653666], [47.49578362081752, -18.930531368227946], [47.496093762817054, -18.930344457630554], [47.49626368072438, -18.930136121584724], [47.49655821139248, -18.92994189410308], [47.49665173369067, -18.929823331981083], [47.49670491959648, -18.929755908008644], [47.49671928087025, -18.929563265132515], [47.496583459858925, -18.929001162773375], [47.49660135996487, -18.928883421732507], [47.49672975077749, -18.928748524324874], [47.49695479173033, -18.928643561750846], [47.497303795234075, -18.928449024003157], [47.49742006768213, -18.928374302931616], [47.497839621201706, -18.928260831871796], [47.49796372224813, -18.92819347265055], [47.4981032943316, -18.928111212562385], [47.49842820589714, -18.92779830964423], [47.49858888956567, -18.927591273118708], [47.498814365790395, -18.927245605200426], [47.49892459389508, -18.927060081357638], [47.499099456274905, -18.927171295119138], [47.49902528378988, -18.927443893121108], [47.49913090196969, -18.9275321678752], [47.50090372742517, -18.928205320319194], [47.50097512819974, -18.92842154611742], [47.50120936831786, -18.928542416799075], [47.50114607043486, -18.92868719685663], [47.50130351114831, -18.928934731652475], [47.50161437440397, -18.929090240622088], [47.50163608313886, -18.929257224940898], [47.501648016242996, -18.929512734025366]]]}}, {"type": "Feature", "properties": {"fokontany": "Andrefan'ankadimbahoaka", "arrondissement": "4e Arrondissement", "pcode": "MG11101004031"}, "geometry": {"type": "Polygon", "coordinates": [[[47.521921825232084, -18.9410322922065], [47.52202173991145, -18.94136322833026], [47.522097244292524, -18.941700120663995], [47.52217200403493, -18.94192069738216], [47.52221050131374, -18.942205462312188], [47.52230374482207, -18.942449194774497], [47.52244010902399, -18.942745022264887], [47.522551392932485, -18.9429421230804], [47.52265581861121, -18.943022941555398], [47.52265686272415, -18.9431857853956], [47.52271793388559, -18.94321982833236], [47.522863930725975, -18.943139877703118], [47.5231194937698, -18.943019224657405], [47.52320273861562, -18.943096229107596], [47.52334347711985, -18.94321482720244], [47.523610414789005, -18.943442923152304], [47.52385304378305, -18.943643603269607], [47.52400331869819, -18.943743774255722], [47.524135209672295, -18.94395944427282], [47.52422360313693, -18.944164854824066], [47.5243764294288, -18.94450793988949], [47.52451216590384, -18.94453581527557], [47.524670175887934, -18.944513397874914], [47.524911346181796, -18.94454065992346], [47.5250872769563, -18.94456706761605], [47.525273951931524, -18.944772304598132], [47.52549565639947, -18.94506020096742], [47.52569177425596, -18.945391316955636], [47.52599324858966, -18.94601715696615], [47.52628151727839, -18.946600004886193], [47.52647846970575, -18.94706032467417], [47.526714378965494, -18.947545029579373], [47.526904590074764, -18.947962318606073], [47.5274170255754, -18.949046001671604], [47.527754976411074, -18.949755031669326], [47.52810456537344, -18.950485871126034], [47.52886625967028, -18.9518359729517], [47.52948595101594, -18.952853277057045], [47.52979598689541, -18.953391096821576], [47.52995105339852, -18.953667298407026], [47.53012276455405, -18.954147586741612], [47.53041396683125, -18.95519750026432], [47.53021432902807, -18.955244659813104], [47.52988780497833, -18.95529907689081], [47.52981100377491, -18.955238939225637], [47.52976858185468, -18.95524322629376], [47.5296623782163, -18.955231729360776], [47.529530106828986, -18.955127486244407], [47.5293514277264, -18.955067942131734], [47.52918123732434, -18.95500834855642], [47.52903447156376, -18.95494620630234], [47.529002453001, -18.95493264902251], [47.52897987372228, -18.954722747256938], [47.52890226582707, -18.954537398781838], [47.52879080295327, -18.9543684062769], [47.52866652563972, -18.954187370051045], [47.52842222030927, -18.953825274216968], [47.52810510136942, -18.953362624285603], [47.527860823018614, -18.95300456640757], [47.52758243158411, -18.952622469651203], [47.52735146319958, -18.9523531964428], [47.52726565528593, -18.952212325738174], [47.527158699814265, -18.952083695705937], [47.52692796705213, -18.951850772195314], [47.526714501273375, -18.95166217626837], [47.52660249610841, -18.95140836330529], [47.5264690331195, -18.95111832205282], [47.52629288830627, -18.95079217661754], [47.526163307690524, -18.95044556531053], [47.52605531530071, -18.950155375670022], [47.525901954811445, -18.950071447339326], [47.52582898741787, -18.949946657412227], [47.52575586444175, -18.949797636151914], [47.52540818114272, -18.950135086964565], [47.524556990812584, -18.949568636383333], [47.524033025104075, -18.94919945389165], [47.52362284162098, -18.948498742622746], [47.523303572401915, -18.948417880081024], [47.52275399490111, -18.948572719954996], [47.52184397721783, -18.949005372999522], [47.521134229561085, -18.949037060611772], [47.52058023728824, -18.948502609707646], [47.51950247086245, -18.947626534237145], [47.51912463509393, -18.94744949999432], [47.51847196560885, -18.947342985190573], [47.51760435455742, -18.947359628943616], [47.51641483207885, -18.947382442045978], [47.51532740963239, -18.94710187335272], [47.51351668314845, -18.94731642910989], [47.512703597093434, -18.947045384237015], [47.51199228011973, -18.946828894038106], [47.51128210258713, -18.946791616240034], [47.509987406194, -18.946229619101587], [47.509376259306975, -18.946008891297197], [47.50961773626966, -18.945686550893583], [47.510266216712694, -18.94531265325628], [47.51052483924991, -18.944826232444655], [47.51103520541045, -18.944941259331586], [47.51151777622454, -18.945017124340723], [47.51202623042627, -18.94483071376635], [47.5123681517689, -18.94444866287546], [47.512751309725274, -18.94405326784397], [47.511895901574746, -18.94301458775294], [47.51230666691919, -18.942628864930043], [47.51232601673246, -18.942422328427654], [47.51366453618954, -18.94258315239051], [47.51397369343118, -18.942461813162083], [47.51758819104231, -18.941200667776513], [47.51767544326708, -18.941016579251652], [47.517690406187455, -18.940912400886532], [47.517881556189025, -18.94066345775235], [47.51802295569502, -18.9407816025888], [47.518330693806604, -18.94084426375173], [47.51850843221854, -18.940942371692984], [47.518832207940136, -18.941069375751], [47.51914496786617, -18.941102264857534], [47.519520001347075, -18.941029921593554], [47.5196661483742, -18.941108704003398], [47.519860869583624, -18.941147230060494], [47.52003833909811, -18.941141161435326], [47.5203818207645, -18.94113295781966], [47.520513682060766, -18.94113684199158], [47.52079123892469, -18.94109557929744], [47.52098519930752, -18.941015146631685], [47.52119359920522, -18.94102054795985], [47.5213950131693, -18.94101938063983], [47.52162441763295, -18.94105109613116], [47.52186038624791, -18.941023292690772], [47.521921825232084, -18.9410322922065]]]}}, {"type": "Feature", "properties": {"fokontany": "Ambodirano Ampefiloha", "arrondissement": "4e Arrondissement", "pcode": "MG11101004002"}, "geometry": {"type": "Polygon", "coordinates": [[[47.502616479966605, -18.910187547916962], [47.50261666702568, -18.910333336114547], [47.50261666702568, -18.910433336229403], [47.50260742739101, -18.91069669279807], [47.502247623029405, -18.91062101394857], [47.50216255885505, -18.910730312154158], [47.50214999892347, -18.911200001978443], [47.50220000032988, -18.912700001903488], [47.503649999747836, -18.91268333656666], [47.5033166669308, -18.91431666997829], [47.502949999842656, -18.914583336052033], [47.50319999968036, -18.915050003254976], [47.50293915941472, -18.915318442791772], [47.501483333289286, -18.91681667015314], [47.50111748278579, -18.916690541135438], [47.500819602143, -18.91659354295757], [47.50053591909756, -18.9165556788015], [47.500497287819655, -18.917009875105634], [47.50047782828932, -18.91721394566696], [47.50101841077122, -18.917427993307115], [47.50146584597212, -18.918221553282024], [47.50156148797237, -18.918255181631253], [47.50172133976815, -18.918311389259145], [47.501753162278646, -18.918424702038294], [47.501691904058305, -18.918578021158623], [47.50139999941064, -18.919083336726544], [47.50120634030037, -18.919256137860373], [47.50112198389252, -18.919308971232], [47.50109199689825, -18.919360016751284], [47.50094100702205, -18.919735409961106], [47.50067178777283, -18.92003254506585], [47.50053333264725, -18.920100003212553], [47.5003360501687, -18.92052891867462], [47.49984153006261, -18.92090754674581], [47.49520077379674, -18.919597123908034], [47.49497726978535, -18.919533217184096], [47.495288309308194, -18.918949272990517], [47.495386499087715, -18.918762990119774], [47.49580453455172, -18.91792623210989], [47.496223227420046, -18.917194967273815], [47.49648019880232, -18.916719171052875], [47.49651135491524, -18.916655776043115], [47.496527134419864, -18.91662592934307], [47.496555282300505, -18.91656779536737], [47.49657293419358, -18.916533416983498], [47.49658869391317, -18.916500497300092], [47.49660595819847, -18.916464944401582], [47.496626626417765, -18.916426750194262], [47.49664238074132, -18.916392834961243], [47.49667768003104, -18.916323355138616], [47.49673896523103, -18.916215289004356], [47.49679136692811, -18.916084481713426], [47.49680257787668, -18.916053395747497], [47.496842048222106, -18.91592157761869], [47.49686841724372, -18.915822119794882], [47.496964618622314, -18.915522748076285], [47.497000006045425, -18.915406237307877], [47.497035659668086, -18.91527217806845], [47.497050144148886, -18.91521764767623], [47.49709135827965, -18.9150606746104], [47.497126600012734, -18.914921463154883], [47.49716110879825, -18.914786506392034], [47.497207887034506, -18.914607524217843], [47.49724497867288, -18.91446006957642], [47.49725794599749, -18.914405821571336], [47.497295805657075, -18.91425990117341], [47.497331831598785, -18.914124213261744], [47.49735147728882, -18.914044057587148], [47.497388919663024, -18.91389199032301], [47.49741889586551, -18.91376176219552], [47.49746148865688, -18.913582260213104], [47.497472973898766, -18.913534531393452], [47.49749514758315, -18.91343310765177], [47.49752294203029, -18.91331853941898], [47.49753033086006, -18.91328430942326], [47.497586604138576, -18.91304358968989], [47.49760771032771, -18.912953749216058], [47.497624715608254, -18.912877046038773], [47.497648750889255, -18.912769191245104], [47.49766242777889, -18.912707341270732], [47.4976746576595, -18.912657074564322], [47.49771345711042, -18.912478772277495], [47.49773044440468, -18.912398995217416], [47.497767984804796, -18.912262754222695], [47.49777988913064, -18.912221171369936], [47.497810350967086, -18.912108033958532], [47.4978530732609, -18.911949061699772], [47.49786500366707, -18.91191182257245], [47.497888397731515, -18.911823325685816], [47.497925400337124, -18.91169188167487], [47.497956426947724, -18.911577836847584], [47.49796532663868, -18.911542514175608], [47.49798676467759, -18.911444892767463], [47.49802598231332, -18.91127291811057], [47.49803999375081, -18.911203557897807], [47.49804798872384, -18.91114490591258], [47.49806433120392, -18.911022713227567], [47.49807443418797, -18.910936282083696], [47.49809937508621, -18.910852208062863], [47.49810755531945, -18.91082267612552], [47.49812838541669, -18.91074966016862], [47.49814252096064, -18.910700288287558], [47.49815626979614, -18.910650104318734], [47.49817704683329, -18.9105684072062], [47.49819895162045, -18.910484801732196], [47.4982197169665, -18.91040147504799], [47.49824527210177, -18.91029397278851], [47.49827306564947, -18.910179404555834], [47.49828007406626, -18.910145086426553], [47.49829377433832, -18.910086942558223], [47.49830093024383, -18.910015634413867], [47.498309184221625, -18.9099374419593], [47.49831235972772, -18.909898352926575], [47.49831729520713, -18.909847220172992], [47.50119214090461, -18.910091008393294], [47.501435891353424, -18.910104878637185], [47.502032273170926, -18.910140349697315], [47.502616479966605, -18.910187547916962]]]}}, {"type": "Feature", "properties": {"fokontany": "Soavimasoandro", "arrondissement": "5e Arrondissement", "pcode": "MG11101005002"}, "geometry": {"type": "Polygon", "coordinates": [[[47.53028783601491, -18.847452254817597], [47.529349998703594, -18.85668333606702], [47.5324999991758, -18.86058333605206], [47.53283333379136, -18.860666669031502], [47.53531666683085, -18.863466669551087], [47.53620489484001, -18.864348179624756], [47.53751666666096, -18.865650003145106], [47.53695430709564, -18.866181963826477], [47.53680251412476, -18.86628245856855], [47.53667138397731, -18.86639680826596], [47.53653389562294, -18.86649924194643], [47.536345710686135, -18.866530232584125], [47.53625275855802, -18.86672207506365], [47.53611600405054, -18.866938083225932], [47.53602944700157, -18.86714782131486], [47.535992659333886, -18.867285530902507], [47.53603333297201, -18.867383336671594], [47.53599046588738, -18.86748744129227], [47.535875359860086, -18.867597074045705], [47.535825473566945, -18.867651169166095], [47.53566666678341, -18.867866669211367], [47.534816443224315, -18.867355408225478], [47.53463047781446, -18.8676600418774], [47.53435477535271, -18.868007672116278], [47.533750566735364, -18.868805009243715], [47.533135892707435, -18.869638020678053], [47.53263772315256, -18.8703024353091], [47.53253020020861, -18.870206379620697], [47.532127780572694, -18.86996957103878], [47.53135000010241, -18.869483336386793], [47.530995656424466, -18.869304497204666], [47.53075421273684, -18.86916342595123], [47.5304862768204, -18.869058128829522], [47.530249998838485, -18.86901666918385], [47.5300833328796, -18.869033336319376], [47.530078328152456, -18.8688470246704], [47.52988772313995, -18.868696878358207], [47.52902682822571, -18.868147592237563], [47.528497539429964, -18.86785214875755], [47.5278193139103, -18.86747092614229], [47.52734336390523, -18.867485906149568], [47.52700452903588, -18.8674327562166], [47.526865637739036, -18.86741096834146], [47.52663919834043, -18.86735250341519], [47.526488389227836, -18.867462531870274], [47.52640793587773, -18.86752122972092], [47.52623950365029, -18.867695571393483], [47.525925460391875, -18.8676854369333], [47.525780209089476, -18.867661773971577], [47.52553572029723, -18.86762194119956], [47.52529737207607, -18.86766516981163], [47.52507728998506, -18.867618620902533], [47.524901236902735, -18.867583774871264], [47.524800628846094, -18.8675665573507], [47.524630918682135, -18.867537517342498], [47.52449939822873, -18.86759208190898], [47.524453504026155, -18.86761792572662], [47.52434922943348, -18.86767664426162], [47.52414170367672, -18.867630023406832], [47.52396454892488, -18.86757894371317], [47.52387747566496, -18.86755383913834], [47.523600229966746, -18.867405994191188], [47.52336165241849, -18.867413354242785], [47.52325406292471, -18.867282459717615], [47.523108606577125, -18.867121894759578], [47.52291352923618, -18.86705726677934], [47.52261813342028, -18.86701713003646], [47.52170690704821, -18.866908816588534], [47.52175774932084, -18.86650686280143], [47.52177638687084, -18.865987798398123], [47.52179879617762, -18.865563229359452], [47.521765547342284, -18.864956797617992], [47.52162262528407, -18.86489997935047], [47.52136666743786, -18.864800004416566], [47.52123001815096, -18.864707135925528], [47.520393275429456, -18.864343953710375], [47.51996666582903, -18.86421666906392], [47.519465187668345, -18.864091492428372], [47.51907988123162, -18.864019082614504], [47.5185666660189, -18.863983334563216], [47.51814011667318, -18.86401970224739], [47.51800916369211, -18.864163931919848], [47.517711294740536, -18.86472160331931], [47.517544565829155, -18.865164937611667], [47.517321024046, -18.86559372087339], [47.517141311622424, -18.8659384283157], [47.51677588110209, -18.866735608961108], [47.516276027117044, -18.867552405618994], [47.51619657741031, -18.867846632316116], [47.515802302034785, -18.868616328780433], [47.51539999931066, -18.868550002880227], [47.51524471876883, -18.868514345660458], [47.51515650786655, -18.86847553721617], [47.51510172296622, -18.8684514335867], [47.51515092127812, -18.868310436977026], [47.51511870756235, -18.868132006986514], [47.51500208527807, -18.867929607365454], [47.514737913923625, -18.867491990962492], [47.514484181899604, -18.867083587237687], [47.51425101287401, -18.86668482694313], [47.514146098863534, -18.86630484539228], [47.51404288637025, -18.865894099832758], [47.51400703129951, -18.86577506286875], [47.513533333196904, -18.865883335847172], [47.509868489739176, -18.86601277077267], [47.50980000007013, -18.865533335894668], [47.508116666151295, -18.86186666861181], [47.505883332949566, -18.861200003877002], [47.50579131161982, -18.860932272106652], [47.5058967400426, -18.86083660582466], [47.50841666559671, -18.858550003080154], [47.5090833339288, -18.85315000406939], [47.50908611912928, -18.8530497332585], [47.509093371262225, -18.852788624095695], [47.510243094243435, -18.852486968099072], [47.511532562877505, -18.852157059900264], [47.5135695578889, -18.851516456619095], [47.514742058899, -18.851110761652308], [47.515565240743456, -18.85088680168451], [47.5165403630474, -18.850579023103307], [47.51761821940539, -18.850279528177566], [47.51880794782869, -18.84995863927969], [47.5198921453063, -18.849679836854932], [47.520992014369995, -18.84942167656908], [47.52171577616218, -18.849224928287754], [47.52263831960295, -18.8489707439046], [47.52341504696699, -18.8487855204354], [47.52444658014565, -18.8485455192602], [47.52525709234101, -18.84828901192833], [47.52571713963442, -18.848218202008354], [47.52605570470712, -18.848124391927115], [47.52666727697334, -18.847901613668512], [47.527090191259504, -18.84785769887361], [47.527400998757116, -18.847802549747826], [47.528432936630736, -18.847627687367776], [47.52877758291913, -18.8475131191351], [47.52923093655858, -18.847368275225676], [47.52956644483555, -18.84728337922445], [47.53015632095759, -18.84707551532273], [47.530274219379805, -18.84742334431178], [47.53028783601491, -18.847452254817597]]]}}, {"type": "Feature", "properties": {"fokontany": "Morarano", "arrondissement": "5e Arrondissement", "pcode": "MG11101005004"}, "geometry": {"type": "Polygon", "coordinates": [[[47.51515650786655, -18.86847553721617], [47.514877137070414, -18.86886463609403], [47.514391056202385, -18.869453275648084], [47.51401864514446, -18.870142890182194], [47.51374863269331, -18.870647077100898], [47.51380230962894, -18.87068813295093], [47.51382172689125, -18.870908494731168], [47.5138351546687, -18.871045912039108], [47.51396210926396, -18.87126039315251], [47.51409545534108, -18.871492771674014], [47.51425392128152, -18.871725003606002], [47.51448202982198, -18.872046507640164], [47.514814999312875, -18.872516567085825], [47.51490481370632, -18.872512005724445], [47.515158756171786, -18.872499111244906], [47.51573461905747, -18.87251261276674], [47.516045093806156, -18.872453663105944], [47.51659961218246, -18.872443746281817], [47.51709395512199, -18.872413999406433], [47.51738214467031, -18.872183680332512], [47.51777694255202, -18.87205362667345], [47.51814367529056, -18.87195399617991], [47.51858534673647, -18.871852896194184], [47.51865996078868, -18.872032733623655], [47.51904567012156, -18.87288931628882], [47.519260348186606, -18.873374585068916], [47.519463306286696, -18.873968258128514], [47.51956371469379, -18.874235533942624], [47.51971428908337, -18.874674891433074], [47.51981844676408, -18.8749748782879], [47.52011666555171, -18.875700002553003], [47.52027253604882, -18.87621351274339], [47.52051479092489, -18.876739315766713], [47.52075417966182, -18.877396042992928], [47.520792685034564, -18.877631984628295], [47.520632953747906, -18.87766520288676], [47.52046817186874, -18.87766615526874], [47.52026666617377, -18.877650003444785], [47.51888645864324, -18.878792567822643], [47.51774999976283, -18.87973333602457], [47.51364587885428, -18.878335380373414], [47.512416666595925, -18.87791666861932], [47.51138333297456, -18.877016670283012], [47.51119998459171, -18.876851338918073], [47.511214966397745, -18.876718743774973], [47.51127981201387, -18.876199556164522], [47.51128795537488, -18.875691502161033], [47.51132030758629, -18.87542109760551], [47.51134144615099, -18.875172379301773], [47.511317779591934, -18.87502119067534], [47.51122647142449, -18.874946055016323], [47.51085137858843, -18.874883350686048], [47.510465273553564, -18.874874752267885], [47.510113027993896, -18.874833532741263], [47.509647172878886, -18.874782155372145], [47.50941666584657, -18.874783336181906], [47.50937231577984, -18.874788215903322], [47.509285255110626, -18.87478287213179], [47.50923850115595, -18.874785494554885], [47.50930054088735, -18.87459388679838], [47.509338331299034, -18.874391790248808], [47.50934052024883, -18.87414916934864], [47.50933005843558, -18.873965058340673], [47.50931222128213, -18.873791614191532], [47.509246784811296, -18.87344489676451], [47.509139588321375, -18.87296560307999], [47.50905037107782, -18.872682774390398], [47.50894610457914, -18.872373466961903], [47.50887258680058, -18.872219821387603], [47.50873911841563, -18.87199922398497], [47.508631927321744, -18.871815665160796], [47.50856985881194, -18.871707995627446], [47.50854704481043, -18.871630209666364], [47.50855204683961, -18.871538094807192], [47.50857207384223, -18.871468916257356], [47.50864038634472, -18.87138706626007], [47.50876062840035, -18.87128012697616], [47.50908805806756, -18.87098960368718], [47.5096319770343, -18.870515440635018], [47.509710423997035, -18.870445456292657], [47.509881702578525, -18.870292654282537], [47.51009441472564, -18.870100182277497], [47.510175781786984, -18.870023569032412], [47.51019635377878, -18.86999187242691], [47.51020101766295, -18.869944622046603], [47.51018343231965, -18.869909303871168], [47.51015843656273, -18.869878753901332], [47.50997106371375, -18.869701382412813], [47.50979806922567, -18.86953866357834], [47.509611794448915, -18.869367626015105], [47.50949173765366, -18.869208802144442], [47.50940257257071, -18.869054000042013], [47.50928190783384, -18.8687986348491], [47.50923279765567, -18.86870236961863], [47.509227860377564, -18.86861844488527], [47.50909776804775, -18.868266587832693], [47.509040822975635, -18.868050473550397], [47.509933332657226, -18.866466669401234], [47.509868489739176, -18.86601277077267], [47.513533333196904, -18.865883335847172], [47.51400703129951, -18.86577506286875], [47.51404288637025, -18.865894099832758], [47.514146098863534, -18.86630484539228], [47.51425101287401, -18.86668482694313], [47.514484181899604, -18.867083587237687], [47.514737913923625, -18.867491990962492], [47.51500208527807, -18.867929607365454], [47.51511870756235, -18.868132006986514], [47.51515092127812, -18.868310436977026], [47.51510172296622, -18.8684514335867], [47.51515650786655, -18.86847553721617]]]}}, {"type": "Feature", "properties": {"fokontany": "Alarobia Amboniloha", "arrondissement": "5e Arrondissement", "pcode": "MG11101005005"}, "geometry": {"type": "Polygon", "coordinates": [[[47.52291352923618, -18.86705726677934], [47.523108606577125, -18.867121894759578], [47.52325406292471, -18.867282459717615], [47.52336165241849, -18.867413354242785], [47.523600229966746, -18.867405994191188], [47.52387747566496, -18.86755383913834], [47.52396454892488, -18.86757894371317], [47.52414170367672, -18.867630023406832], [47.52434922943348, -18.86767664426162], [47.524453504026155, -18.86761792572662], [47.52449939822873, -18.86759208190898], [47.524630918682135, -18.867537517342498], [47.524800628846094, -18.8675665573507], [47.524901236902735, -18.867583774871264], [47.52507728998506, -18.867618620902533], [47.52529737207607, -18.86766516981163], [47.52553572029723, -18.86762194119956], [47.525780209089476, -18.867661773971577], [47.525925460391875, -18.8676854369333], [47.52623950365029, -18.867695571393483], [47.52640793587773, -18.86752122972092], [47.526488389227836, -18.867462531870274], [47.52663919834043, -18.86735250341519], [47.526865637739036, -18.86741096834146], [47.52700452903588, -18.8674327562166], [47.52734336390523, -18.867485906149568], [47.5278193139103, -18.86747092614229], [47.528497539429964, -18.86785214875755], [47.52902682822571, -18.868147592237563], [47.52988772313995, -18.868696878358207], [47.530078328152456, -18.8688470246704], [47.5300833328796, -18.869033336319376], [47.529772206122516, -18.869000982309387], [47.52959179222751, -18.869020124379176], [47.52940726933008, -18.869039701720794], [47.52901924424282, -18.86907489578971], [47.52857701971385, -18.869145476382528], [47.52845869501283, -18.86978077096569], [47.52796421897352, -18.87059970171481], [47.52762961181713, -18.87117252129474], [47.52727941581253, -18.87171249313701], [47.52701289542881, -18.872112919875235], [47.526479470651225, -18.872855226587376], [47.5262964828965, -18.8730941530726], [47.526200000030144, -18.873166669905856], [47.52609378110316, -18.87325634490429], [47.52596119585269, -18.87331445279972], [47.52582903598136, -18.873334730713168], [47.52523722002172, -18.873363780613886], [47.52456868559642, -18.873418891068923], [47.52393859269199, -18.873473774894762], [47.52315478496553, -18.873536865034225], [47.52241328314665, -18.873603368100873], [47.52202505840984, -18.873609273948716], [47.52065692967369, -18.873672073607224], [47.52024571197006, -18.873689086082436], [47.519900052145715, -18.873738654914916], [47.51973885766216, -18.87377984026739], [47.51956242776396, -18.87384306800311], [47.519463306286696, -18.873968258128514], [47.519260348186606, -18.873374585068916], [47.51904567012156, -18.87288931628882], [47.51865996078868, -18.872032733623655], [47.51858534673647, -18.871852896194184], [47.51814367529056, -18.87195399617991], [47.51777694255202, -18.87205362667345], [47.51738214467031, -18.872183680332512], [47.51709395512199, -18.872413999406433], [47.51659961218246, -18.872443746281817], [47.516045093806156, -18.872453663105944], [47.51573461905747, -18.87251261276674], [47.515158756171786, -18.872499111244906], [47.51490481370632, -18.872512005724445], [47.514814999312875, -18.872516567085825], [47.51448202982198, -18.872046507640164], [47.51425392128152, -18.871725003606002], [47.51409545534108, -18.871492771674014], [47.51396210926396, -18.87126039315251], [47.5138351546687, -18.871045912039108], [47.51382172689125, -18.870908494731168], [47.51380230962894, -18.87068813295093], [47.51374863269331, -18.870647077100898], [47.51401864514446, -18.870142890182194], [47.514391056202385, -18.869453275648084], [47.514877137070414, -18.86886463609403], [47.51515650786655, -18.86847553721617], [47.51524471876883, -18.868514345660458], [47.51539999931066, -18.868550002880227], [47.515802302034785, -18.868616328780433], [47.51619657741031, -18.867846632316116], [47.516276027117044, -18.867552405618994], [47.51677588110209, -18.866735608961108], [47.517141311622424, -18.8659384283157], [47.517321024046, -18.86559372087339], [47.517544565829155, -18.865164937611667], [47.517711294740536, -18.86472160331931], [47.51800916369211, -18.864163931919848], [47.51814011667318, -18.86401970224739], [47.5185666660189, -18.863983334563216], [47.51907988123162, -18.864019082614504], [47.519465187668345, -18.864091492428372], [47.51996666582903, -18.86421666906392], [47.520393275429456, -18.864343953710375], [47.52123001815096, -18.864707135925528], [47.52136666743786, -18.864800004416566], [47.52162262528407, -18.86489997935047], [47.521765547342284, -18.864956797617992], [47.52179879617762, -18.865563229359452], [47.52177638687084, -18.865987798398123], [47.52175774932084, -18.86650686280143], [47.52170690704821, -18.866908816588534], [47.52261813342028, -18.86701713003646], [47.52291352923618, -18.86705726677934]]]}}, {"type": "Feature", "properties": {"fokontany": "Androhibe", "arrondissement": "5e Arrondissement", "pcode": "MG11101005003"}, "geometry": {"type": "Polygon", "coordinates": [[[47.53599916233151, -18.85479956484801], [47.536109583790335, -18.854886667785422], [47.53616696773145, -18.855003963661886], [47.53631553033762, -18.85529783332828], [47.5365185226118, -18.855612102316627], [47.53679871179122, -18.856101723815414], [47.53698523657954, -18.85639021913329], [47.53708947969591, -18.856549914446873], [47.53749872428682, -18.856837124633557], [47.53755431677848, -18.857033299147417], [47.5377131262598, -18.857234042217215], [47.53804137161211, -18.85759409659022], [47.53819474828913, -18.857794893619428], [47.538282455570936, -18.857918489246856], [47.53825584373237, -18.858221247812253], [47.53863333326177, -18.859016670282983], [47.5402500004372, -18.86081666965356], [47.54159847808745, -18.861474249437038], [47.54183691084489, -18.861736412605296], [47.54227036698393, -18.862524404877263], [47.54240543796078, -18.862704203635985], [47.542585387805445, -18.862920905175542], [47.54274812642501, -18.86306337307616], [47.54290533331465, -18.863216493446373], [47.54313037516687, -18.8635019958204], [47.54337238093069, -18.863819280235475], [47.54369294966989, -18.864210459245214], [47.54396274088788, -18.86451164939308], [47.54418716400659, -18.864701539444468], [47.544462057977626, -18.86493362928354], [47.54461963808586, -18.865139861815123], [47.54480534628988, -18.865383121233947], [47.54491773186788, -18.86550462234038], [47.545013972816776, -18.865716526896165], [47.54510526209833, -18.866024079747433], [47.5451179740154, -18.866263026917125], [47.54512615694671, -18.866535438759456], [47.54521973410357, -18.866982857772598], [47.54524594664326, -18.867021723773405], [47.54516118104374, -18.867080543931934], [47.54524432066904, -18.86723641532825], [47.54539778727809, -18.867207767424475], [47.54556243965493, -18.867269843128668], [47.545690335840504, -18.86738257584517], [47.54574468636832, -18.867597785409373], [47.545694171448986, -18.867670051331686], [47.545633883596906, -18.867813879007258], [47.5456591050837, -18.867937838860144], [47.54575282883013, -18.868005196282695], [47.545852108588065, -18.868082966955342], [47.545940413919084, -18.868160802379066], [47.54597384711542, -18.868238960659426], [47.545963587649624, -18.86834872201581], [47.54584127715327, -18.868538189385845], [47.5458465390866, -18.868646552296525], [47.54586666591388, -18.86878333738099], [47.54562111502247, -18.86886533396796], [47.54545258386969, -18.869021758447275], [47.54527761896702, -18.86915430592643], [47.545064472447564, -18.869209367817973], [47.5448759349764, -18.86918656910484], [47.54470635431494, -18.86918159135729], [47.544367695712765, -18.869249348978144], [47.54398372117191, -18.869108142826462], [47.543532112217235, -18.869188518835017], [47.54307980359022, -18.86916129725597], [47.543003747025466, -18.869167910870317], [47.542784828657034, -18.869186946820037], [47.54251666611134, -18.869233334750504], [47.54264217819406, -18.870271691984954], [47.54275004108172, -18.871446491662198], [47.54186535730054, -18.871368404428267], [47.54108859306416, -18.87130612367855], [47.54059261155993, -18.871489572785492], [47.54048333313949, -18.871550002730373], [47.539834361666465, -18.87180833208879], [47.53955480291188, -18.87190065109411], [47.53885904510901, -18.872071569946968], [47.537896541192424, -18.87227145236551], [47.53721553676769, -18.872377912310697], [47.536620557892434, -18.872313090077], [47.53591033719243, -18.872136117887464], [47.535533334196145, -18.87196667032555], [47.5352611489829, -18.871763372281748], [47.534993176194234, -18.871601750620243], [47.53491754860613, -18.871556137006053], [47.534815696787064, -18.87151093618064], [47.53501967471834, -18.87129683098385], [47.53548719807577, -18.870674429980852], [47.53556666576918, -18.87053333624442], [47.53566042728704, -18.87029748094392], [47.535849166206106, -18.869726463605332], [47.5361663004345, -18.86834563014662], [47.53653333264731, -18.867883337246155], [47.53615684855981, -18.867889880713335], [47.53606277407795, -18.86790836627796], [47.53598102660317, -18.867890911336417], [47.5359544894082, -18.86787220543789], [47.53593056114647, -18.867855339552193], [47.53591769274732, -18.86780759004813], [47.53590486481767, -18.86776581923715], [47.53586075307146, -18.867742166167943], [47.53578544114532, -18.867748583730076], [47.53570054964081, -18.8678673203205], [47.53566666678341, -18.867866669211367], [47.535825473566945, -18.867651169166095], [47.535875359860086, -18.867597074045705], [47.53599046588738, -18.86748744129227], [47.53603333297201, -18.867383336671594], [47.535992659333886, -18.867285530902507], [47.53602944700157, -18.86714782131486], [47.53611600405054, -18.866938083225932], [47.53625275855802, -18.86672207506365], [47.536345710686135, -18.866530232584125], [47.53653389562294, -18.86649924194643], [47.53667138397731, -18.86639680826596], [47.53680251412476, -18.86628245856855], [47.53695430709564, -18.866181963826477], [47.53751666666096, -18.865650003145106], [47.53620489484001, -18.864348179624756], [47.53531666683085, -18.863466669551087], [47.53283333379136, -18.860666669031502], [47.5324999991758, -18.86058333605206], [47.529349998703594, -18.85668333606702], [47.53028783601491, -18.847452254817597], [47.53228333270971, -18.850200002927693], [47.534995919126516, -18.854643041443126], [47.53518333334421, -18.854950003439853], [47.53537796462149, -18.854867287395336], [47.53550398572048, -18.85474582495982], [47.535655836248, -18.854696647332332], [47.53584619304752, -18.854719676271998], [47.53599916233151, -18.85479956484801]]]}}, {"type": "Feature", "properties": {"fokontany": "Ivandry", "arrondissement": "5e Arrondissement", "pcode": "MG11101005006"}, "geometry": {"type": "Polygon", "coordinates": [[[47.5320410310689, -18.882419486869765], [47.53168222585407, -18.882587068338466], [47.531447914689636, -18.882675685734284], [47.53123665674639, -18.882785984885174], [47.53096227898607, -18.882880291392212], [47.53052212109901, -18.883030095062793], [47.53032766339112, -18.883080308709168], [47.53014445080595, -18.883097736671175], [47.52997269738222, -18.883115097183918], [47.529688204047545, -18.88313856858997], [47.529159367610816, -18.883141649667323], [47.52851136380838, -18.88304180963172], [47.52820735878265, -18.882983594717075], [47.52807121131741, -18.882937543132982], [47.528019348314444, -18.88292891773534], [47.52727755241722, -18.882810200030633], [47.52683447173359, -18.882748183681656], [47.526129690133246, -18.88269076286832], [47.52552199934098, -18.882657381832644], [47.52520522933804, -18.882640765958513], [47.5244103302727, -18.882639225419894], [47.52378356935628, -18.88265516230581], [47.523208622879736, -18.88268925200731], [47.52300841041, -18.882708866221094], [47.522659800809265, -18.882766250162263], [47.52261397495505, -18.882674239624407], [47.522542693790456, -18.882643894699868], [47.52245786703702, -18.88263472791033], [47.52241337038083, -18.882632341109627], [47.522327986047856, -18.882417527247014], [47.52229484782907, -18.882288535687337], [47.522221483834585, -18.88193216583676], [47.52215446635569, -18.881557305025524], [47.5220616770049, -18.881194896227385], [47.522015027371594, -18.880973707970156], [47.52189670357018, -18.880660659361865], [47.521547650603736, -18.879635355786945], [47.521278739822094, -18.878847110805395], [47.52108009217267, -18.878323321364064], [47.52085266981493, -18.87778988399583], [47.520792685034564, -18.877631984628295], [47.52075417966182, -18.877396042992928], [47.52051479092489, -18.876739315766713], [47.52027253604882, -18.87621351274339], [47.52011666555171, -18.875700002553003], [47.51981844676408, -18.8749748782879], [47.51971428908337, -18.874674891433074], [47.51956371469379, -18.874235533942624], [47.519463306286696, -18.873968258128514], [47.51956242776396, -18.87384306800311], [47.51973885766216, -18.87377984026739], [47.519900052145715, -18.873738654914916], [47.52024571197006, -18.873689086082436], [47.52065692967369, -18.873672073607224], [47.52202505840984, -18.873609273948716], [47.52241328314665, -18.873603368100873], [47.52315478496553, -18.873536865034225], [47.52393859269199, -18.873473774894762], [47.52456868559642, -18.873418891068923], [47.52523722002172, -18.873363780613886], [47.52582903598136, -18.873334730713168], [47.52596119585269, -18.87331445279972], [47.52609378110316, -18.87325634490429], [47.526200000030144, -18.873166669905856], [47.5262964828965, -18.8730941530726], [47.526479470651225, -18.872855226587376], [47.52701289542881, -18.872112919875235], [47.52727941581253, -18.87171249313701], [47.52762961181713, -18.87117252129474], [47.52796421897352, -18.87059970171481], [47.52845869501283, -18.86978077096569], [47.52857701971385, -18.869145476382528], [47.52901924424282, -18.86907489578971], [47.52940726933008, -18.869039701720794], [47.52959179222751, -18.869020124379176], [47.529645785724426, -18.869800246684008], [47.52986882118921, -18.869953084667088], [47.53019999923066, -18.870566668716663], [47.53015563927141, -18.87110254324773], [47.53011329739081, -18.871353865988056], [47.52997618585249, -18.871516072208863], [47.52980112921881, -18.871636652409506], [47.529614626913656, -18.87193065967216], [47.52952875065142, -18.87224799534863], [47.52928333196019, -18.872416668594326], [47.52884999992773, -18.87280000371709], [47.52870000020488, -18.87298333591218], [47.529199998980914, -18.875233336249437], [47.52928333375894, -18.877616669173904], [47.52922142892584, -18.877804111270677], [47.5320410310689, -18.882419486869765]]]}}, {"type": "Feature", "properties": {"fokontany": "Ambodivoanjo Ambohijatovo Fara", "arrondissement": "5e Arrondissement", "pcode": "MG11101005007"}, "geometry": {"type": "Polygon", "coordinates": [[[47.53566666678341, -18.867866669211367], [47.53570054964081, -18.8678673203205], [47.53578544114532, -18.867748583730076], [47.53586075307146, -18.867742166167943], [47.53590486481767, -18.86776581923715], [47.53591769274732, -18.86780759004813], [47.53593056114647, -18.867855339552193], [47.5359544894082, -18.86787220543789], [47.53598102660317, -18.867890911336417], [47.53606277407795, -18.86790836627796], [47.53615684855981, -18.867889880713335], [47.53653333264731, -18.867883337246155], [47.5361663004345, -18.86834563014662], [47.535849166206106, -18.869726463605332], [47.53566042728704, -18.87029748094392], [47.53556666576918, -18.87053333624442], [47.53548719807577, -18.870674429980852], [47.53501967471834, -18.87129683098385], [47.534815696787064, -18.87151093618064], [47.53491754860613, -18.871556137006053], [47.534993176194234, -18.871601750620243], [47.5352611489829, -18.871763372281748], [47.535533334196145, -18.87196667032555], [47.53591033719243, -18.872136117887464], [47.536620557892434, -18.872313090077], [47.53721553676769, -18.872377912310697], [47.537896541192424, -18.87227145236551], [47.53885904510901, -18.872071569946968], [47.53955480291188, -18.87190065109411], [47.539834361666465, -18.87180833208879], [47.54048333313949, -18.871550002730373], [47.54059261155993, -18.871489572785492], [47.54108859306416, -18.87130612367855], [47.54186535730054, -18.871368404428267], [47.54275004108172, -18.871446491662198], [47.54306301414698, -18.871469107813027], [47.54299686541299, -18.872034173438237], [47.542998882592485, -18.872344390980743], [47.54292201843657, -18.873052554931405], [47.54283698573835, -18.874070994880412], [47.54256706771605, -18.874848158415716], [47.54240979877329, -18.87517305828993], [47.542582119669134, -18.875432242903628], [47.542557711169536, -18.87560241801708], [47.5423993036851, -18.875767312311552], [47.54217124190939, -18.87601155558872], [47.54185296374345, -18.87611666565158], [47.5417000268348, -18.876141855662013], [47.541048039935106, -18.876533436668694], [47.54119850101, -18.876767040066795], [47.54133238128452, -18.877093447204743], [47.54135688870957, -18.87733869862194], [47.54126272879205, -18.87783549761002], [47.540867119721895, -18.878666720292813], [47.54065159809295, -18.879000635870568], [47.54015863291477, -18.879837883111747], [47.53997150378194, -18.880133457892725], [47.53988101399773, -18.880313947330706], [47.53990456544352, -18.880411967138514], [47.53958412440801, -18.881090057759877], [47.53925000018745, -18.88113333673408], [47.538839974085704, -18.881192744149757], [47.53851945390977, -18.88123825344252], [47.53825042441758, -18.881272552686085], [47.53788397136833, -18.881301970409538], [47.53751175456392, -18.881325967918997], [47.53715282794076, -18.88135533977703], [47.53680158692384, -18.881357400123875], [47.536389164128764, -18.881365270990386], [47.535701770020694, -18.881374753442003], [47.53542690212993, -18.88139272279585], [47.535192100834934, -18.881405004837006], [47.53488855626199, -18.881417687975897], [47.53457931898049, -18.88143585877782], [47.53437906334318, -18.881475203217974], [47.53412739256527, -18.8815366601886], [47.533870135198754, -18.881619964389813], [47.533355791336874, -18.88181383573982], [47.533133044554404, -18.881918748851092], [47.53288731110058, -18.88201289078222], [47.532618911133966, -18.882145336637848], [47.53235606178299, -18.882250482673612], [47.53212203120688, -18.882382728879804], [47.5320410310689, -18.882419486869765], [47.52922142892584, -18.877804111270677], [47.52928333375894, -18.877616669173904], [47.529199998980914, -18.875233336249437], [47.52870000020488, -18.87298333591218], [47.52884999992773, -18.87280000371709], [47.52928333196019, -18.872416668594326], [47.52952875065142, -18.87224799534863], [47.529614626913656, -18.87193065967216], [47.52980112921881, -18.871636652409506], [47.52997618585249, -18.871516072208863], [47.53011329739081, -18.871353865988056], [47.53015563927141, -18.87110254324773], [47.53019999923066, -18.870566668716663], [47.52986882118921, -18.869953084667088], [47.529645785724426, -18.869800246684008], [47.52959179222751, -18.869020124379176], [47.529772206122516, -18.869000982309387], [47.5300833328796, -18.869033336319376], [47.530249998838485, -18.86901666918385], [47.5304862768204, -18.869058128829522], [47.53075421273684, -18.86916342595123], [47.530995656424466, -18.869304497204666], [47.53135000010241, -18.869483336386793], [47.532127780572694, -18.86996957103878], [47.53253020020861, -18.870206379620697], [47.53263772315256, -18.8703024353091], [47.533135892707435, -18.869638020678053], [47.533750566735364, -18.868805009243715], [47.53435477535271, -18.868007672116278], [47.53463047781446, -18.8676600418774], [47.534816443224315, -18.867355408225478], [47.53566666678341, -18.867866669211367]]]}}, {"type": "Feature", "properties": {"fokontany": "Anjanahary IIs", "arrondissement": "5e Arrondissement", "pcode": "MG11101005015"}, "geometry": {"type": "Polygon", "coordinates": [[[47.53545401489106, -18.89121393467525], [47.53565959631351, -18.891297303627596], [47.53587927011233, -18.89144564589975], [47.5362716578108, -18.89187922344729], [47.53645774912599, -18.892118839712623], [47.53662987666752, -18.89231299884574], [47.5363728432323, -18.892663466445754], [47.536194307121605, -18.89296205575414], [47.53596087369539, -18.893271115869254], [47.53561966461592, -18.893802837330952], [47.53517864068175, -18.894375965378458], [47.53510633878659, -18.894446529783465], [47.53474669900112, -18.894797498305877], [47.53441606594879, -18.895081306357156], [47.53408940610137, -18.895379263442237], [47.53373709938779, -18.89571874402469], [47.533462905988415, -18.896177397368888], [47.53332253800488, -18.896399074857356], [47.533242743857556, -18.896519172121998], [47.533124061226545, -18.8966057552513], [47.53306712604717, -18.896633268210678], [47.53300197735945, -18.896664750777518], [47.53273808029826, -18.896721506092547], [47.53254519280654, -18.896777815343796], [47.53253048529382, -18.896750681898425], [47.53251824821865, -18.896417840111212], [47.53248224296118, -18.89604992566342], [47.53242981608321, -18.895742926794526], [47.53238378698234, -18.895547354826476], [47.53232729337009, -18.895442090080337], [47.532230215152424, -18.89522261233367], [47.53210066331508, -18.89491226978538], [47.532067310158425, -18.894684832139262], [47.53202674174082, -18.894332729571715], [47.53199150540377, -18.894055490168626], [47.53198333326435, -18.893516670357997], [47.53196511839559, -18.893397915781065], [47.53195802544252, -18.893352640312003], [47.531939456241105, -18.893285851261], [47.531923281034665, -18.893238468680295], [47.531918413004405, -18.89318670640131], [47.531959066857496, -18.8931627313749], [47.532024772225554, -18.893155873144906], [47.532083333379205, -18.89313333613444], [47.532156599347616, -18.893206895281935], [47.53225482060361, -18.89332069279567], [47.53231405804735, -18.893365664293924], [47.532343739272335, -18.893397861821825], [47.532383332824736, -18.89336666973594], [47.53293333300701, -18.892516670108193], [47.53292964129008, -18.892476780678805], [47.532975206340836, -18.89242310464249], [47.533022428842116, -18.89236294359489], [47.5331056386143, -18.892346272862085], [47.53317705287867, -18.89234585467733], [47.533243353597925, -18.892343848289897], [47.533298026083116, -18.892383991328074], [47.53331194129311, -18.89243246478634], [47.53330723604017, -18.892493648363143], [47.53335156092584, -18.892511540375267], [47.53342467400961, -18.892511112297882], [47.5334909567423, -18.892505868351122], [47.53354026477143, -18.892505578769317], [47.53361165835139, -18.892501923924613], [47.53362849366016, -18.89247593171882], [47.53365038855458, -18.89244343201875], [47.53371154695043, -18.89243498288812], [47.53373180687754, -18.892412204859284], [47.53376569692955, -18.892394203129925], [47.53380815392336, -18.892385863716527], [47.533847144929894, -18.89236783230956], [47.533884250058065, -18.892320679056013], [47.53392278061193, -18.89223143483281], [47.53396154409006, -18.892177798366674], [47.53403333427099, -18.892083335377606], [47.53414394728537, -18.892073958146625], [47.53422987301042, -18.892038926854866], [47.53433582933519, -18.891945513374708], [47.53445993218031, -18.89185415124797], [47.534525412717755, -18.891812766246062], [47.53460172558914, -18.891693630356713], [47.534628331132694, -18.891600681825878], [47.53463460390401, -18.891518642071617], [47.53463407420327, -18.891436642786744], [47.53465404544801, -18.891369628005805], [47.53466666563418, -18.89115000187104], [47.53488965883088, -18.89117787725712], [47.53506666519456, -18.891200002378127], [47.53522154104127, -18.891205572778915], [47.53545401489106, -18.89121393467525]]]}}, {"type": "Feature", "properties": {"fokontany": "Anjanahary IIo", "arrondissement": "5e Arrondissement", "pcode": "MG11101005016"}, "geometry": {"type": "Polygon", "coordinates": [[[47.537275961316595, -18.89491026789449], [47.53705971663277, -18.895243829139304], [47.5368798351364, -18.89542607675196], [47.53665814505746, -18.89563661703619], [47.536594566586075, -18.895771956910153], [47.536473616764056, -18.89600579233337], [47.53605174119508, -18.897048129967175], [47.535965405379216, -18.89715292796518], [47.53586957901797, -18.89728539090794], [47.53579662961096, -18.897466796755168], [47.53580733064388, -18.8976262420573], [47.53581812970293, -18.897801021699706], [47.535815680849055, -18.897920666605387], [47.53575840842382, -18.898034498293384], [47.53568778826099, -18.898077856407838], [47.53553333329677, -18.898083336876425], [47.535442767969414, -18.898063955586963], [47.535189419056564, -18.89786870557623], [47.53485045378545, -18.89748551164695], [47.5347178001864, -18.8973096420263], [47.53451437893551, -18.897003117100155], [47.5344008116482, -18.896924391347454], [47.53426700421892, -18.89684642102543], [47.53408901399689, -18.89678747765987], [47.53385401575042, -18.896772493155936], [47.533578983283576, -18.896768648554257], [47.53326939976313, -18.89673774065409], [47.53306712604717, -18.896633268210678], [47.533124061226545, -18.8966057552513], [47.533242743857556, -18.896519172121998], [47.53332253800488, -18.896399074857356], [47.533462905988415, -18.896177397368888], [47.53373709938779, -18.89571874402469], [47.53408940610137, -18.895379263442237], [47.53441606594879, -18.895081306357156], [47.53474669900112, -18.894797498305877], [47.53510633878659, -18.894446529783465], [47.53517864068175, -18.894375965378458], [47.53561966461592, -18.893802837330952], [47.53596087369539, -18.893271115869254], [47.536194307121605, -18.89296205575414], [47.5363728432323, -18.892663466445754], [47.53662987666752, -18.89231299884574], [47.53666724799524, -18.892480333900266], [47.536716666640984, -18.89261667022305], [47.537019573594534, -18.89314083468173], [47.53718815331075, -18.893295262666186], [47.53733100522186, -18.893458021970048], [47.53742638102278, -18.893588340029794], [47.537526452184125, -18.893779978363284], [47.53761379164314, -18.893996231141102], [47.53761447602727, -18.89410179805941], [47.537582095037806, -18.894409500198208], [47.53750903231611, -18.89454566834786], [47.5374000003099, -18.89470000190346], [47.537275961316595, -18.89491026789449]]]}}, {"type": "Feature", "properties": {"fokontany": "Anjanahary IIa", "arrondissement": "5e Arrondissement", "pcode": "MG11101005017"}, "geometry": {"type": "Polygon", "coordinates": [[[47.537572652156314, -18.891681495804335], [47.537657055328964, -18.891747320782144], [47.53773739536456, -18.891727701172385], [47.53790661539807, -18.89176958979465], [47.53806212706564, -18.89178154268393], [47.53815694438765, -18.89181314755865], [47.53829280586848, -18.89192170202483], [47.53835404340441, -18.89198566810404], [47.53843311899328, -18.892007136719883], [47.53849967691872, -18.89208107717991], [47.53854231917268, -18.892172310703472], [47.53848248098177, -18.89228566665014], [47.53846814129179, -18.892312833370454], [47.53848966476636, -18.892389896276654], [47.53848159155223, -18.892476867913047], [47.53847821639664, -18.89251323020136], [47.53844707916943, -18.892596634227232], [47.53845396977505, -18.892682227202897], [47.538414023688404, -18.89276771405872], [47.5384311233978, -18.892833733290104], [47.53844489291754, -18.892896183112327], [47.538487274368265, -18.89294739320752], [47.53854133621371, -18.89294707574686], [47.538577414316364, -18.89295258319504], [47.53865253738485, -18.892957857718898], [47.53874866681764, -18.892960152788703], [47.53884802211866, -18.89299673271296], [47.53896777044639, -18.892935993401352], [47.53900530634985, -18.892902081765612], [47.53906065512518, -18.892901140175354], [47.53915691316121, -18.8929234469594], [47.5392112897693, -18.892971727063525], [47.53930753071802, -18.892991174003384], [47.539379781351954, -18.893016479127084], [47.53947796483624, -18.8929936129648], [47.53960032389597, -18.893014705664086], [47.53967257902639, -18.89313424894641], [47.53972419381654, -18.89326846107059], [47.53982458333792, -18.89343510274773], [47.53989295339727, -18.89337653260077], [47.540113387123256, -18.893208004145947], [47.54037960623401, -18.893031934875864], [47.54063771256057, -18.89278320218301], [47.54090468530313, -18.892723461118806], [47.54117175337376, -18.89267826389073], [47.54136177292759, -18.892531724759237], [47.54176158183162, -18.892929271868354], [47.54190030495528, -18.893117499972618], [47.542139658618396, -18.893508721250384], [47.54236292880614, -18.893776431437118], [47.542663868043235, -18.894239996878298], [47.542695463025325, -18.89439977223168], [47.54245946832992, -18.89452476990209], [47.54228216518993, -18.894672856766817], [47.541893318122106, -18.894625443609243], [47.54158333260489, -18.894583338250413], [47.54149769556233, -18.894578695949974], [47.54116254701398, -18.89458067086116], [47.54068576603538, -18.89460801744599], [47.54026793201962, -18.894623810440464], [47.540099998915935, -18.894633336059485], [47.53974999896337, -18.894650004094387], [47.539190704287705, -18.89464953284954], [47.53893310967538, -18.894683768241293], [47.538568493941, -18.894779978613087], [47.538298276444436, -18.894855185318477], [47.53788671430061, -18.895000748685504], [47.53732903300852, -18.895143081687763], [47.53721403669863, -18.895186098959243], [47.53705971663277, -18.895243829139304], [47.537275961316595, -18.89491026789449], [47.5374000003099, -18.89470000190346], [47.53750903231611, -18.89454566834786], [47.537582095037806, -18.894409500198208], [47.53761447602727, -18.89410179805941], [47.53761379164314, -18.893996231141102], [47.537526452184125, -18.893779978363284], [47.53742638102278, -18.893588340029794], [47.53733100522186, -18.893458021970048], [47.53718815331075, -18.893295262666186], [47.537019573594534, -18.89314083468173], [47.536716666640984, -18.89261667022305], [47.53666724799524, -18.892480333900266], [47.53662987666752, -18.89231299884574], [47.53674353388698, -18.892130151385288], [47.53697485840314, -18.891757996634112], [47.53721512577749, -18.89143188627247], [47.53734190230705, -18.89153061384667], [47.53745935556486, -18.89157924108906], [47.53753419085035, -18.891655991930406], [47.537572652156314, -18.891681495804335]]]}}, {"type": "Feature", "properties": {"fokontany": "Manjakaray IIb", "arrondissement": "5e Arrondissement", "pcode": "MG11101005013"}, "geometry": {"type": "Polygon", "coordinates": [[[47.53658036898889, -18.887998763032442], [47.53656747181151, -18.888121762409355], [47.53656393927457, -18.888198509653478], [47.536544605649226, -18.888325225029007], [47.53653705314247, -18.888362367029572], [47.53652507597161, -18.888421250140482], [47.536534105165, -18.888570817289292], [47.53647820240718, -18.888583703674954], [47.53643233698284, -18.888590446791568], [47.536393240755615, -18.888592293999125], [47.536337173421884, -18.888599098269708], [47.53629466696543, -18.8885993473819], [47.53623685674569, -18.888599686426346], [47.536174051691205, -18.888616238448606], [47.53611290408742, -18.88862630905686], [47.53604333882913, -18.888649375767955], [47.535953350866635, -18.888669322730948], [47.5358821407483, -18.88872042310902], [47.53587905337565, -18.888866225695665], [47.53594017669786, -18.888969450779427], [47.53594054901731, -18.88902699390053], [47.535941392581265, -18.88915742887218], [47.535926512398646, -18.889349335203633], [47.535921448316344, -18.889460545367797], [47.535947582614995, -18.889471419070617], [47.53605302812491, -18.88951528889936], [47.5363454399901, -18.889649581962544], [47.53646538796738, -18.889935952182327], [47.53665779881851, -18.890390613435954], [47.53670525784156, -18.890595261362137], [47.53676481994063, -18.89088766513362], [47.53688478680357, -18.89104397989564], [47.53696652978164, -18.89116459876709], [47.53721512577749, -18.89143188627247], [47.53697485840314, -18.891757996634112], [47.53674353388698, -18.892130151385288], [47.53662987666752, -18.89231299884574], [47.53645774912599, -18.892118839712623], [47.5362716578108, -18.89187922344729], [47.53587927011233, -18.89144564589975], [47.53565959631351, -18.891297303627596], [47.53545401489106, -18.89121393467525], [47.535426002807924, -18.8911100090196], [47.53533681793988, -18.891058486859663], [47.53508330984698, -18.890962387104366], [47.534850559006145, -18.890905199215467], [47.53418333399384, -18.890700002702886], [47.533889120786455, -18.890626450750005], [47.533510184247746, -18.89053171616564], [47.53338333307448, -18.89050000157374], [47.532755546931014, -18.890351465947333], [47.532458594388686, -18.890273078339817], [47.53228264023181, -18.890226630154814], [47.53250503088259, -18.889617628150916], [47.5326183418631, -18.889416971415983], [47.5327101608454, -18.889383141618623], [47.532918767587034, -18.889373190620177], [47.53291546707521, -18.889169742389583], [47.53289726119982, -18.888972450917777], [47.53298527604977, -18.88896023722515], [47.53302627704119, -18.888954548113816], [47.533026061203884, -18.88889389963373], [47.53302580669566, -18.88882341526829], [47.533220448764894, -18.888825399172788], [47.53329098708957, -18.88877218538795], [47.5333833834365, -18.88876284412987], [47.53343522305727, -18.888677470588732], [47.533589327285654, -18.88867950305655], [47.5340272485588, -18.888726810094113], [47.53414040125858, -18.888591210316065], [47.53428149679371, -18.888487711838366], [47.53435146314962, -18.888409790978983], [47.53441918659615, -18.88833436573833], [47.53449838269438, -18.88819016394484], [47.534552924777756, -18.88804610604285], [47.53461052905271, -18.887899095666626], [47.53463136274729, -18.887784568802715], [47.53464561430371, -18.887605545259646], [47.534760973939854, -18.887361849669503], [47.53483752872904, -18.887318528427272], [47.53503522309711, -18.887161007674308], [47.53505334533577, -18.887095331084538], [47.53518485319847, -18.886945764835104], [47.535213328432405, -18.886842198008992], [47.53529617218078, -18.886698231837897], [47.53532007975804, -18.886787983278737], [47.53538592182298, -18.886829208201334], [47.53552620257233, -18.886885360071233], [47.535577227407146, -18.886921827580238], [47.53557572284143, -18.887036875151637], [47.53577652256848, -18.887144313559133], [47.535805865648285, -18.88727304971144], [47.53602909806449, -18.88762454073992], [47.53606653684136, -18.88765895239868], [47.53614783735293, -18.88773857477537], [47.53625618767296, -18.887837260980746], [47.53631706188298, -18.88788176033495], [47.53640848066698, -18.887964525842108], [47.53658036898889, -18.887998763032442]]]}}, {"type": "Feature", "properties": {"fokontany": "Ambatomainty", "arrondissement": "5e Arrondissement", "pcode": "MG11101005001"}, "geometry": {"type": "Polygon", "coordinates": [[[47.541190896342925, -18.88832695622392], [47.541070826957196, -18.88846260096824], [47.54098019508007, -18.888621279148595], [47.540981115985744, -18.888763058168536], [47.54100413683159, -18.88900136412161], [47.54103621834696, -18.889308056321624], [47.54063078058613, -18.88951221411736], [47.54063333376138, -18.889650003744634], [47.540666667133166, -18.889683336216933], [47.54075285905736, -18.889784155614223], [47.54100143167085, -18.89012624602941], [47.541066665794006, -18.890250004434108], [47.54111980043842, -18.890346300241504], [47.54119698655177, -18.890469451603792], [47.541266727177856, -18.89062173290654], [47.54139762170291, -18.89078092280124], [47.5415205005707, -18.890881992210154], [47.5416500002475, -18.890950003439798], [47.541775490746375, -18.890888670575578], [47.541924440960315, -18.890887792837248], [47.54210790805354, -18.890908523109772], [47.542245613144644, -18.890940431055924], [47.542433333131896, -18.891000003947], [47.5424833336391, -18.89106666979086], [47.54253895760695, -18.89111865779978], [47.54275839578338, -18.891384572040295], [47.542879663066174, -18.891531094983918], [47.54293105482441, -18.891651669788644], [47.54305388692745, -18.891745469078046], [47.54319412810668, -18.89216635719157], [47.543172965260226, -18.89243550809215], [47.543045286710765, -18.89277072588817], [47.542932175379576, -18.892996793866814], [47.542895070251404, -18.89316424493387], [47.54292784874133, -18.893505786762546], [47.54300546832786, -18.89369437369635], [47.54303843567544, -18.894064998700628], [47.543041040111916, -18.894464884946444], [47.542999998651055, -18.894683336566686], [47.542958389718024, -18.894709099445265], [47.54239091930566, -18.894688796350806], [47.54228216518993, -18.894672856766817], [47.54245946832992, -18.89452476990209], [47.542695463025325, -18.89439977223168], [47.542663868043235, -18.894239996878298], [47.54236292880614, -18.893776431437118], [47.542139658618396, -18.893508721250384], [47.54190030495528, -18.893117499972618], [47.54176158183162, -18.892929271868354], [47.54136177292759, -18.892531724759237], [47.54117175337376, -18.89267826389073], [47.54090468530313, -18.892723461118806], [47.54063771256057, -18.89278320218301], [47.54037960623401, -18.893031934875864], [47.540113387123256, -18.893208004145947], [47.53989295339727, -18.89337653260077], [47.53982458333792, -18.89343510274773], [47.53972419381654, -18.89326846107059], [47.53967257902639, -18.89313424894641], [47.53960032389597, -18.893014705664086], [47.53947796483624, -18.8929936129648], [47.539379781351954, -18.893016479127084], [47.53930753071802, -18.892991174003384], [47.5392112897693, -18.892971727063525], [47.53915691316121, -18.8929234469594], [47.53906065512518, -18.892901140175354], [47.53900530634985, -18.892902081765612], [47.53896777044639, -18.892935993401352], [47.53884802211866, -18.89299673271296], [47.53874866681764, -18.892960152788703], [47.53865253738485, -18.892957857718898], [47.538577414316364, -18.89295258319504], [47.53854133621371, -18.89294707574686], [47.538487274368265, -18.89294739320752], [47.53844489291754, -18.892896183112327], [47.5384311233978, -18.892833733290104], [47.538414023688404, -18.89276771405872], [47.53845396977505, -18.892682227202897], [47.53844707916943, -18.892596634227232], [47.53847821639664, -18.89251323020136], [47.53848159155223, -18.892476867913047], [47.53848966476636, -18.892389896276654], [47.53846814129179, -18.892312833370454], [47.53848248098177, -18.89228566665014], [47.53854231917268, -18.892172310703472], [47.53849967691872, -18.89208107717991], [47.53843311899328, -18.892007136719883], [47.53835404340441, -18.89198566810404], [47.53829280586848, -18.89192170202483], [47.53815694438765, -18.89181314755865], [47.53806212706564, -18.89178154268393], [47.53790661539807, -18.89176958979465], [47.53773739536456, -18.891727701172385], [47.537657055328964, -18.891747320782144], [47.537572652156314, -18.891681495804335], [47.53753419085035, -18.891655991930406], [47.53745935556486, -18.89157924108906], [47.53734190230705, -18.89153061384667], [47.53721512577749, -18.89143188627247], [47.53696652978164, -18.89116459876709], [47.53688478680357, -18.89104397989564], [47.53676481994063, -18.89088766513362], [47.53670525784156, -18.890595261362137], [47.53665779881851, -18.890390613435954], [47.53646538796738, -18.889935952182327], [47.5363454399901, -18.889649581962544], [47.53605302812491, -18.88951528889936], [47.535947582614995, -18.889471419070617], [47.535921448316344, -18.889460545367797], [47.535926512398646, -18.889349335203633], [47.535941392581265, -18.88915742887218], [47.53594054901731, -18.88902699390053], [47.53594017669786, -18.888969450779427], [47.53587905337565, -18.888866225695665], [47.5358821407483, -18.88872042310902], [47.535953350866635, -18.888669322730948], [47.53604333882913, -18.888649375767955], [47.53611290408742, -18.88862630905686], [47.536174051691205, -18.888616238448606], [47.53623685674569, -18.888599686426346], [47.53629466696543, -18.8885993473819], [47.536337173421884, -18.888599098269708], [47.536393240755615, -18.888592293999125], [47.53643233698284, -18.888590446791568], [47.53647820240718, -18.888583703674954], [47.536534105165, -18.888570817289292], [47.53652507597161, -18.888421250140482], [47.53653705314247, -18.888362367029572], [47.536544605649226, -18.888325225029007], [47.53656393927457, -18.888198509653478], [47.53656747181151, -18.888121762409355], [47.53658036898889, -18.887998763032442], [47.536694546915896, -18.88793952828655], [47.53678318229811, -18.887901479769425], [47.53692786432964, -18.88787709375282], [47.53710414224241, -18.887822257591097], [47.537227760352835, -18.88781817107167], [47.53733713679958, -18.887797352665586], [47.53743951472194, -18.887786664223086], [47.537616119987945, -18.88778226384028], [47.53763408034865, -18.88787149727176], [47.53762440634142, -18.88797052162215], [47.537751640625686, -18.887979862880343], [47.537853998763126, -18.887965811872675], [47.537974170671475, -18.887975193600255], [47.538006507594275, -18.88805906977018], [47.538059974988016, -18.888132733238933], [47.5381062900733, -18.88819298871539], [47.53818093110516, -18.88826316641189], [47.538255289749884, -18.88828962896315], [47.5383508202342, -18.88831260664142], [47.53854346400982, -18.88834378973405], [47.53866957773886, -18.888452912571836], [47.53871936960337, -18.88846122860275], [47.538787813407055, -18.888527723575464], [47.53886752481645, -18.88858336373113], [47.53895645697497, -18.888662685734232], [47.53903943742023, -18.88875132201582], [47.53909309726873, -18.888756833061336], [47.539230103586476, -18.8887438396564], [47.53958724505543, -18.888571233675407], [47.53975177422507, -18.88852934415388], [47.54003151734065, -18.88857544070396], [47.540289453695436, -18.88857392264839], [47.54056888834367, -18.88857227778834], [47.54070484605188, -18.888544197356737], [47.540802314575274, -18.888377765221662], [47.540833196395, -18.888245945294045], [47.54090329315255, -18.888208834769785], [47.54102827373595, -18.888262062044475], [47.541190896342925, -18.88832695622392]]]}}, {"type": "Feature", "properties": {"fokontany": "Amboditsiry", "arrondissement": "5e Arrondissement", "pcode": "MG11101005011"}, "geometry": {"type": "Polygon", "coordinates": [[[47.54201741017539, -18.88138382040688], [47.54225236435525, -18.881330100303842], [47.5426482971813, -18.881237694064282], [47.54296617514899, -18.881256680551246], [47.54332281119895, -18.881338017935093], [47.54364065589169, -18.881351788354323], [47.54427073260837, -18.881358499095427], [47.544709269917064, -18.881397630396293], [47.54487379099277, -18.88142273407186], [47.5451422296303, -18.88142114766771], [47.54534520032087, -18.88146166842114], [47.545581210304704, -18.88152806896511], [47.54595373557646, -18.881525867424784], [47.546189303993344, -18.881524474374885], [47.546414017592895, -18.881538788883972], [47.546606031842884, -18.881579374388593], [47.54670970928572, -18.881608664408247], [47.54691339763531, -18.881666210227365], [47.54711629997735, -18.881696298845043], [47.54730824677836, -18.881726452213968], [47.5474107002438, -18.881648409946138], [47.54613250461142, -18.883670681256888], [47.54661663664865, -18.883755827269567], [47.54628128935008, -18.884004754215994], [47.546537439651274, -18.88428121390683], [47.54693333290703, -18.884600002887737], [47.54645487019616, -18.884596821985724], [47.54634116801054, -18.88474071980835], [47.54624882742149, -18.884864032149324], [47.5461924444258, -18.8850075909275], [47.54616512212277, -18.885212361161507], [47.546137083959366, -18.88530801215495], [47.5459943219804, -18.885390697622483], [47.545968236245244, -18.88559303788827], [47.54591844707886, -18.885841285846595], [47.54586197505017, -18.88597120640594], [47.54565682260443, -18.88590283724602], [47.54548389376674, -18.88607932829825], [47.54531123832305, -18.8861030236356], [47.54511610702275, -18.886129802748144], [47.54452563914691, -18.88681541619843], [47.54410301534199, -18.886901151267068], [47.544028431866764, -18.887182407941737], [47.543354568958364, -18.887052982009436], [47.543153205356305, -18.887017067583542], [47.54262366744837, -18.887122494207688], [47.54213698763192, -18.88720720674712], [47.54212452122982, -18.887493730751032], [47.54214681362458, -18.88761636590249], [47.542016667335474, -18.88803333566983], [47.54175544755594, -18.888022310880842], [47.54136111822112, -18.88817186993583], [47.541190896342925, -18.88832695622392], [47.54102827373595, -18.888262062044475], [47.54090329315255, -18.888208834769785], [47.540833196395, -18.888245945294045], [47.540802314575274, -18.888377765221662], [47.54070484605188, -18.888544197356737], [47.54056888834367, -18.88857227778834], [47.540289453695436, -18.88857392264839], [47.54003151734065, -18.88857544070396], [47.53975177422507, -18.88852934415388], [47.53958724505543, -18.888571233675407], [47.539230103586476, -18.8887438396564], [47.53909309726873, -18.888756833061336], [47.53903943742023, -18.88875132201582], [47.53895645697497, -18.888662685734232], [47.53886752481645, -18.88858336373113], [47.538787813407055, -18.888527723575464], [47.53871936960337, -18.88846122860275], [47.53866957773886, -18.888452912571836], [47.53854346400982, -18.88834378973405], [47.5383508202342, -18.88831260664142], [47.538255289749884, -18.88828962896315], [47.53818093110516, -18.88826316641189], [47.5381062900733, -18.88819298871539], [47.538059974988016, -18.888132733238933], [47.538006507594275, -18.88805906977018], [47.537974170671475, -18.887975193600255], [47.537853998763126, -18.887965811872675], [47.537751640625686, -18.887979862880343], [47.53762440634142, -18.88797052162215], [47.53763408034865, -18.88787149727176], [47.537616119987945, -18.88778226384028], [47.53743951472194, -18.887786664223086], [47.53733713679958, -18.887797352665586], [47.537227760352835, -18.88781817107167], [47.53710414224241, -18.887822257591097], [47.53692786432964, -18.88787709375282], [47.53678318229811, -18.887901479769425], [47.536694546915896, -18.88793952828655], [47.53658036898889, -18.887998763032442], [47.53640848066698, -18.887964525842108], [47.53631706188298, -18.88788176033495], [47.53625618767296, -18.887837260980746], [47.53614783735293, -18.88773857477537], [47.53606653684136, -18.88765895239868], [47.53602909806449, -18.88762454073992], [47.535805865648285, -18.88727304971144], [47.53577652256848, -18.887144313559133], [47.53557572284143, -18.887036875151637], [47.535577227407146, -18.886921827580238], [47.53552620257233, -18.886885360071233], [47.53538592182298, -18.886829208201334], [47.53532007975804, -18.886787983278737], [47.53529617218078, -18.886698231837897], [47.535509933836465, -18.886394833854467], [47.5353083939674, -18.886205340404103], [47.53524978604884, -18.886196884078856], [47.535120647899646, -18.88602191108231], [47.53496093639819, -18.885849493958915], [47.534945070558706, -18.885779184062073], [47.534886236910495, -18.885735527372617], [47.53481811866135, -18.885686055666838], [47.53465736214764, -18.885607793964482], [47.53466014015339, -18.885560843957762], [47.53458280655144, -18.885516214201857], [47.53439439678402, -18.88545092791793], [47.53444606463427, -18.885339154778137], [47.534465915369765, -18.885241572040854], [47.53445562172965, -18.88510865763834], [47.53442296015152, -18.885101678899332], [47.5341822700957, -18.885053218031544], [47.53407579396276, -18.88503325218278], [47.534000224830606, -18.885019081565304], [47.53376419236366, -18.884898074186708], [47.533585894573434, -18.88475764414983], [47.5333933641125, -18.884640116248306], [47.53317712842181, -18.884563799779414], [47.53279842121026, -18.884570575271766], [47.53257327323803, -18.884599272638297], [47.532357212915144, -18.884550335129745], [47.53212641899904, -18.884446720639517], [47.53193377162637, -18.884310937399732], [47.53182262441476, -18.884174678418617], [47.53174456595906, -18.883965205629693], [47.53167580109749, -18.883710044582813], [47.531679508102854, -18.883541168989666], [47.53177380201953, -18.88329418278022], [47.532008683354206, -18.882544379319597], [47.5320410310689, -18.882419486869765], [47.53212203120688, -18.882382728879804], [47.53235606178299, -18.882250482673612], [47.532618911133966, -18.882145336637848], [47.53288731110058, -18.88201289078222], [47.533133044554404, -18.881918748851092], [47.533355791336874, -18.88181383573982], [47.533870135198754, -18.881619964389813], [47.53412739256527, -18.8815366601886], [47.53437906334318, -18.881475203217974], [47.53457931898049, -18.88143585877782], [47.53488855626199, -18.881417687975897], [47.535192100834934, -18.881405004837006], [47.53542690212993, -18.88139272279585], [47.535701770020694, -18.881374753442003], [47.536389164128764, -18.881365270990386], [47.53680158692384, -18.881357400123875], [47.53715282794076, -18.88135533977703], [47.53751175456392, -18.881325967918997], [47.53788397136833, -18.881301970409538], [47.53825042441758, -18.881272552686085], [47.53851945390977, -18.88123825344252], [47.538839974085704, -18.881192744149757], [47.53925000018745, -18.88113333673408], [47.53958412440801, -18.881090057759877], [47.53991406768017, -18.881071913937603], [47.540280696996604, -18.881069757363377], [47.54059573220735, -18.88106245127102], [47.54089382958665, -18.881093414029806], [47.54139267723036, -18.88116137040089], [47.54178820356293, -18.881250920393597], [47.54185450877867, -18.881346313281654], [47.54201741017539, -18.88138382040688]]]}}, {"type": "Feature", "properties": {"fokontany": "Ambohidahy", "arrondissement": "5e Arrondissement", "pcode": "MG11101005021"}, "geometry": {"type": "Polygon", "coordinates": [[[47.56034475800425, -18.895076484192373], [47.56040769705771, -18.89506404926641], [47.56050852185081, -18.895041017628785], [47.56063959534123, -18.895011400255896], [47.56077752796068, -18.895000961824906], [47.56085493890447, -18.895000497774674], [47.5610029052599, -18.894980388034412], [47.561042250599485, -18.894972500080712], [47.561082303705405, -18.89496446913489], [47.56116761429405, -18.89494736402952], [47.561251482370096, -18.89490521280527], [47.56128361964352, -18.89488307059719], [47.561188123333295, -18.895103521410363], [47.56095933220752, -18.89536951479124], [47.560555867559344, -18.895881813594713], [47.56025990786861, -18.896245024588097], [47.56001759723449, -18.896517552443072], [47.559780947832564, -18.896774891647908], [47.55963106682043, -18.896755425822164], [47.55938999814998, -18.896695783683413], [47.55918707332495, -18.89674281283044], [47.55885599420884, -18.896821154572535], [47.55849245766092, -18.89684369068374], [47.558080988147196, -18.896897059151854], [47.557541938110035, -18.897068271183684], [47.5571687824135, -18.89708758592326], [47.55694774344374, -18.897024001156694], [47.55680730531293, -18.89701720318135], [47.556626326643766, -18.89694574395088], [47.55650592001223, -18.896935008743583], [47.55647561735583, -18.896932568882846], [47.55632933093392, -18.896920792260687], [47.556180944594985, -18.896925496614358], [47.55600798967703, -18.896853987021814], [47.55585060112435, -18.896828098238075], [47.555695686606725, -18.896904787925564], [47.555522240659, -18.89706331232196], [47.55541666564676, -18.897200002977627], [47.55533313931301, -18.89722844044013], [47.55511602138745, -18.897215239291768], [47.55497148144883, -18.89721905871255], [47.55480980582803, -18.89703294491443], [47.55470413638682, -18.896823588138034], [47.55456276835719, -18.896675530950915], [47.55448504534871, -18.896597253960067], [47.554449703790965, -18.896561665088655], [47.55421315331449, -18.896371706688797], [47.554106524296685, -18.896423250432576], [47.55395206483604, -18.896520890726492], [47.55382421361662, -18.89659801298785], [47.55371267340132, -18.896715760324014], [47.55346969457088, -18.896866224996188], [47.55323352720558, -18.89703855578466], [47.55304775065321, -18.897174116891904], [47.55297112122042, -18.897254018957767], [47.55286377544303, -18.897077053962846], [47.55274747331737, -18.89681599336336], [47.55234801424962, -18.896185798835518], [47.55222958702586, -18.895955783732404], [47.552179758289356, -18.895865061023642], [47.55217868359949, -18.895701468947607], [47.55227486069634, -18.895515487349826], [47.55257541772147, -18.895044723734884], [47.55324999918827, -18.89476666864681], [47.553469980555235, -18.894564421011182], [47.553395404274625, -18.894465747396282], [47.55338904157105, -18.894408790633065], [47.55341267485517, -18.89436020386023], [47.553484021670386, -18.894282835184583], [47.553462598020474, -18.894211720394537], [47.55348300993302, -18.894128953988], [47.55358738435041, -18.894065637219285], [47.55365326778423, -18.894068095066473], [47.55374301023181, -18.894056161062906], [47.553756480277514, -18.89400798977681], [47.55377606931029, -18.89394809672723], [47.55380524871339, -18.893834117550455], [47.55381902542774, -18.893752215392396], [47.5538271427086, -18.893684241034805], [47.55384812209326, -18.893618908885514], [47.55390092938438, -18.8936185941227], [47.5539653559166, -18.893583196806958], [47.553995315031955, -18.89350875182737], [47.55401756695727, -18.89341986373563], [47.55403626296322, -18.89336903405365], [47.55399869918074, -18.89332794942527], [47.55396057422121, -18.89332041130791], [47.55391475736013, -18.893311349738894], [47.55391338859209, -18.89310332575775], [47.55388578839853, -18.893003750122887], [47.553881933004845, -18.89287268382725], [47.55389942661742, -18.89280133521339], [47.55386322081108, -18.892758802676497], [47.5537902534175, -18.892567702137626], [47.55390614725093, -18.89252092570007], [47.554249272785796, -18.892426175827325], [47.554437898390404, -18.892359615203986], [47.55459254221222, -18.892353239909994], [47.55471958044444, -18.89237852884594], [47.55497035909491, -18.892437964140697], [47.55512622959185, -18.892486387236943], [47.55536659319375, -18.892446782892648], [47.55542106243212, -18.892422190031994], [47.555891930368375, -18.892181892979863], [47.55609727167183, -18.892044336277024], [47.55636613658811, -18.891982748005375], [47.55672680609729, -18.8919424206062], [47.55704157241075, -18.89189146232104], [47.55740234893943, -18.89186749358987], [47.55763701713471, -18.89183337241218], [47.55787139934574, -18.891755626021222], [47.558054399690946, -18.891705451944972], [47.5582491469807, -18.891698834733404], [47.55842108386605, -18.891708712886725], [47.55874860256603, -18.891853991168716], [47.55886125884001, -18.891932509177877], [47.55892702806, -18.891978346723192], [47.55908343455286, -18.89212536069681], [47.559157625024454, -18.89219509502749], [47.55923811704565, -18.892336597955534], [47.55929674115174, -18.892439655765372], [47.55937860284041, -18.89269001533188], [47.559437729667536, -18.89296777364376], [47.5595261492125, -18.89334351579049], [47.55956971237248, -18.89386676114208], [47.55954787683305, -18.894030489015734], [47.559429336294954, -18.894298405147254], [47.5593160531933, -18.894495398943377], [47.55923152231696, -18.89470857963721], [47.55928333315933, -18.894916669268753], [47.55942857996507, -18.895050950640837], [47.559675539194814, -18.89514217786916], [47.559973518762945, -18.89515129879328], [47.56029401825441, -18.89510030003879], [47.56034475800425, -18.895076484192373]]]}}, {"type": "Feature", "properties": {"fokontany": "Nanisana Iadiambola", "arrondissement": "5e Arrondissement", "pcode": "MG11101005019"}, "geometry": {"type": "Polygon", "coordinates": [[[47.55324137468983, -18.88474845038064], [47.55329548869588, -18.884980690406508], [47.553315021071455, -18.885007722228522], [47.55347866980492, -18.885234222781037], [47.553395201927174, -18.885616654984574], [47.553385925420116, -18.885752213393857], [47.5533690514406, -18.885998745445704], [47.55342909827442, -18.886055191393893], [47.553570922260405, -18.88618851228989], [47.55368729183516, -18.886451536109405], [47.553640959662744, -18.886670058776133], [47.55361483705519, -18.887045809016854], [47.553597318261666, -18.887297783765632], [47.55360842488892, -18.887534154377704], [47.55350411702153, -18.887652992591484], [47.55359158958032, -18.887879815101314], [47.553669151610165, -18.888052133299254], [47.5521200936675, -18.888757946422004], [47.55216866605127, -18.888904399218575], [47.55223895796172, -18.888906139406743], [47.55229667914847, -18.889007174641335], [47.55230965636565, -18.889038071749496], [47.55234925531391, -18.88927854237079], [47.5525666664185, -18.889650002845315], [47.55261867241393, -18.889794240611593], [47.55267028720408, -18.889886188196954], [47.552731725288936, -18.890091932396672], [47.55276243174086, -18.890194769872664], [47.5528978057892, -18.890515147056362], [47.55296863639353, -18.890656477314508], [47.553049041180316, -18.89081503408653], [47.553103371023894, -18.890945587768613], [47.55340571590119, -18.891619985773673], [47.5535691829715, -18.892084353410098], [47.5537902534175, -18.892567702137626], [47.55370914985741, -18.892762053725733], [47.553753806592965, -18.8928941371546], [47.55369958736617, -18.892923233820113], [47.553608059764315, -18.893103119813077], [47.553466594607755, -18.893348591564177], [47.55341322793822, -18.893367855042356], [47.55335293379096, -18.893389618635865], [47.553294678406814, -18.89339501097089], [47.553249953322734, -18.893443193948144], [47.553282441331646, -18.893520079687903], [47.553376450163114, -18.893742552176946], [47.55313334542768, -18.893842356239645], [47.55268333276956, -18.8939000027828], [47.55260924392144, -18.89392113415289], [47.552624107017095, -18.8939456910407], [47.552728011988336, -18.89411734194175], [47.55254437582232, -18.894233526256187], [47.55216305158365, -18.894294486801073], [47.55209999921567, -18.89435000285033], [47.55198647689451, -18.8944135786237], [47.55181348780235, -18.89446138838224], [47.55178286768523, -18.894525582889287], [47.551648481092684, -18.89454361699427], [47.55152199774216, -18.894583760931766], [47.55137962606892, -18.894567372586152], [47.551204325719084, -18.894557998053074], [47.5510743449052, -18.894558770570768], [47.550980951209965, -18.894566586578605], [47.55092630300646, -18.894571158731935], [47.55085379336799, -18.894577345168273], [47.55076010289662, -18.894573388151287], [47.550691347927454, -18.894593971834297], [47.55072498167266, -18.89475650181106], [47.5506131177014, -18.894754291277422], [47.550510720893215, -18.894796658339033], [47.55046319711897, -18.89487172475026], [47.55039622730402, -18.89486519657146], [47.55035029712866, -18.89485938874975], [47.55028118512877, -18.89485064733941], [47.5501880153646, -18.89484288978747], [47.55010279111099, -18.894937570412424], [47.55010303123004, -18.89497418990686], [47.55010327314761, -18.89501096678265], [47.54993205212253, -18.8950826121727], [47.54992270726717, -18.895021839586207], [47.54992829025849, -18.894952455091698], [47.54991759642013, -18.894874965007546], [47.549906821642594, -18.894785010319936], [47.54989631216523, -18.89473521575752], [47.54987707926392, -18.894686859211106], [47.54984752844081, -18.894617790378675], [47.54982072144918, -18.89452377615123], [47.549848261388206, -18.894445995586125], [47.54985503957846, -18.894396252285105], [47.54968617477721, -18.894460554710804], [47.54952033619469, -18.8945248400492], [47.54938506287044, -18.89464073388274], [47.549291470425146, -18.89465855304968], [47.549204675055876, -18.894791424284676], [47.54916637562792, -18.894944148953243], [47.54915052507681, -18.894970046730236], [47.549088612149774, -18.89507121056789], [47.549027591350296, -18.894985254265976], [47.54898196784359, -18.894872394745164], [47.54905357006618, -18.894798074771245], [47.54899889578246, -18.894758117892707], [47.549071085262426, -18.894703020028317], [47.54904348506881, -18.89464032379186], [47.54884790680558, -18.894782031765317], [47.54885076395175, -18.894875956959766], [47.54885175860176, -18.894908610443963], [47.548760370394916, -18.894962519404714], [47.548667948866864, -18.894998895182823], [47.54853188413921, -18.89499394891152], [47.54836596911423, -18.895046722927873], [47.548323364631756, -18.89500374792459], [47.54818899332747, -18.895024240776024], [47.54807715363779, -18.895089015345718], [47.547947822134404, -18.895103762428676], [47.54784199800986, -18.895138857572135], [47.54781374041198, -18.89516856937388], [47.547510540279404, -18.89509921635573], [47.54745705579859, -18.895023874751985], [47.54736924329603, -18.89496639008678], [47.547240895650816, -18.894807241560898], [47.54688996759802, -18.895024721913273], [47.546599498268336, -18.89528819629311], [47.54641267400581, -18.895493102324792], [47.54595094498029, -18.895990046103634], [47.545781280681695, -18.896329148971006], [47.54561187179047, -18.89673887469928], [47.54547727655512, -18.896612346382597], [47.54532480009948, -18.8964194939644], [47.54503866640141, -18.896244039830492], [47.54485205437885, -18.89616764242271], [47.544636325905685, -18.896085877860912], [47.54395000019247, -18.895800003167494], [47.543860292818295, -18.89570295462761], [47.54373689773979, -18.89550992864025], [47.54361881405708, -18.89523937209924], [47.54350687094541, -18.895018599328864], [47.54340135618776, -18.894891899241657], [47.5433254992725, -18.894853596216365], [47.54312696673617, -18.894732979143612], [47.54302141060964, -18.894711353146363], [47.542958389718024, -18.894709099445265], [47.542999998651055, -18.894683336566686], [47.543041040111916, -18.894464884946444], [47.54303843567544, -18.894064998700628], [47.54300546832786, -18.89369437369635], [47.54292784874133, -18.893505786762546], [47.542895070251404, -18.89316424493387], [47.542932175379576, -18.892996793866814], [47.543045286710765, -18.89277072588817], [47.543172965260226, -18.89243550809215], [47.54319412810668, -18.89216635719157], [47.54305388692745, -18.891745469078046], [47.54293105482441, -18.891651669788644], [47.542879663066174, -18.891531094983918], [47.54275839578338, -18.891384572040295], [47.54253895760695, -18.89111865779978], [47.5424833336391, -18.89106666979086], [47.542433333131896, -18.891000003947], [47.542245613144644, -18.890940431055924], [47.54210790805354, -18.890908523109772], [47.541924440960315, -18.890887792837248], [47.541775490746375, -18.890888670575578], [47.5416500002475, -18.890950003439798], [47.5415205005707, -18.890881992210154], [47.54139762170291, -18.89078092280124], [47.541266727177856, -18.89062173290654], [47.54119698655177, -18.890469451603792], [47.54111980043842, -18.890346300241504], [47.541066665794006, -18.890250004434108], [47.54100143167085, -18.89012624602941], [47.54075285905736, -18.889784155614223], [47.540666667133166, -18.889683336216933], [47.54063333376138, -18.889650003744634], [47.54063078058613, -18.88951221411736], [47.54103621834696, -18.889308056321624], [47.54100413683159, -18.88900136412161], [47.540981115985744, -18.888763058168536], [47.54098019508007, -18.888621279148595], [47.541070826957196, -18.88846260096824], [47.541190896342925, -18.88832695622392], [47.54136111822112, -18.88817186993583], [47.54175544755594, -18.888022310880842], [47.542016667335474, -18.88803333566983], [47.54214681362458, -18.88761636590249], [47.54212452122982, -18.887493730751032], [47.54213698763192, -18.88720720674712], [47.54262366744837, -18.887122494207688], [47.543153205356305, -18.887017067583542], [47.543354568958364, -18.887052982009436], [47.544028431866764, -18.887182407941737], [47.54410301534199, -18.886901151267068], [47.54452563914691, -18.88681541619843], [47.54511610702275, -18.886129802748144], [47.54531123832305, -18.8861030236356], [47.54548389376674, -18.88607932829825], [47.54565682260443, -18.88590283724602], [47.54586197505017, -18.88597120640594], [47.54591844707886, -18.885841285846595], [47.545968236245244, -18.88559303788827], [47.5459943219804, -18.885390697622483], [47.546137083959366, -18.88530801215495], [47.54616512212277, -18.885212361161507], [47.5461924444258, -18.8850075909275], [47.54624882742149, -18.884864032149324], [47.54634116801054, -18.88474071980835], [47.54645487019616, -18.884596821985724], [47.54693333290703, -18.884600002887737], [47.546537439651274, -18.88428121390683], [47.54628128935008, -18.884004754215994], [47.54661663664865, -18.883755827269567], [47.54683532479055, -18.88377262390742], [47.547047759946224, -18.883715836216766], [47.547354772305084, -18.88360641390483], [47.54777485912251, -18.88350230119022], [47.548352374062915, -18.883463014306585], [47.54862865029202, -18.883455397048863], [47.548811157808814, -18.88351409489951], [47.5491002268941, -18.883542271558554], [47.54943345179248, -18.883600074583683], [47.54993693903867, -18.883764469754396], [47.55019605890112, -18.88401400823983], [47.55058272511286, -18.884220392756845], [47.5513062449873, -18.884433618416665], [47.55205763844941, -18.884528658770478], [47.55302807618489, -18.884694761753735], [47.55324137468983, -18.88474845038064]]]}}, {"type": "Feature", "properties": {"fokontany": "Ambatokaranana", "arrondissement": "5e Arrondissement", "pcode": "MG11101005022"}, "geometry": {"type": "Polygon", "coordinates": [[[47.54992270726717, -18.895021839586207], [47.54965000044717, -18.895366669336283], [47.549616666176235, -18.8955833358022], [47.54960752366833, -18.895896702770585], [47.54962076888353, -18.89616928728276], [47.54962774762254, -18.896360106333816], [47.5497201358757, -18.896579389826854], [47.54984137617862, -18.89672045478511], [47.54983052585817, -18.89681322525007], [47.54957411115646, -18.89702742127838], [47.54944885627975, -18.897148136377268], [47.549301470886235, -18.897388951438927], [47.549176752904884, -18.89759146077722], [47.549034118629834, -18.897644150257292], [47.548936701367836, -18.89768013572956], [47.5487307386328, -18.897724983121407], [47.54847403524872, -18.897754604991007], [47.54832991619287, -18.8977600791643], [47.54810755072299, -18.897924995042388], [47.54779362617495, -18.898106810980437], [47.54754827223513, -18.898260955678495], [47.54732644905641, -18.898399282201012], [47.54720557477748, -18.898314109208684], [47.54711005508506, -18.89816334865958], [47.54702702517716, -18.89795116441468], [47.54695728634982, -18.897800250980765], [47.54687487067889, -18.89768213132527], [47.546779351885675, -18.897531369876788], [47.5467182861201, -18.897392674632158], [47.546532588708146, -18.897250626714992], [47.54643333233258, -18.897200002078364], [47.54633004969219, -18.897161848340545], [47.54615000002258, -18.897083335727245], [47.546081496863735, -18.89706428628773], [47.54597255838701, -18.897033086107967], [47.545863372596614, -18.89701418685513], [47.5458693611821, -18.896980928127277], [47.545734548310804, -18.89682118604884], [47.54561187179047, -18.89673887469928], [47.545781280681695, -18.896329148971006], [47.54595094498029, -18.895990046103634], [47.54641267400581, -18.895493102324792], [47.546599498268336, -18.89528819629311], [47.54688996759802, -18.895024721913273], [47.547240895650816, -18.894807241560898], [47.54736924329603, -18.89496639008678], [47.54745705579859, -18.895023874751985], [47.547510540279404, -18.89509921635573], [47.54781374041198, -18.89516856937388], [47.54784199800986, -18.895138857572135], [47.547947822134404, -18.895103762428676], [47.54807715363779, -18.895089015345718], [47.54818899332747, -18.895024240776024], [47.548323364631756, -18.89500374792459], [47.54836596911423, -18.895046722927873], [47.54853188413921, -18.89499394891152], [47.548667948866864, -18.894998895182823], [47.548760370394916, -18.894962519404714], [47.54885175860176, -18.894908610443963], [47.54885076395175, -18.894875956959766], [47.54884790680558, -18.894782031765317], [47.54904348506881, -18.89464032379186], [47.549071085262426, -18.894703020028317], [47.54899889578246, -18.894758117892707], [47.54905357006618, -18.894798074771245], [47.54898196784359, -18.894872394745164], [47.549027591350296, -18.894985254265976], [47.549088612149774, -18.89507121056789], [47.54915052507681, -18.894970046730236], [47.54916637562792, -18.894944148953243], [47.549204675055876, -18.894791424284676], [47.549291470425146, -18.89465855304968], [47.54938506287044, -18.89464073388274], [47.54952033619469, -18.8945248400492], [47.54968617477721, -18.894460554710804], [47.54985503957846, -18.894396252285105], [47.549848261388206, -18.894445995586125], [47.54982072144918, -18.89452377615123], [47.54984752844081, -18.894617790378675], [47.54987707926392, -18.894686859211106], [47.54989631216523, -18.89473521575752], [47.549906821642594, -18.894785010319936], [47.54991759642013, -18.894874965007546], [47.54992829025849, -18.894952455091698], [47.54992270726717, -18.895021839586207]]]}}, {"type": "Feature", "properties": {"fokontany": "Ambohimirary", "arrondissement": "5e Arrondissement", "pcode": "MG11101005023"}, "geometry": {"type": "Polygon", "coordinates": [[[47.55374301023181, -18.894056161062906], [47.55365326778423, -18.894068095066473], [47.55358738435041, -18.894065637219285], [47.55348300993302, -18.894128953988], [47.553462598020474, -18.894211720394537], [47.553484021670386, -18.894282835184583], [47.55341267485517, -18.89436020386023], [47.55338904157105, -18.894408790633065], [47.553395404274625, -18.894465747396282], [47.553469980555235, -18.894564421011182], [47.55324999918827, -18.89476666864681], [47.55257541772147, -18.895044723734884], [47.55227486069634, -18.895515487349826], [47.55217868359949, -18.895701468947607], [47.552179758289356, -18.895865061023642], [47.55222958702586, -18.895955783732404], [47.55234801424962, -18.896185798835518], [47.55274747331737, -18.89681599336336], [47.55286377544303, -18.897077053962846], [47.55297112122042, -18.897254018957767], [47.55275160660153, -18.897449026151605], [47.55269151120439, -18.89755655988722], [47.55258469872501, -18.8976785933923], [47.552581067262565, -18.89779979862169], [47.552525535025495, -18.89797548028406], [47.55247065659569, -18.89807089835324], [47.55245547693886, -18.898097292555974], [47.552357299749644, -18.898252994879726], [47.55232284762138, -18.898401571874956], [47.552347358643715, -18.89856012684828], [47.552404328896785, -18.898738089191397], [47.55240507713273, -18.89885189210105], [47.552358645135484, -18.89906461324125], [47.552433787089626, -18.89909794391491], [47.55248297820697, -18.8991066700367], [47.55248111391245, -18.899164296794822], [47.552443631968174, -18.89926054493816], [47.552428044918486, -18.899294926019934], [47.55237726020249, -18.899395379393127], [47.55233522409151, -18.89948098406012], [47.55230219828792, -18.89957293883998], [47.552260120808114, -18.899652143931178], [47.55221120578267, -18.899714318560825], [47.55219353590303, -18.899754967917318], [47.552251981943584, -18.899816386217196], [47.552328058293426, -18.899869044220907], [47.55243609295144, -18.89993289158957], [47.55244839657627, -18.899985930006608], [47.552393496562615, -18.900122829305076], [47.5524615761409, -18.90017173893449], [47.55255758056802, -18.900224279127144], [47.552548906606944, -18.900269262316556], [47.552509017177385, -18.900339917553083], [47.55249155234338, -18.900389612290724], [47.5522897498721, -18.90044103102872], [47.55207795773168, -18.90046919239927], [47.55151674660061, -18.900369410819565], [47.55139392618878, -18.90031633912764], [47.55120930796318, -18.900178449675593], [47.5510672321671, -18.900062724015413], [47.55096713762339, -18.89988398016152], [47.5508200571, -18.899723450276895], [47.5506310852565, -18.899639387048012], [47.550400012550654, -18.89960040863184], [47.550114737705144, -18.899521345633502], [47.54994908258419, -18.899661092185625], [47.549785072323346, -18.899792087434832], [47.54959262370062, -18.899896349436858], [47.54941898619734, -18.89999601500398], [47.54924950086382, -18.900010471605924], [47.54913333273714, -18.900016668834155], [47.549000000150045, -18.900866670260598], [47.54849999957543, -18.901500003422314], [47.5477166666908, -18.901966669725937], [47.547670826447586, -18.901970052975457], [47.54768047797177, -18.90193033801461], [47.54768198883289, -18.90187225080365], [47.5476860393793, -18.901685302434714], [47.547654555013764, -18.901529129765493], [47.54764990282081, -18.90146632291237], [47.54757174094317, -18.901161459933405], [47.547424313281624, -18.90085232877186], [47.5471891378686, -18.900466214743915], [47.54693106391761, -18.900135595181496], [47.54686666706317, -18.900033335969567], [47.54676687828896, -18.899931742256058], [47.54665015977713, -18.899871538940317], [47.54649793333306, -18.899717438309096], [47.5462690486778, -18.899403251159015], [47.546092399344786, -18.89907214776133], [47.54600396810878, -18.898889988282292], [47.545896135798216, -18.898409011066974], [47.54583501157663, -18.89795543439567], [47.545779560278675, -18.897479682241453], [47.545863372596614, -18.89701418685513], [47.54597255838701, -18.897033086107967], [47.546081496863735, -18.89706428628773], [47.54615000002258, -18.897083335727245], [47.54633004969219, -18.897161848340545], [47.54643333233258, -18.897200002078364], [47.546532588708146, -18.897250626714992], [47.5467182861201, -18.897392674632158], [47.546779351885675, -18.897531369876788], [47.54687487067889, -18.89768213132527], [47.54695728634982, -18.897800250980765], [47.54702702517716, -18.89795116441468], [47.54711005508506, -18.89816334865958], [47.54720557477748, -18.898314109208684], [47.54732644905641, -18.898399282201012], [47.54754827223513, -18.898260955678495], [47.54779362617495, -18.898106810980437], [47.54810755072299, -18.897924995042388], [47.54832991619287, -18.8977600791643], [47.54847403524872, -18.897754604991007], [47.5487307386328, -18.897724983121407], [47.548936701367836, -18.89768013572956], [47.549034118629834, -18.897644150257292], [47.549176752904884, -18.89759146077722], [47.549301470886235, -18.897388951438927], [47.54944885627975, -18.897148136377268], [47.54957411115646, -18.89702742127838], [47.54983052585817, -18.89681322525007], [47.54984137617862, -18.89672045478511], [47.5497201358757, -18.896579389826854], [47.54962774762254, -18.896360106333816], [47.54962076888353, -18.89616928728276], [47.54960752366833, -18.895896702770585], [47.549616666176235, -18.8955833358022], [47.54965000044717, -18.895366669336283], [47.54992270726717, -18.895021839586207], [47.54993205212253, -18.8950826121727], [47.55010327314761, -18.89501096678265], [47.55010303123004, -18.89497418990686], [47.55010279111099, -18.894937570412424], [47.5501880153646, -18.89484288978747], [47.55028118512877, -18.89485064733941], [47.55035029712866, -18.89485938874975], [47.55039622730402, -18.89486519657146], [47.55046319711897, -18.89487172475026], [47.550510720893215, -18.894796658339033], [47.5506131177014, -18.894754291277422], [47.55072498167266, -18.89475650181106], [47.550691347927454, -18.894593971834297], [47.55076010289662, -18.894573388151287], [47.55085379336799, -18.894577345168273], [47.55092630300646, -18.894571158731935], [47.550980951209965, -18.894566586578605], [47.5510743449052, -18.894558770570768], [47.551204325719084, -18.894557998053074], [47.55137962606892, -18.894567372586152], [47.55152199774216, -18.894583760931766], [47.551648481092684, -18.89454361699427], [47.55178286768523, -18.894525582889287], [47.55181348780235, -18.89446138838224], [47.55198647689451, -18.8944135786237], [47.55209999921567, -18.89435000285033], [47.55216305158365, -18.894294486801073], [47.55254437582232, -18.894233526256187], [47.552728011988336, -18.89411734194175], [47.552624107017095, -18.8939456910407], [47.55260924392144, -18.89392113415289], [47.55268333276956, -18.8939000027828], [47.55313334542768, -18.893842356239645], [47.553376450163114, -18.893742552176946], [47.553282441331646, -18.893520079687903], [47.553249953322734, -18.893443193948144], [47.553294678406814, -18.89339501097089], [47.55335293379096, -18.893389618635865], [47.55341322793822, -18.893367855042356], [47.553466594607755, -18.893348591564177], [47.553608059764315, -18.893103119813077], [47.55369958736617, -18.892923233820113], [47.553753806592965, -18.8928941371546], [47.55370914985741, -18.892762053725733], [47.5537902534175, -18.892567702137626], [47.55386322081108, -18.892758802676497], [47.55389942661742, -18.89280133521339], [47.553881933004845, -18.89287268382725], [47.55388578839853, -18.893003750122887], [47.55391338859209, -18.89310332575775], [47.55391475736013, -18.893311349738894], [47.55396057422121, -18.89332041130791], [47.55399869918074, -18.89332794942527], [47.55403626296322, -18.89336903405365], [47.55401756695727, -18.89341986373563], [47.553995315031955, -18.89350875182737], [47.5539653559166, -18.893583196806958], [47.55390092938438, -18.8936185941227], [47.55384812209326, -18.893618908885514], [47.5538271427086, -18.893684241034805], [47.55381902542774, -18.893752215392396], [47.55380524871339, -18.893834117550455], [47.55377606931029, -18.89394809672723], [47.553756480277514, -18.89400798977681], [47.55374301023181, -18.894056161062906]]]}}, {"type": "Feature", "properties": {"fokontany": "Ampanotokana", "arrondissement": "5e Arrondissement", "pcode": "MG11101005024"}, "geometry": {"type": "Polygon", "coordinates": [[[47.55480980582803, -18.89703294491443], [47.55497148144883, -18.89721905871255], [47.55511602138745, -18.897215239291768], [47.55533313931301, -18.89722844044013], [47.55541666564676, -18.897200002977627], [47.555522240659, -18.89706331232196], [47.555695686606725, -18.896904787925564], [47.55585060112435, -18.896828098238075], [47.55600798967703, -18.896853987021814], [47.556180944594985, -18.896925496614358], [47.55632933093392, -18.896920792260687], [47.55647561735583, -18.896932568882846], [47.55650592001223, -18.896935008743583], [47.556626326643766, -18.89694574395088], [47.55680730531293, -18.89701720318135], [47.55694774344374, -18.897024001156694], [47.5571687824135, -18.89708758592326], [47.557541938110035, -18.897068271183684], [47.558080988147196, -18.896897059151854], [47.55849245766092, -18.89684369068374], [47.55885599420884, -18.896821154572535], [47.55918707332495, -18.89674281283044], [47.55938999814998, -18.896695783683413], [47.55963106682043, -18.896755425822164], [47.559780947832564, -18.896774891647908], [47.56001759723449, -18.896517552443072], [47.56001598205199, -18.896638593995817], [47.559960198004774, -18.897066503116605], [47.55993228035061, -18.897257365335065], [47.55994416129414, -18.897444978302985], [47.559983694592006, -18.897552965296995], [47.56004519562936, -18.897771165107144], [47.560094666435816, -18.897887736130087], [47.5601170649507, -18.898065029377562], [47.56009722680568, -18.89827497071326], [47.56009864863387, -18.898490102036476], [47.55992117102528, -18.89889284183107], [47.55985210309217, -18.898964917996466], [47.55974461522186, -18.8990493562427], [47.560008920575285, -18.899559652256073], [47.560114420044556, -18.89972751701123], [47.56013483105767, -18.899788334563937], [47.560041717950924, -18.899892652323956], [47.560089560984636, -18.90045156208987], [47.56003192793111, -18.900565944162963], [47.55992826667625, -18.90062369682613], [47.559809075028966, -18.90075390876575], [47.559926733332134, -18.9009969667365], [47.55996372874313, -18.901145287425038], [47.560052620432145, -18.901274252904386], [47.56011780509266, -18.90144906582168], [47.56018044916857, -18.901513295402196], [47.560323319965335, -18.901664934589007], [47.560408614366224, -18.90185486421052], [47.56046164289057, -18.902006898199772], [47.56052242177242, -18.902120797336806], [47.560487340118755, -18.902261932442173], [47.5603760768945, -18.902380669931915], [47.56041221705027, -18.90239949723889], [47.560556301032534, -18.902402444317318], [47.560720111644, -18.902363374170363], [47.56080862741629, -18.90243521021671], [47.560890070020776, -18.902648012295856], [47.5608950037016, -18.902788907282115], [47.560888238101825, -18.902975578659948], [47.56085343343938, -18.903158608682816], [47.560866666963136, -18.903250003185008], [47.5606435496602, -18.90322661541586], [47.56047457424239, -18.903172915997175], [47.56037877126329, -18.90317349066396], [47.560233006448186, -18.903152478903735], [47.56010637740758, -18.903127706178623], [47.559991051046325, -18.90307368480262], [47.56000179974336, -18.902960549189913], [47.55995523464651, -18.90287328977041], [47.55988975141099, -18.90282261657046], [47.55978941674823, -18.90271744085709], [47.55969008842703, -18.90252916688752], [47.5596143727052, -18.902488586778816], [47.559499937572184, -18.902460547716032], [47.55947541036204, -18.902432754168217], [47.559391750029306, -18.902428982411493], [47.559328369408775, -18.902429361925442], [47.55926011266416, -18.902429771116942], [47.55922103262469, -18.9024184018877], [47.55919855676814, -18.902337329803856], [47.559132387349905, -18.90228435883597], [47.55900337420644, -18.902312974364236], [47.5589257204457, -18.902366805983263], [47.55883087974149, -18.902402177218676], [47.55873340402354, -18.90240739958176], [47.55854807623291, -18.902399230140304], [47.55842859770166, -18.902395302800926], [47.55831402677097, -18.902395988084322], [47.55815077733655, -18.902408566901784], [47.55796676255608, -18.902383554057735], [47.55791454162289, -18.902310003903494], [47.557858578610706, -18.902322650170106], [47.557802628188824, -18.90233734509235], [47.55775300989353, -18.902331486908565], [47.55772381520194, -18.902340370411707], [47.557692647397914, -18.9022389592605], [47.55767156369177, -18.902125391073866], [47.55764829283453, -18.902065057356424], [47.557577005374526, -18.90204613112394], [47.557558831874644, -18.901988184207255], [47.557591487157595, -18.901929932420387], [47.557600966011876, -18.901825859275903], [47.55764636109086, -18.901772370298545], [47.55764599416733, -18.901716734639535], [47.557584727853, -18.90167597916303], [47.55752867221054, -18.9016545429227], [47.55750760109504, -18.90158827817646], [47.557466951738604, -18.90163415439264], [47.55736467903682, -18.90165045100747], [47.557180700229196, -18.901621128612078], [47.556978857288584, -18.90159999544335], [47.556854680699075, -18.901551301651182], [47.5567747012916, -18.901540372190368], [47.55671081165474, -18.90152318974333], [47.556591690154505, -18.901437730766588], [47.556496682176316, -18.901413679297832], [47.556382261432304, -18.90138768889068], [47.55619756676441, -18.90116515704625], [47.55604410285315, -18.90110246980305], [47.55592231126565, -18.900939062087957], [47.55570800641942, -18.900802876851174], [47.55543931327384, -18.900591102697206], [47.55534356335494, -18.90045421059324], [47.55521146283877, -18.900241930120956], [47.55512268536381, -18.90026785667618], [47.555028893268855, -18.900331186035316], [47.554958443977114, -18.900362989660152], [47.554920169730224, -18.90027354938468], [47.55487745283227, -18.900224485071817], [47.5548063551293, -18.90015765824927], [47.55474554567047, -18.90011822207822], [47.554700713567115, -18.900089146996493], [47.554595858012476, -18.90015610871734], [47.55460854474859, -18.900255300341712], [47.554593103389095, -18.900347023096515], [47.554601676626135, -18.900430965816383], [47.55461030382253, -18.90052254557895], [47.55460468126108, -18.90058259241266], [47.554571402748195, -18.90066869620324], [47.55454478011768, -18.90073757797677], [47.554495947829764, -18.900860279678113], [47.5544492289489, -18.900961495676427], [47.55444963814034, -18.901023773728127], [47.55444337885888, -18.901101125316643], [47.55443027933404, -18.901167778570084], [47.55440585464652, -18.901228055630213], [47.5543701794403, -18.901292697100246], [47.55433446106662, -18.90139235457343], [47.55398685690801, -18.901399516774234], [47.553730342381584, -18.901431591094934], [47.55362956165504, -18.901559454904884], [47.55356103781173, -18.901712580671017], [47.55347535670245, -18.90177956307633], [47.5533480630628, -18.901744005681223], [47.553189811160905, -18.901697701387775], [47.55307885820281, -18.901638230120113], [47.5529724018549, -18.90157658339257], [47.55287519773225, -18.901549244901673], [47.55277343944283, -18.901515487949382], [47.552707906744615, -18.901500845187797], [47.552608403954764, -18.901467074745653], [47.552540515932094, -18.901437413305928], [47.552597957429896, -18.901304195831926], [47.5526138592424, -18.90126731733278], [47.55264733830421, -18.901211279676772], [47.55267833343851, -18.901120896012515], [47.552717176956264, -18.90104388886425], [47.552765255612144, -18.900957161843507], [47.552788602911676, -18.900888894307002], [47.552699999005824, -18.900850003125072], [47.552433332932026, -18.90075000211084], [47.55227213934785, -18.900679803729872], [47.552367104158634, -18.900579761346876], [47.55244935435428, -18.90047257744743], [47.55247820460551, -18.900427590660684], [47.55249155234338, -18.900389612290724], [47.552509017177385, -18.900339917553083], [47.552548906606944, -18.900269262316556], [47.55255758056802, -18.900224279127144], [47.5524615761409, -18.90017173893449], [47.552393496562615, -18.900122829305076], [47.55244839657627, -18.899985930006608], [47.55243609295144, -18.89993289158957], [47.552328058293426, -18.899869044220907], [47.552251981943584, -18.899816386217196], [47.55219353590303, -18.899754967917318], [47.55221120578267, -18.899714318560825], [47.552260120808114, -18.899652143931178], [47.55230219828792, -18.89957293883998], [47.55233522409151, -18.89948098406012], [47.55237726020249, -18.899395379393127], [47.552428044918486, -18.899294926019934], [47.552443631968174, -18.89926054493816], [47.55248111391245, -18.899164296794822], [47.55248297820697, -18.8991066700367], [47.552433787089626, -18.89909794391491], [47.552358645135484, -18.89906461324125], [47.55240507713273, -18.89885189210105], [47.552404328896785, -18.898738089191397], [47.552347358643715, -18.89856012684828], [47.55232284762138, -18.898401571874956], [47.552357299749644, -18.898252994879726], [47.55245547693886, -18.898097292555974], [47.55247065659569, -18.89807089835324], [47.552525535025495, -18.89797548028406], [47.552581067262565, -18.89779979862169], [47.55258469872501, -18.8976785933923], [47.55269151120439, -18.89755655988722], [47.55275160660153, -18.897449026151605], [47.55297112122042, -18.897254018957767], [47.55304775065321, -18.897174116891904], [47.55323352720558, -18.89703855578466], [47.55346969457088, -18.896866224996188], [47.55371267340132, -18.896715760324014], [47.55382421361662, -18.89659801298785], [47.55395206483604, -18.896520890726492], [47.554106524296685, -18.896423250432576], [47.55421315331449, -18.896371706688797], [47.554449703790965, -18.896561665088655], [47.55448504534871, -18.896597253960067], [47.55456276835719, -18.896675530950915], [47.55470413638682, -18.896823588138034], [47.55480980582803, -18.89703294491443]]]}}, {"type": "Feature", "properties": {"fokontany": "Tsarahonenana", "arrondissement": "5e Arrondissement", "pcode": "MG11101005025"}, "geometry": {"type": "Polygon", "coordinates": [[[47.55249155234338, -18.900389612290724], [47.55247820460551, -18.900427590660684], [47.55244935435428, -18.90047257744743], [47.552367104158634, -18.900579761346876], [47.55227213934785, -18.900679803729872], [47.552433332932026, -18.90075000211084], [47.552699999005824, -18.900850003125072], [47.552788602911676, -18.900888894307002], [47.552765255612144, -18.900957161843507], [47.552717176956264, -18.90104388886425], [47.55267833343851, -18.901120896012515], [47.55264733830421, -18.901211279676772], [47.5526138592424, -18.90126731733278], [47.552597957429896, -18.901304195831926], [47.552540515932094, -18.901437413305928], [47.552608403954764, -18.901467074745653], [47.552707906744615, -18.901500845187797], [47.55277343944283, -18.901515487949382], [47.55287519773225, -18.901549244901673], [47.5529724018549, -18.90157658339257], [47.55307885820281, -18.901638230120113], [47.553189811160905, -18.901697701387775], [47.5533480630628, -18.901744005681223], [47.55347535670245, -18.90177956307633], [47.55348264840569, -18.901845978908682], [47.55346502708937, -18.901900270980605], [47.553417552777944, -18.901971855216914], [47.553390960724414, -18.90202905389765], [47.553368437203744, -18.902120102160893], [47.553287925397626, -18.902309166634666], [47.55326163191876, -18.9024119969161], [47.553193369778285, -18.902512223660153], [47.55316984890948, -18.902580814952614], [47.55308920760092, -18.902621222391417], [47.55297545775119, -18.902639011880865], [47.552894741798866, -18.902668012318827], [47.5528048491646, -18.902668548314807], [47.55268555679305, -18.902655132228517], [47.55253813003071, -18.902664431218454], [47.55245132656762, -18.90267920887834], [47.55239450829998, -18.90269665932334], [47.55229862258341, -18.902697228594207], [47.552198155720475, -18.90264315415817], [47.55222766157743, -18.902773854429768], [47.552246102176014, -18.902964606930993], [47.55223957669523, -18.902999361231423], [47.55221842374135, -18.903112007612947], [47.55205979412432, -18.903385612855686], [47.551861274178634, -18.90369217285547], [47.5516683039491, -18.903971433934487], [47.55149999942557, -18.904250004334187], [47.551188305196206, -18.904741159177036], [47.55088827967052, -18.90519475383479], [47.55063544337111, -18.905482659197332], [47.550539009068075, -18.905630468171466], [47.550461194328705, -18.90599629439339], [47.550348930158975, -18.906351419582222], [47.55020780674505, -18.906673997406926], [47.549969888399744, -18.90710915776134], [47.54980524591542, -18.90727106091066], [47.54954215194891, -18.90755844466645], [47.54947660126419, -18.90756363465391], [47.54940443336801, -18.907569349845517], [47.549277577698206, -18.907620541954373], [47.54909196931902, -18.90738885770952], [47.54889474799427, -18.90724886384396], [47.54864504403366, -18.907088423891537], [47.5483210749577, -18.906911815927458], [47.54809372634452, -18.90683427907868], [47.54794530493194, -18.906818551734716], [47.547583334103706, -18.90670000310257], [47.54746882432693, -18.90666775701135], [47.5475466912269, -18.906567651675687], [47.54759318078078, -18.906339023327178], [47.54764354281531, -18.90603563973292], [47.54767225816829, -18.90575729506304], [47.54773088227455, -18.905383281413208], [47.547828767184, -18.905009033939734], [47.547853824994206, -18.904838659176733], [47.54785650317524, -18.90458122734168], [47.54785285462572, -18.904363346790944], [47.547841949446536, -18.90427868011693], [47.547824695952954, -18.904173361411438], [47.54773864971901, -18.90389075215643], [47.54767926298774, -18.903697082254496], [47.54763308100206, -18.9035757556166], [47.54757429681638, -18.903422816909426], [47.54755544432845, -18.903372331667754], [47.54751071294913, -18.903250123694193], [47.54750914722945, -18.903198678875867], [47.54750771101209, -18.903125446182344], [47.547507391752845, -18.903086888648886], [47.54750736207524, -18.903015912354363], [47.54750688903175, -18.902943587076777], [47.54751556569096, -18.90287513787723], [47.54752055243159, -18.902837787234034], [47.54753164916633, -18.90275003678471], [47.54754866433939, -18.90267145042702], [47.54755957221653, -18.90262256957584], [47.54759081466443, -18.902483153974288], [47.54762383507199, -18.902372695643294], [47.54763638421184, -18.902096629855464], [47.547670826447586, -18.901970052975457], [47.5477166666908, -18.901966669725937], [47.54849999957543, -18.901500003422314], [47.549000000150045, -18.900866670260598], [47.54913333273714, -18.900016668834155], [47.54924950086382, -18.900010471605924], [47.54941898619734, -18.89999601500398], [47.54959262370062, -18.899896349436858], [47.549785072323346, -18.899792087434832], [47.54994908258419, -18.899661092185625], [47.550114737705144, -18.899521345633502], [47.550400012550654, -18.89960040863184], [47.5506310852565, -18.899639387048012], [47.5508200571, -18.899723450276895], [47.55096713762339, -18.89988398016152], [47.5510672321671, -18.900062724015413], [47.55120930796318, -18.900178449675593], [47.55139392618878, -18.90031633912764], [47.55151674660061, -18.900369410819565], [47.55207795773168, -18.90046919239927], [47.5522897498721, -18.90044103102872], [47.55249155234338, -18.900389612290724]]]}}, {"type": "Feature", "properties": {"fokontany": "Analamahitsy Cite", "arrondissement": "5e Arrondissement", "pcode": "MG11101005008"}, "geometry": {"type": "Polygon", "coordinates": [[[47.54576345881662, -18.867105992947188], [47.545860575705035, -18.867231472654225], [47.54586124929739, -18.86733460510783], [47.54588629541638, -18.86748342941661], [47.54589095390452, -18.867582717268533], [47.545971026841414, -18.86755550468274], [47.54615105942389, -18.86747422395615], [47.54636690301027, -18.867346895242974], [47.546536616771505, -18.86752924268029], [47.54663341080334, -18.86760506722004], [47.54679482831881, -18.867745445995467], [47.54687569805509, -18.867840462067647], [47.5469810167607, -18.86799263185435], [47.547106620574255, -18.868179058616533], [47.54723603841251, -18.868334908429176], [47.54743394232264, -18.868532366275588], [47.547510577151456, -18.868593028245527], [47.547631345310435, -18.868653431210817], [47.54784445136045, -18.86872092802838], [47.54810461083929, -18.868859873284407], [47.548029253047616, -18.86954165562281], [47.5480021852527, -18.869650537442283], [47.54797204987034, -18.869762374433947], [47.547986966025746, -18.86993142809291], [47.54803599526508, -18.869911547679692], [47.548378020029645, -18.86974383490997], [47.548590992080676, -18.869646880798825], [47.54876666474979, -18.86966667127973], [47.548850000427365, -18.8698833368465], [47.548933334306014, -18.870400003657153], [47.548442692076605, -18.871405970908768], [47.548366213729935, -18.87159472961298], [47.548265209971646, -18.871813898892242], [47.548236096219, -18.87189059487497], [47.548223746728695, -18.871923123353383], [47.548220842817784, -18.8720176510937], [47.548172160716774, -18.87213563225356], [47.54809432529299, -18.872230639332486], [47.54801034839892, -18.872272723107585], [47.54796118336208, -18.87231672783463], [47.54793318836607, -18.872357245890157], [47.5479741695724, -18.8724748646232], [47.547693828407546, -18.872332749256884], [47.54713333313691, -18.872166668756677], [47.5468978951219, -18.87209024526851], [47.54640842111178, -18.871991345923846], [47.54597236143536, -18.871884858099634], [47.545742994743534, -18.871856328906347], [47.54541433840103, -18.871815446625476], [47.54499250869742, -18.871734960899687], [47.544023659164566, -18.871574942729296], [47.54358685215158, -18.871506309168808], [47.54306301414698, -18.871469107813027], [47.54275004108172, -18.871446491662198], [47.54264217819406, -18.870271691984954], [47.54251666611134, -18.869233334750504], [47.542784828657034, -18.869186946820037], [47.543003747025466, -18.869167910870317], [47.54307980359022, -18.86916129725597], [47.543532112217235, -18.869188518835017], [47.54398372117191, -18.869108142826462], [47.544367695712765, -18.869249348978144], [47.54470635431494, -18.86918159135729], [47.5448759349764, -18.86918656910484], [47.545064472447564, -18.869209367817973], [47.54527761896702, -18.86915430592643], [47.54545258386969, -18.869021758447275], [47.54562111502247, -18.86886533396796], [47.54586666591388, -18.86878333738099], [47.5458465390866, -18.868646552296525], [47.54584127715327, -18.868538189385845], [47.545963587649624, -18.86834872201581], [47.54597384711542, -18.868238960659426], [47.545940413919084, -18.868160802379066], [47.545852108588065, -18.868082966955342], [47.54575282883013, -18.868005196282695], [47.5456591050837, -18.867937838860144], [47.545633883596906, -18.867813879007258], [47.545694171448986, -18.867670051331686], [47.54574468636832, -18.867597785409373], [47.545690335840504, -18.86738257584517], [47.54556243965493, -18.867269843128668], [47.54539778727809, -18.867207767424475], [47.54524432066904, -18.86723641532825], [47.54516118104374, -18.867080543931934], [47.54524594664326, -18.867021723773405], [47.545399999610424, -18.866983336211888], [47.54555000023248, -18.866950003739646], [47.54565447897102, -18.867007321130927], [47.54576345881662, -18.867105992947188]]]}}, {"type": "Feature", "properties": {"fokontany": "Anjanahary IIn", "arrondissement": "5e Arrondissement", "pcode": "MG11101005018"}, "geometry": {"type": "Polygon", "coordinates": [[[47.541893318122106, -18.894625443609243], [47.54228216518993, -18.894672856766817], [47.54226666717301, -18.894716669038928], [47.53978016132555, -18.89731017982092], [47.53973372842893, -18.897457536436093], [47.53957088458884, -18.8975579520378], [47.53930278319706, -18.897704644953365], [47.53925000018745, -18.89790000288275], [47.539000000349915, -18.898100003112575], [47.53901666658595, -18.898300003342456], [47.539066666193776, -18.898600002787816], [47.53893333360651, -18.898616669923342], [47.53874033190084, -18.898741070443975], [47.53866666663339, -18.89880000301764], [47.53871666714059, -18.89881667015311], [47.538833332592276, -18.898866669760878], [47.53888216308144, -18.898965677024307], [47.538946725411165, -18.899067733888785], [47.53886640695919, -18.899129026283504], [47.538799457828816, -18.899177435889897], [47.53873570488901, -18.899200218415274], [47.53859753934512, -18.899226234003436], [47.538548934585776, -18.89918475637137], [47.5384999997753, -18.899250003085058], [47.538200094758736, -18.899283049573], [47.53821399198222, -18.899233512216767], [47.53813057986247, -18.899238987289323], [47.53813333268732, -18.899300002692883], [47.53796666672838, -18.8993333360645], [47.537902554958976, -18.8993427609596], [47.537899773355946, -18.89943240807912], [47.537887214323575, -18.899570127559286], [47.53787459143933, -18.899698244977913], [47.53783098241394, -18.899782795639396], [47.537609115168664, -18.899731815770622], [47.53728617042054, -18.899721011315535], [47.53728054695978, -18.899771768152505], [47.53721918441789, -18.89976291522629], [47.53703302205645, -18.89975765599098], [47.5368887321294, -18.899764776822906], [47.53678192144855, -18.899755878930648], [47.536580052427496, -18.899744258790406], [47.53643876173959, -18.89973868479234], [47.53633104004558, -18.899723311781372], [47.53629230624506, -18.899720415964396], [47.53622254583394, -18.89972386936097], [47.53615275394645, -18.899717956318568], [47.53610882656119, -18.89968620215643], [47.53607136979798, -18.8996711097339], [47.53605179965086, -18.899708944212307], [47.53602178118035, -18.89974753412133], [47.53590021532284, -18.899758382643142], [47.53582412278507, -18.89978016961902], [47.53570327188868, -18.899815022844905], [47.535570779268085, -18.8998414080545], [47.53551510583759, -18.899841735407676], [47.53544316726851, -18.899812279912737], [47.53533075920734, -18.899765989109085], [47.53522928330483, -18.899732445296024], [47.53511666929904, -18.899733331128232], [47.53513333283718, -18.89968333691644], [47.535166666208795, -18.899533337193702], [47.535138781829346, -18.899475857924415], [47.53504999895836, -18.89941666994332], [47.53491666727041, -18.89928333555747], [47.53456666731802, -18.898816669253847], [47.534233332702286, -18.89801666923381], [47.53417111940183, -18.897948954780418], [47.53398920273963, -18.897993672669827], [47.53333225967617, -18.89796674876635], [47.53330162696858, -18.89796882260299], [47.53322730519602, -18.897892597864995], [47.53314252610687, -18.897784255638783], [47.53303032129236, -18.89763662113313], [47.532986461356245, -18.89757389791697], [47.53289134725793, -18.897427204102087], [47.53274499968211, -18.897159166562233], [47.53263599915209, -18.896945332061364], [47.53254519280654, -18.896777815343796], [47.53273808029826, -18.896721506092547], [47.53300197735945, -18.896664750777518], [47.53306712604717, -18.896633268210678], [47.53326939976313, -18.89673774065409], [47.533578983283576, -18.896768648554257], [47.53385401575042, -18.896772493155936], [47.53408901399689, -18.89678747765987], [47.53426700421892, -18.89684642102543], [47.5344008116482, -18.896924391347454], [47.53451437893551, -18.897003117100155], [47.5347178001864, -18.8973096420263], [47.53485045378545, -18.89748551164695], [47.535189419056564, -18.89786870557623], [47.535442767969414, -18.898063955586963], [47.53553333329677, -18.898083336876425], [47.53568778826099, -18.898077856407838], [47.53575840842382, -18.898034498293384], [47.535815680849055, -18.897920666605387], [47.53581812970293, -18.897801021699706], [47.53580733064388, -18.8976262420573], [47.53579662961096, -18.897466796755168], [47.53586957901797, -18.89728539090794], [47.535965405379216, -18.89715292796518], [47.53605174119508, -18.897048129967175], [47.536473616764056, -18.89600579233337], [47.536594566586075, -18.895771956910153], [47.53665814505746, -18.89563661703619], [47.5368798351364, -18.89542607675196], [47.53705971663277, -18.895243829139304], [47.53721403669863, -18.895186098959243], [47.53732903300852, -18.895143081687763], [47.53788671430061, -18.895000748685504], [47.538298276444436, -18.894855185318477], [47.538568493941, -18.894779978613087], [47.53893310967538, -18.894683768241293], [47.539190704287705, -18.89464953284954], [47.53974999896337, -18.894650004094387], [47.540099998915935, -18.894633336059485], [47.54026793201962, -18.894623810440464], [47.54068576603538, -18.89460801744599], [47.54116254701398, -18.89458067086116], [47.54149769556233, -18.894578695949974], [47.54158333260489, -18.894583338250413], [47.541893318122106, -18.894625443609243]]]}}, {"type": "Feature", "properties": {"fokontany": "Analamahitsy Tanana", "arrondissement": "5e Arrondissement", "pcode": "MG11101005009"}, "geometry": {"type": "Polygon", "coordinates": [[[47.55306488183891, -18.869166918918097], [47.55334435875534, -18.86953143302918], [47.55342322210407, -18.86979324366314], [47.553466665654184, -18.869916669318798], [47.55355410673667, -18.8699265420762], [47.554003462889625, -18.86988587383388], [47.55436285266359, -18.869826193024267], [47.55439540812165, -18.87005663260743], [47.55433657896998, -18.870245695282563], [47.55418776005723, -18.870452449420952], [47.554046338068076, -18.87057305300391], [47.55391060968702, -18.87075930619693], [47.55392207064722, -18.870834791692232], [47.5540330685713, -18.871068635209326], [47.5541112097647, -18.871297452415376], [47.554143377614764, -18.871440415842414], [47.55415778025741, -18.871575431061274], [47.554142588909485, -18.87178763778917], [47.55412904601877, -18.872042082076348], [47.55417144635521, -18.872347204959453], [47.55416187037412, -18.872697877604878], [47.55415246976065, -18.873075695387], [47.55421968778842, -18.87354127620881], [47.55430837892874, -18.87397152536556], [47.55429443943689, -18.874191021098625], [47.55429999904584, -18.874350004149335], [47.55418835810627, -18.874217483649886], [47.554052252909116, -18.874140844324415], [47.55391631678475, -18.874090020038295], [47.55376207585908, -18.874004881220174], [47.553598511662074, -18.873876769197523], [47.553462350707036, -18.87379152425939], [47.55335981630259, -18.87374585758522], [47.553349594608164, -18.87381790137499], [47.55333240406725, -18.873939074228872], [47.553240047290444, -18.873939794585795], [47.55312096176306, -18.873996643430246], [47.55285108421026, -18.874117724553287], [47.55259228990229, -18.87417436385573], [47.55231072296152, -18.874280958699217], [47.552028475234124, -18.874324995801885], [47.55210209103876, -18.874522487822446], [47.55225011405162, -18.875037948642387], [47.55252435781301, -18.875501022154424], [47.552760250885, -18.875803463259103], [47.55267538186354, -18.87576953183833], [47.55204635015912, -18.876336494133852], [47.551709214108996, -18.876303293861895], [47.551287641611566, -18.87655220911705], [47.55123412925167, -18.876577612266942], [47.551062359640355, -18.87665915109892], [47.55101418295834, -18.876624531696734], [47.55092199885121, -18.876558290332753], [47.550753649361525, -18.87657493588455], [47.55065963693289, -18.87664980804209], [47.55061607826957, -18.876753428827556], [47.55051866100757, -18.876795565662746], [47.55036666658856, -18.87676666864678], [47.550252779142625, -18.87667555743093], [47.55010482627682, -18.876608778272384], [47.54987565563704, -18.8764336640823], [47.549668939270134, -18.876715337143025], [47.54954614403948, -18.87671022269859], [47.549534994244766, -18.876925494316083], [47.54949856810447, -18.877117006744413], [47.549357834096895, -18.87713744024063], [47.54918450685955, -18.877106911854412], [47.549002200790994, -18.877078103871327], [47.54891475611123, -18.877150359001803], [47.54887766357348, -18.87724024713964], [47.54906075205224, -18.87738861099558], [47.54911184883292, -18.877519823880675], [47.54872739765142, -18.878269350350195], [47.54867786299309, -18.878377247411947], [47.548477617248295, -18.8784860383999], [47.54838428110986, -18.878618107439593], [47.548259468699655, -18.87873840615248], [47.5481039219585, -18.87896051261754], [47.547979733677835, -18.879176454229935], [47.547936792848816, -18.879332136768596], [47.54788968096415, -18.8798106543382], [47.54775590141384, -18.88048097931369], [47.547521137890385, -18.88107419012175], [47.5474107002438, -18.881648409946138], [47.54730824677836, -18.881726452213968], [47.54711629997735, -18.881696298845043], [47.54691339763531, -18.881666210227365], [47.54670970928572, -18.881608664408247], [47.546606031842884, -18.881579374388593], [47.546414017592895, -18.881538788883972], [47.546189303993344, -18.881524474374885], [47.54595373557646, -18.881525867424784], [47.545581210304704, -18.88152806896511], [47.54534520032087, -18.88146166842114], [47.5451422296303, -18.88142114766771], [47.54487379099277, -18.88142273407186], [47.544709269917064, -18.881397630396293], [47.54427073260837, -18.881358499095427], [47.54364065589169, -18.881351788354323], [47.54332281119895, -18.881338017935093], [47.54296617514899, -18.881256680551246], [47.5426482971813, -18.881237694064282], [47.54225236435525, -18.881330100303842], [47.54201741017539, -18.88138382040688], [47.54185450877867, -18.881346313281654], [47.54178820356293, -18.881250920393597], [47.54139267723036, -18.88116137040089], [47.54089382958665, -18.881093414029806], [47.54059573220735, -18.88106245127102], [47.540280696996604, -18.881069757363377], [47.53991406768017, -18.881071913937603], [47.53958412440801, -18.881090057759877], [47.53990456544352, -18.880411967138514], [47.53988101399773, -18.880313947330706], [47.53997150378194, -18.880133457892725], [47.54015863291477, -18.879837883111747], [47.54065159809295, -18.879000635870568], [47.540867119721895, -18.878666720292813], [47.54126272879205, -18.87783549761002], [47.54135688870957, -18.87733869862194], [47.54133238128452, -18.877093447204743], [47.54119850101, -18.876767040066795], [47.541048039935106, -18.876533436668694], [47.5417000268348, -18.876141855662013], [47.54185296374345, -18.87611666565158], [47.54217124190939, -18.87601155558872], [47.5423993036851, -18.875767312311552], [47.542557711169536, -18.87560241801708], [47.542582119669134, -18.875432242903628], [47.54240979877329, -18.87517305828993], [47.54256706771605, -18.874848158415716], [47.54283698573835, -18.874070994880412], [47.54292201843657, -18.873052554931405], [47.542998882592485, -18.872344390980743], [47.54299686541299, -18.872034173438237], [47.54306301414698, -18.871469107813027], [47.54358685215158, -18.871506309168808], [47.544023659164566, -18.871574942729296], [47.54499250869742, -18.871734960899687], [47.54541433840103, -18.871815446625476], [47.545742994743534, -18.871856328906347], [47.54597236143536, -18.871884858099634], [47.54640842111178, -18.871991345923846], [47.5468978951219, -18.87209024526851], [47.54713333313691, -18.872166668756677], [47.547693828407546, -18.872332749256884], [47.5479741695724, -18.8724748646232], [47.54793318836607, -18.872357245890157], [47.54796118336208, -18.87231672783463], [47.54801034839892, -18.872272723107585], [47.54809432529299, -18.872230639332486], [47.548172160716774, -18.87213563225356], [47.548220842817784, -18.8720176510937], [47.548223746728695, -18.871923123353383], [47.548236096219, -18.87189059487497], [47.548265209971646, -18.871813898892242], [47.548366213729935, -18.87159472961298], [47.548442692076605, -18.871405970908768], [47.548933334306014, -18.870400003657153], [47.548850000427365, -18.8698833368465], [47.54876666474979, -18.86966667127973], [47.548590992080676, -18.869646880798825], [47.548378020029645, -18.86974383490997], [47.54803599526508, -18.869911547679692], [47.547986966025746, -18.86993142809291], [47.54797204987034, -18.869762374433947], [47.5480021852527, -18.869650537442283], [47.548029253047616, -18.86954165562281], [47.54810461083929, -18.868859873284407], [47.548161219564804, -18.86874298570018], [47.54823409972397, -18.868787377135675], [47.548423480759084, -18.868908487936267], [47.54856456190515, -18.869006968196913], [47.54870128313786, -18.869051994553786], [47.54881060742366, -18.8690620156994], [47.548826467867286, -18.868995837288026], [47.54894446161768, -18.8689951376154], [47.549069075277714, -18.86899098274762], [47.54914940362221, -18.869003941978292], [47.54918028364324, -18.868942366297063], [47.549226023162475, -18.86895784362946], [47.549253069373776, -18.8689003427765], [47.54931580697894, -18.868926824213474], [47.54946248280737, -18.868999026283916], [47.549483331790384, -18.869083335027824], [47.54956952731203, -18.869158452700333], [47.5496782049853, -18.869171592694784], [47.549717380352945, -18.86916819505609], [47.549836661033225, -18.869205582571453], [47.54989916121741, -18.869260887280007], [47.55005714781919, -18.869385214056365], [47.55018521757381, -18.869491853865895], [47.55036666658856, -18.869450003015174], [47.55051580476061, -18.869405687122708], [47.55061647127326, -18.869399764187676], [47.550733500051024, -18.86944252874963], [47.55088333429859, -18.869500001723623], [47.55121666711557, -18.86951666975841], [47.551260517159164, -18.869526562300905], [47.551521414981494, -18.869861596635246], [47.55155263494623, -18.870022659817778], [47.55168208965682, -18.86999034088143], [47.55181383583982, -18.870093420274998], [47.55212951856248, -18.869927518739928], [47.55216236809889, -18.869802245876883], [47.552207660655085, -18.869629687560007], [47.55221436869829, -18.869431405934506], [47.552549503756666, -18.869238795433944], [47.55306488183891, -18.869166918918097]]]}}, {"type": "Feature", "properties": {"fokontany": "Ambatobe", "arrondissement": "5e Arrondissement", "pcode": "MG11101005010"}, "geometry": {"type": "Polygon", "coordinates": [[[47.55429999904584, -18.874350004149335], [47.55500232819497, -18.874361619792808], [47.55627284721419, -18.874480327604942], [47.55609715206208, -18.875139855319958], [47.55669498808328, -18.875271590711236], [47.55702715897621, -18.875350791305948], [47.5574732712746, -18.87546539101487], [47.557805324356366, -18.875526547612026], [47.55808070486074, -18.87561510565257], [47.558175873817504, -18.875677678681882], [47.558673590114154, -18.876432404132117], [47.55879736560604, -18.876521865991265], [47.559500052685394, -18.876824332277067], [47.55949811914303, -18.877085534969353], [47.55946696572806, -18.877353878278768], [47.559399273757606, -18.8776294026747], [47.55928098772739, -18.877999262356013], [47.55914003788257, -18.87826129692121], [47.55904632312945, -18.87847429235461], [47.558951519297295, -18.878633893239453], [47.55893358681567, -18.878657016607917], [47.558788761792016, -18.878898186901722], [47.55870506998315, -18.87902870281232], [47.55855180482206, -18.879195814834873], [47.55844767591958, -18.879313667391727], [47.55852549155833, -18.87930723544048], [47.558635986761544, -18.87929418897562], [47.55875928831057, -18.879250107806115], [47.55892812073631, -18.87920575414222], [47.55906209723804, -18.87920495284618], [47.55919869436434, -18.87920413626182], [47.559292501747734, -18.879222149682334], [47.55989243768602, -18.879447667275997], [47.56019893203518, -18.879563481069738], [47.560785655133884, -18.879758111447586], [47.56139811413175, -18.879909243416762], [47.56254269389035, -18.880235974310665], [47.56273344729078, -18.880309134159177], [47.563070614817036, -18.880390703568082], [47.56368165468467, -18.880572794698594], [47.56413115293037, -18.88067226421356], [47.56434585437779, -18.88071735712026], [47.56453923469803, -18.88071165361987], [47.5644883897275, -18.88083730239947], [47.56441088885157, -18.88092136023255], [47.56439708695615, -18.881046830946445], [47.564348886891764, -18.88113535840995], [47.56423781971972, -18.881307854673707], [47.56417501466524, -18.88140111257121], [47.563981075866025, -18.88158339435813], [47.563855034982, -18.88170489636383], [47.56374878457882, -18.88186807565114], [47.563725286193176, -18.882002893918354], [47.56373096541188, -18.88212360542002], [47.56375652774159, -18.88229992290303], [47.56376279062033, -18.88250886689059], [47.56379758718896, -18.882606181629853], [47.563798141171446, -18.88268977181548], [47.563687413043795, -18.882913349571368], [47.56361475861428, -18.882992736325605], [47.563654315294514, -18.88302784855631], [47.56370309542166, -18.88307115271141], [47.563704449800696, -18.88327548137829], [47.56373912316212, -18.883354223318634], [47.56364216815166, -18.883447683563702], [47.56314038512073, -18.883804565128514], [47.56298609743055, -18.88390532876781], [47.56290946709822, -18.883680935326822], [47.56280336688201, -18.883661994705164], [47.56277035187031, -18.883671190273105], [47.56264891011921, -18.88375086570983], [47.56253203962211, -18.883784075874303], [47.56252740811345, -18.88382125744505], [47.56252787036499, -18.88389091263548], [47.562475464171484, -18.88395474741361], [47.56210871794309, -18.884116737797115], [47.5617593304288, -18.88423918229239], [47.561535497265425, -18.884328761063443], [47.56135072615518, -18.884422749210387], [47.561214770245556, -18.884521089176815], [47.56104006164969, -18.884661456261142], [47.56090438363043, -18.884801590420977], [47.560773737318186, -18.884964913599788], [47.56068566131427, -18.885158480978987], [47.56065739742104, -18.885205112625783], [47.560532775667184, -18.885241953353443], [47.55975171357079, -18.885205010103107], [47.55933807039577, -18.885333024099737], [47.559131148084134, -18.88538208481532], [47.55872386131733, -18.885522014829007], [47.558296507977616, -18.88547674655456], [47.558132995041774, -18.885441857355772], [47.55798227496217, -18.885442757577152], [47.55788803680355, -18.885437341859756], [47.55778743863948, -18.88542001102462], [47.55763660344661, -18.885402977865112], [47.55749844509728, -18.88540380344267], [47.557234292628664, -18.88534560201782], [47.55692665434174, -18.885359394020725], [47.55668169880147, -18.88535487942403], [47.55636146191199, -18.885362769176368], [47.55624759515047, -18.88523791090074], [47.55615229489263, -18.885071098352455], [47.555956866816075, -18.884958682197407], [47.55573671727569, -18.884906193266147], [47.55555467740646, -18.884919236133726], [47.55537271757686, -18.884944231890756], [47.555183849155355, -18.88487362431823], [47.55503297259361, -18.884850609767796], [47.55487565958407, -18.884803725411473], [47.55459894988161, -18.884745594133733], [47.55436000001407, -18.88469919541143], [47.554150226851505, -18.884702871840034], [47.55364666406234, -18.88482677323691], [47.55342773670077, -18.884773798671745], [47.55324137468983, -18.88474845038064], [47.55302807618489, -18.884694761753735], [47.55205763844941, -18.884528658770478], [47.5513062449873, -18.884433618416665], [47.55058272511286, -18.884220392756845], [47.55019605890112, -18.88401400823983], [47.54993693903867, -18.883764469754396], [47.54943345179248, -18.883600074583683], [47.5491002268941, -18.883542271558554], [47.548811157808814, -18.88351409489951], [47.54862865029202, -18.883455397048863], [47.548352374062915, -18.883463014306585], [47.54777485912251, -18.88350230119022], [47.547354772305084, -18.88360641390483], [47.547047759946224, -18.883715836216766], [47.54683532479055, -18.88377262390742], [47.54661663664865, -18.883755827269567], [47.54613250461142, -18.883670681256888], [47.5474107002438, -18.881648409946138], [47.547521137890385, -18.88107419012175], [47.54775590141384, -18.88048097931369], [47.54788968096415, -18.8798106543382], [47.547936792848816, -18.879332136768596], [47.547979733677835, -18.879176454229935], [47.5481039219585, -18.87896051261754], [47.548259468699655, -18.87873840615248], [47.54838428110986, -18.878618107439593], [47.548477617248295, -18.8784860383999], [47.54867786299309, -18.878377247411947], [47.54872739765142, -18.878269350350195], [47.54911184883292, -18.877519823880675], [47.54906075205224, -18.87738861099558], [47.54887766357348, -18.87724024713964], [47.54891475611123, -18.877150359001803], [47.549002200790994, -18.877078103871327], [47.54918450685955, -18.877106911854412], [47.549357834096895, -18.87713744024063], [47.54949856810447, -18.877117006744413], [47.549534994244766, -18.876925494316083], [47.54954614403948, -18.87671022269859], [47.549668939270134, -18.876715337143025], [47.54987565563704, -18.8764336640823], [47.55010482627682, -18.876608778272384], [47.550252779142625, -18.87667555743093], [47.55036666658856, -18.87676666864678], [47.55051866100757, -18.876795565662746], [47.55061607826957, -18.876753428827556], [47.55065963693289, -18.87664980804209], [47.550753649361525, -18.87657493588455], [47.55092199885121, -18.876558290332753], [47.55101418295834, -18.876624531696734], [47.551062359640355, -18.87665915109892], [47.55123412925167, -18.876577612266942], [47.551287641611566, -18.87655220911705], [47.551709214108996, -18.876303293861895], [47.55204635015912, -18.876336494133852], [47.55267538186354, -18.87576953183833], [47.552760250885, -18.875803463259103], [47.55252435781301, -18.875501022154424], [47.55225011405162, -18.875037948642387], [47.55210209103876, -18.874522487822446], [47.552028475234124, -18.874324995801885], [47.55231072296152, -18.874280958699217], [47.55259228990229, -18.87417436385573], [47.55285108421026, -18.874117724553287], [47.55312096176306, -18.873996643430246], [47.553240047290444, -18.873939794585795], [47.55333240406725, -18.873939074228872], [47.553349594608164, -18.87381790137499], [47.55335981630259, -18.87374585758522], [47.553462350707036, -18.87379152425939], [47.553598511662074, -18.873876769197523], [47.55376207585908, -18.874004881220174], [47.55391631678475, -18.874090020038295], [47.554052252909116, -18.874140844324415], [47.55418835810627, -18.874217483649886], [47.55429999904584, -18.874350004149335]]]}}, {"type": "Feature", "properties": {"fokontany": "Ankerana Ankadindramamy", "arrondissement": "5e Arrondissement", "pcode": "MG11101005020"}, "geometry": {"type": "Polygon", "coordinates": [[[47.56065739742104, -18.885205112625783], [47.56069344494671, -18.885267887103225], [47.560773239093805, -18.88540308128711], [47.56081983566696, -18.885521514805987], [47.560858749332, -18.885632726768904], [47.56070412439601, -18.88572813944205], [47.560553059875815, -18.88575504535902], [47.560341335184546, -18.885848189042633], [47.560023625390045, -18.885969525573046], [47.5598217320873, -18.886090171424144], [47.55968746060785, -18.88621959915514], [47.55973608335364, -18.886274430820208], [47.559880975826445, -18.88629193882184], [47.56006526669876, -18.886428645665376], [47.56026873921104, -18.88654686424627], [47.56043384664474, -18.88670206025182], [47.56065650079688, -18.886801786972853], [47.56084048769833, -18.886892558244938], [47.56108238464441, -18.88698298237864], [47.56122721956069, -18.886991301107628], [47.561218297386574, -18.887101602956534], [47.5610945290893, -18.88735959237124], [47.56098687934116, -18.887516265063482], [47.56089734643547, -18.887511360161056], [47.5605454111419, -18.888266510091285], [47.56084158397198, -18.888276134635817], [47.56084271801706, -18.88844749595512], [47.56081971605704, -18.88855135685958], [47.560712302830666, -18.888786502594996], [47.56075109868431, -18.888921560981146], [47.56079978618135, -18.889119696017133], [47.56080074036191, -18.88926399943398], [47.56080184383018, -18.889430851552504], [47.560826189377224, -18.88952991817115], [47.56089400725267, -18.889754995096837], [47.560956639637254, -18.88991246009192], [47.56107162515542, -18.890105686628033], [47.56112952081082, -18.890263177703446], [47.56113014763832, -18.89035787811349], [47.56115002355483, -18.890497559015103], [47.56107714609345, -18.89059245367872], [47.560899175656516, -18.890575963709693], [47.560715773314314, -18.89074368457335], [47.56058892933578, -18.89090679281412], [47.560542509029574, -18.891051382215494], [47.56055293756816, -18.891195628075707], [47.560578475616296, -18.89147507621368], [47.56058482303132, -18.891718558664422], [47.560555844176974, -18.891935241318265], [47.56054844995111, -18.892174511344535], [47.56058074100844, -18.892306745859514], [47.56057735596028, -18.892473368650997], [47.560624013687345, -18.89274221737935], [47.56060377894141, -18.893075543901205], [47.56055452487141, -18.893092925997678], [47.56057860331998, -18.893340549826405], [47.56066435277785, -18.893412656568785], [47.56066091197164, -18.893570739398], [47.560657355152955, -18.893711730611813], [47.56072919119924, -18.893715573414852], [47.56073333437604, -18.89375000306012], [47.560699527061615, -18.893980606319815], [47.56065641536145, -18.89399251784039], [47.56055214076872, -18.894002753923928], [47.56047832891181, -18.89403843722397], [47.56043165319841, -18.894105995195446], [47.56026779222492, -18.894267161799974], [47.56024819060167, -18.894356984287356], [47.560180981567214, -18.894373405008594], [47.560154394909546, -18.89442482374659], [47.56015822692069, -18.894495282930848], [47.56018915370663, -18.894591209116925], [47.56023430686787, -18.89480238432253], [47.5602855133659, -18.894911002640583], [47.56034475800425, -18.895076484192373], [47.56029401825441, -18.89510030003879], [47.559973518762945, -18.89515129879328], [47.559675539194814, -18.89514217786916], [47.55942857996507, -18.895050950640837], [47.55928333315933, -18.894916669268753], [47.55923152231696, -18.89470857963721], [47.5593160531933, -18.894495398943377], [47.559429336294954, -18.894298405147254], [47.55954787683305, -18.894030489015734], [47.55956971237248, -18.89386676114208], [47.5595261492125, -18.89334351579049], [47.559437729667536, -18.89296777364376], [47.55937860284041, -18.89269001533188], [47.55929674115174, -18.892439655765372], [47.55923811704565, -18.892336597955534], [47.559157625024454, -18.89219509502749], [47.55908343455286, -18.89212536069681], [47.55892702806, -18.891978346723192], [47.55886125884001, -18.891932509177877], [47.55874860256603, -18.891853991168716], [47.55842108386605, -18.891708712886725], [47.5582491469807, -18.891698834733404], [47.558054399690946, -18.891705451944972], [47.55787139934574, -18.891755626021222], [47.55763701713471, -18.89183337241218], [47.55740234893943, -18.89186749358987], [47.55704157241075, -18.89189146232104], [47.55672680609729, -18.8919424206062], [47.55636613658811, -18.891982748005375], [47.55609727167183, -18.892044336277024], [47.555891930368375, -18.892181892979863], [47.55542106243212, -18.892422190031994], [47.55536659319375, -18.892446782892648], [47.55512622959185, -18.892486387236943], [47.55497035909491, -18.892437964140697], [47.55471958044444, -18.89237852884594], [47.55459254221222, -18.892353239909994], [47.554437898390404, -18.892359615203986], [47.554249272785796, -18.892426175827325], [47.55390614725093, -18.89252092570007], [47.5537902534175, -18.892567702137626], [47.5535691829715, -18.892084353410098], [47.55340571590119, -18.891619985773673], [47.553103371023894, -18.890945587768613], [47.553049041180316, -18.89081503408653], [47.55296863639353, -18.890656477314508], [47.5528978057892, -18.890515147056362], [47.55276243174086, -18.890194769872664], [47.552731725288936, -18.890091932396672], [47.55267028720408, -18.889886188196954], [47.55261867241393, -18.889794240611593], [47.5525666664185, -18.889650002845315], [47.55234925531391, -18.88927854237079], [47.55230965636565, -18.889038071749496], [47.55229667914847, -18.889007174641335], [47.55223895796172, -18.888906139406743], [47.55216866605127, -18.888904399218575], [47.5521200936675, -18.888757946422004], [47.553669151610165, -18.888052133299254], [47.55359158958032, -18.887879815101314], [47.55350411702153, -18.887652992591484], [47.55360842488892, -18.887534154377704], [47.553597318261666, -18.887297783765632], [47.55361483705519, -18.887045809016854], [47.553640959662744, -18.886670058776133], [47.55368729183516, -18.886451536109405], [47.553570922260405, -18.88618851228989], [47.55342909827442, -18.886055191393893], [47.5533690514406, -18.885998745445704], [47.553385925420116, -18.885752213393857], [47.553395201927174, -18.885616654984574], [47.55347866980492, -18.885234222781037], [47.553315021071455, -18.885007722228522], [47.55329548869588, -18.884980690406508], [47.55324137468983, -18.88474845038064], [47.55342773670077, -18.884773798671745], [47.55364666406234, -18.88482677323691], [47.554150226851505, -18.884702871840034], [47.55436000001407, -18.88469919541143], [47.55459894988161, -18.884745594133733], [47.55487565958407, -18.884803725411473], [47.55503297259361, -18.884850609767796], [47.555183849155355, -18.88487362431823], [47.55537271757686, -18.884944231890756], [47.55555467740646, -18.884919236133726], [47.55573671727569, -18.884906193266147], [47.555956866816075, -18.884958682197407], [47.55615229489263, -18.885071098352455], [47.55624759515047, -18.88523791090074], [47.55636146191199, -18.885362769176368], [47.55668169880147, -18.88535487942403], [47.55692665434174, -18.885359394020725], [47.557234292628664, -18.88534560201782], [47.55749844509728, -18.88540380344267], [47.55763660344661, -18.885402977865112], [47.55778743863948, -18.88542001102462], [47.55788803680355, -18.885437341859756], [47.55798227496217, -18.885442757577152], [47.558132995041774, -18.885441857355772], [47.558296507977616, -18.88547674655456], [47.55872386131733, -18.885522014829007], [47.559131148084134, -18.88538208481532], [47.55933807039577, -18.885333024099737], [47.55975171357079, -18.885205010103107], [47.560532775667184, -18.885241953353443], [47.56065739742104, -18.885205112625783]]]}}, {"type": "Feature", "properties": {"fokontany": "Andraisoro", "arrondissement": "5e Arrondissement", "pcode": "MG11101005026"}, "geometry": {"type": "Polygon", "coordinates": [[[47.554920169730224, -18.90027354938468], [47.554958443977114, -18.900362989660152], [47.555028893268855, -18.900331186035316], [47.55512268536381, -18.90026785667618], [47.55521146283877, -18.900241930120956], [47.55534356335494, -18.90045421059324], [47.55543931327384, -18.900591102697206], [47.55570800641942, -18.900802876851174], [47.55592231126565, -18.900939062087957], [47.55604410285315, -18.90110246980305], [47.55619756676441, -18.90116515704625], [47.556382261432304, -18.90138768889068], [47.556496682176316, -18.901413679297832], [47.556591690154505, -18.901437730766588], [47.55671081165474, -18.90152318974333], [47.5567747012916, -18.901540372190368], [47.556854680699075, -18.901551301651182], [47.556978857288584, -18.90159999544335], [47.557180700229196, -18.901621128612078], [47.55736467903682, -18.90165045100747], [47.557466951738604, -18.90163415439264], [47.55750760109504, -18.90158827817646], [47.55752867221054, -18.9016545429227], [47.557584727853, -18.90167597916303], [47.55764599416733, -18.901716734639535], [47.55764636109086, -18.901772370298545], [47.557600966011876, -18.901825859275903], [47.557591487157595, -18.901929932420387], [47.557558831874644, -18.901988184207255], [47.557577005374526, -18.90204613112394], [47.55764829283453, -18.902065057356424], [47.55767156369177, -18.902125391073866], [47.557692647397914, -18.9022389592605], [47.55772381520194, -18.902340370411707], [47.55775300989353, -18.902331486908565], [47.557802628188824, -18.90233734509235], [47.557858578610706, -18.902322650170106], [47.55791454162289, -18.902310003903494], [47.55796676255608, -18.902383554057735], [47.55815077733655, -18.902408566901784], [47.55831402677097, -18.902395988084322], [47.55842859770166, -18.902395302800926], [47.55854807623291, -18.902399230140304], [47.55873340402354, -18.90240739958176], [47.55883087974149, -18.902402177218676], [47.5589257204457, -18.902366805983263], [47.55900337420644, -18.902312974364236], [47.559132387349905, -18.90228435883597], [47.55919855676814, -18.902337329803856], [47.55922103262469, -18.9024184018877], [47.55926011266416, -18.902429771116942], [47.559328369408775, -18.902429361925442], [47.559391750029306, -18.902428982411493], [47.55947541036204, -18.902432754168217], [47.559499937572184, -18.902460547716032], [47.5596143727052, -18.902488586778816], [47.55969008842703, -18.90252916688752], [47.55978941674823, -18.90271744085709], [47.55988975141099, -18.90282261657046], [47.55995523464651, -18.90287328977041], [47.56000179974336, -18.902960549189913], [47.559991051046325, -18.90307368480262], [47.56010637740758, -18.903127706178623], [47.560233006448186, -18.903152478903735], [47.56037877126329, -18.90317349066396], [47.56047457424239, -18.903172915997175], [47.5606435496602, -18.90322661541586], [47.560866666963136, -18.903250003185008], [47.56075935625938, -18.90332583042266], [47.56059365617227, -18.90363617297095], [47.560383332624895, -18.903883336346837], [47.56025031659897, -18.90403739111258], [47.55992655796433, -18.904228934117953], [47.559308840630536, -18.9043623602347], [47.55834355960775, -18.904548831962984], [47.558587522296364, -18.90465114333557], [47.55878493877401, -18.904766137846934], [47.558921284989424, -18.904875042149456], [47.55905767257366, -18.904990400886163], [47.55915346116336, -18.90511891220791], [47.55922203986535, -18.905234675639747], [47.55932439620403, -18.905330876118967], [47.55949455962627, -18.905426670104703], [47.55963043729503, -18.90546458102557], [47.559963520999816, -18.905585216084773], [47.560113087249306, -18.90564240667169], [47.56028342514014, -18.9057640147974], [47.56039311904726, -18.905944075258788], [47.560540805713686, -18.906394617617423], [47.56053966357467, -18.906569253368275], [47.560629792730936, -18.90659402699265], [47.56084929925589, -18.906721362001235], [47.56103710198073, -18.90686402235667], [47.561097260330484, -18.906943124025872], [47.56119332501203, -18.90704092799632], [47.5612615349919, -18.907135115792926], [47.56131909430087, -18.907229514030746], [47.56138906425389, -18.907411074561367], [47.561421468626065, -18.907492293234668], [47.56142190299846, -18.907557739597905], [47.56146485012289, -18.907818776815077], [47.561520365272656, -18.908303460136494], [47.561773135921555, -18.91020133722185], [47.5618078884234, -18.910313599592882], [47.56183553088522, -18.910435464025397], [47.56180312741259, -18.910495254552302], [47.56173807585168, -18.91057794361717], [47.561672946949045, -18.910649282338397], [47.56158387269761, -18.910706573649406], [47.561437799415046, -18.91088091801987], [47.56123137892513, -18.91113712407889], [47.56107170069856, -18.911319443637296], [47.560958485945434, -18.911324141695673], [47.560741790701115, -18.911365151680343], [47.56039344190401, -18.911427228283912], [47.560149846138586, -18.91144468502415], [47.55985819779772, -18.911454407594817], [47.55955261356229, -18.911452288792077], [47.55926996563642, -18.911465953990557], [47.55914731339783, -18.911466688736596], [47.55909531010053, -18.911466999902018], [47.55907036380643, -18.911507140242293], [47.55905408607725, -18.911587220373804], [47.55903363279606, -18.911671322273662], [47.55897517866168, -18.91172765940388], [47.558883083587546, -18.91178019959648], [47.558797630905985, -18.911812981683738], [47.55867706509463, -18.91186741225124], [47.55857217806363, -18.911938324693836], [47.558422527277855, -18.91178362241618], [47.558226996678684, -18.911585728398563], [47.55788911778865, -18.911324699275326], [47.557461555806185, -18.91105709610798], [47.55716154556893, -18.910874042702858], [47.556682259978345, -18.9106920621889], [47.556413066809625, -18.910651014432688], [47.555949287329895, -18.91055425097784], [47.555426027589135, -18.910500499398495], [47.5549463346058, -18.91048917693388], [47.55461177781149, -18.910498249294733], [47.554380589093, -18.91055650467888], [47.55406723291662, -18.91061524839489], [47.553769051000984, -18.910709449681235], [47.553463303988394, -18.910789475853505], [47.553277216270544, -18.91089011808441], [47.55298701583814, -18.911062474953212], [47.55274432479081, -18.91121766286477], [47.55235450915342, -18.91157723610047], [47.5522378410036, -18.911727230427232], [47.55199350779429, -18.912059277213814], [47.55186666561417, -18.912100003012654], [47.55161338684837, -18.9121895098379], [47.55129799011013, -18.91229794109705], [47.55098416898426, -18.91228831025728], [47.55084185576703, -18.91229137604614], [47.550697725020086, -18.91229898341129], [47.550483266389676, -18.912394735128885], [47.550365547831916, -18.91246517003151], [47.5501889497603, -18.912567446330456], [47.550019542667826, -18.912685424792414], [47.549902107396406, -18.91279859907604], [47.549770722740675, -18.912947845166798], [47.549667628958105, -18.91308567616295], [47.54958124008232, -18.913248153079678], [47.54951378913012, -18.913415015990097], [47.54948167344065, -18.913563672125747], [47.54944967286423, -18.913731201433677], [47.5494191435788, -18.91371376627717], [47.54935764344049, -18.913651647405516], [47.549304173349014, -18.913607677751997], [47.549243981724544, -18.91355235955365], [47.549227653633295, -18.913495516105115], [47.549215358102344, -18.91344497690403], [47.54922019375704, -18.913371558950246], [47.54922082058454, -18.913297527658756], [47.5490824032305, -18.913191666661987], [47.54899900460043, -18.913128310323145], [47.5487865217807, -18.913016897811474], [47.54862483177067, -18.912937127046746], [47.54847180672863, -18.912885560819916], [47.54832294464825, -18.912821860940028], [47.5481534278386, -18.91276300031211], [47.54808053329009, -18.912778319363838], [47.548022002713424, -18.91279027944779], [47.54800147029181, -18.912762502986993], [47.54794335070511, -18.912725537253664], [47.54756022782237, -18.912636602397242], [47.547531373074435, -18.912567613604438], [47.54750434215174, -18.912500288557453], [47.54747562679876, -18.91244647222686], [47.5474362868552, -18.912394404178315], [47.54740198941033, -18.912300129147525], [47.54737849102469, -18.91223109718726], [47.54736583396618, -18.912137787129097], [47.54734703813534, -18.911833965564938], [47.54734275376512, -18.911401618289972], [47.547350255909635, -18.911214739168827], [47.5473841486596, -18.91106092092474], [47.54746529178982, -18.910794720699755], [47.54758236823187, -18.910686078099957], [47.547707785885734, -18.910519261054958], [47.54776801438243, -18.910390195750836], [47.54784872224076, -18.910057568901664], [47.54794712515985, -18.90976220366275], [47.548050000407386, -18.909550003230038], [47.54811951980008, -18.909441489233302], [47.54824087521632, -18.909320365842177], [47.54841896256505, -18.90920305917382], [47.548536146026436, -18.90911102165626], [47.548533332947045, -18.908983336811445], [47.54874999941313, -18.908883335797213], [47.54878307737715, -18.908847989742867], [47.54881192672923, -18.90859040502312], [47.54884066816243, -18.9083162116238], [47.54885602228774, -18.907996427992714], [47.54887219209809, -18.907801195069], [47.548950139937006, -18.90771354264581], [47.549019199776296, -18.907601032961225], [47.54907097464587, -18.907513537020066], [47.54909196931902, -18.90738885770952], [47.549277577698206, -18.907620541954373], [47.54940443336801, -18.907569349845517], [47.54947660126419, -18.90756363465391], [47.54954215194891, -18.90755844466645], [47.54980524591542, -18.90727106091066], [47.549969888399744, -18.90710915776134], [47.55020780674505, -18.906673997406926], [47.550348930158975, -18.906351419582222], [47.550461194328705, -18.90599629439339], [47.550539009068075, -18.905630468171466], [47.55063544337111, -18.905482659197332], [47.55088827967052, -18.90519475383479], [47.551188305196206, -18.904741159177036], [47.55149999942557, -18.904250004334187], [47.5516683039491, -18.903971433934487], [47.551861274178634, -18.90369217285547], [47.55205979412432, -18.903385612855686], [47.55221842374135, -18.903112007612947], [47.55223957669523, -18.902999361231423], [47.552246102176014, -18.902964606930993], [47.55222766157743, -18.902773854429768], [47.552198155720475, -18.90264315415817], [47.55229862258341, -18.902697228594207], [47.55239450829998, -18.90269665932334], [47.55245132656762, -18.90267920887834], [47.55253813003071, -18.902664431218454], [47.55268555679305, -18.902655132228517], [47.5528048491646, -18.902668548314807], [47.552894741798866, -18.902668012318827], [47.55297545775119, -18.902639011880865], [47.55308920760092, -18.902621222391417], [47.55316984890948, -18.902580814952614], [47.553193369778285, -18.902512223660153], [47.55326163191876, -18.9024119969161], [47.553287925397626, -18.902309166634666], [47.553368437203744, -18.902120102160893], [47.553390960724414, -18.90202905389765], [47.553417552777944, -18.901971855216914], [47.55346502708937, -18.901900270980605], [47.55348264840569, -18.901845978908682], [47.55347535670245, -18.90177956307633], [47.55356103781173, -18.901712580671017], [47.55362956165504, -18.901559454904884], [47.553730342381584, -18.901431591094934], [47.55398685690801, -18.901399516774234], [47.55433446106662, -18.90139235457343], [47.5543701794403, -18.901292697100246], [47.55440585464652, -18.901228055630213], [47.55443027933404, -18.901167778570084], [47.55444337885888, -18.901101125316643], [47.55444963814034, -18.901023773728127], [47.5544492289489, -18.900961495676427], [47.554495947829764, -18.900860279678113], [47.55454478011768, -18.90073757797677], [47.554571402748195, -18.90066869620324], [47.55460468126108, -18.90058259241266], [47.55461030382253, -18.90052254557895], [47.554601676626135, -18.900430965816383], [47.554593103389095, -18.900347023096515], [47.55460854474859, -18.900255300341712], [47.554595858012476, -18.90015610871734], [47.554700713567115, -18.900089146996493], [47.55474554567047, -18.90011822207822], [47.5548063551293, -18.90015765824927], [47.55487745283227, -18.900224485071817], [47.554920169730224, -18.90027354938468]]]}}, {"type": "Feature", "properties": {"fokontany": "Ambatomaro Antsobolo", "arrondissement": "5e Arrondissement", "pcode": "MG11101005027"}, "geometry": {"type": "Polygon", "coordinates": [[[47.572983332714784, -18.90900000304765], [47.57328333305952, -18.910533337243635], [47.57248333303954, -18.91213333728365], [47.5723424956098, -18.912512656933472], [47.57224332197177, -18.912989536837586], [47.572292146165694, -18.91348716769852], [47.57244296786877, -18.913930057725906], [47.572432827113346, -18.91411413725757], [47.5723770457642, -18.91427684170276], [47.57227751239736, -18.914699600406152], [47.57225802318925, -18.915186820715178], [47.57233951885388, -18.91546776442567], [47.57244999876855, -18.915816669903336], [47.57233536578451, -18.9159801486648], [47.572176645336015, -18.91605688241907], [47.57201806877896, -18.916155262855057], [47.57195113223912, -18.916350510167888], [47.57195243535671, -18.91654534199381], [47.57220293971409, -18.91658712179816], [47.57249879418407, -18.916606978828952], [47.57273900130406, -18.91670703020526], [47.57290695509198, -18.916712670753043], [47.57315896041774, -18.916678748325523], [47.57342033218271, -18.916644689201007], [47.57359972174987, -18.916622242122685], [47.57375161184751, -18.916859167616394], [47.57375233670115, -18.916967410017833], [47.57369045435104, -18.91732354694409], [47.57153333329683, -18.917166670105644], [47.57038538197986, -18.917054660444194], [47.56962736141372, -18.91703668029845], [47.569526857678454, -18.91713758872868], [47.569375919962795, -18.917279031402074], [47.56920818920656, -18.917432619419742], [47.5690613901711, -18.91756198959405], [47.568989858095506, -18.91759052867991], [47.568918299939696, -18.917615051393454], [47.568703249555426, -18.917632411906254], [47.56853617890158, -18.917645465565727], [47.56850083014922, -18.91764567960439], [47.568462888651425, -18.91764992260579], [47.56835747191991, -18.917658591170948], [47.56829021342264, -18.91769513332372], [47.56820194136668, -18.91774384780024], [47.568050000007645, -18.91790000338233], [47.56791696419663, -18.918030641600808], [47.56781171024227, -18.918063397607682], [47.567735033145425, -18.91807169835016], [47.56758792744091, -18.91803664277677], [47.567423020555964, -18.917981427101097], [47.567292132326145, -18.917966155713486], [47.56715283183786, -18.917954951060096], [47.567051500726336, -18.917943517079607], [47.56684884030187, -18.917920649118628], [47.56664842998117, -18.91786676264087], [47.56664151329528, -18.917805347938383], [47.5666077320613, -18.917749607957944], [47.56657912013037, -18.91770709070954], [47.56653275917955, -18.917675125206756], [47.566488537715884, -18.917646658066758], [47.56639326983361, -18.917595286992878], [47.56623154115283, -18.917542057020285], [47.566055543828384, -18.91748439698722], [47.56590336774633, -18.917440144946625], [47.56578412933413, -18.917352781205864], [47.56574154193868, -18.917289552570708], [47.56563850031665, -18.917043951317282], [47.56553568442433, -18.916809016023194], [47.56538815244147, -18.91661717893959], [47.56536451196274, -18.91644601007522], [47.56542542574289, -18.91630109781738], [47.56550349768838, -18.916198910551202], [47.56558128724669, -18.916053897569213], [47.56557480673206, -18.915925452797353], [47.56557868730664, -18.915663108865317], [47.565581393366756, -18.915224104808487], [47.565501538964895, -18.91505862775341], [47.56536966597736, -18.915014112211395], [47.56523000935755, -18.914970742405785], [47.56497950679898, -18.9148961112665], [47.56479002414045, -18.91472596403196], [47.56460619192234, -18.914497427414233], [47.56450761993091, -18.914277627710305], [47.56444653707814, -18.914078928799427], [47.56437094096623, -18.913944303886467], [47.56431061534278, -18.913859353925943], [47.56424263019335, -18.913746012368506], [47.56416642074379, -18.913518966826814], [47.56409805877843, -18.913348751243802], [47.56104489640501, -18.911378509310737], [47.560997633434226, -18.911348017796684], [47.560958485945434, -18.911324141695673], [47.56107170069856, -18.911319443637296], [47.56123137892513, -18.91113712407889], [47.561437799415046, -18.91088091801987], [47.56158387269761, -18.910706573649406], [47.561672946949045, -18.910649282338397], [47.56173807585168, -18.91057794361717], [47.56180312741259, -18.910495254552302], [47.56183553088522, -18.910435464025397], [47.5618078884234, -18.910313599592882], [47.561773135921555, -18.91020133722185], [47.561520365272656, -18.908303460136494], [47.56146485012289, -18.907818776815077], [47.56142190299846, -18.907557739597905], [47.561421468626065, -18.907492293234668], [47.56138906425389, -18.907411074561367], [47.56131909430087, -18.907229514030746], [47.5612615349919, -18.907135115792926], [47.56119332501203, -18.90704092799632], [47.561097260330484, -18.906943124025872], [47.56103710198073, -18.90686402235667], [47.56084929925589, -18.906721362001235], [47.560629792730936, -18.90659402699265], [47.56053966357467, -18.906569253368275], [47.560540805713686, -18.906394617617423], [47.56039311904726, -18.905944075258788], [47.56028342514014, -18.9057640147974], [47.560113087249306, -18.90564240667169], [47.559963520999816, -18.905585216084773], [47.55963043729503, -18.90546458102557], [47.55949455962627, -18.905426670104703], [47.55932439620403, -18.905330876118967], [47.55922203986535, -18.905234675639747], [47.55915346116336, -18.90511891220791], [47.55905767257366, -18.904990400886163], [47.558921284989424, -18.904875042149456], [47.55878493877401, -18.904766137846934], [47.558587522296364, -18.90465114333557], [47.55834355960775, -18.904548831962984], [47.559308840630536, -18.9043623602347], [47.55992655796433, -18.904228934117953], [47.56025031659897, -18.90403739111258], [47.560383332624895, -18.903883336346837], [47.56059365617227, -18.90363617297095], [47.56075935625938, -18.90332583042266], [47.560866666963136, -18.903250003185008], [47.56085343343938, -18.903158608682816], [47.560888238101825, -18.902975578659948], [47.5608950037016, -18.902788907282115], [47.560890070020776, -18.902648012295856], [47.56080862741629, -18.90243521021671], [47.560720111644, -18.902363374170363], [47.560556301032534, -18.902402444317318], [47.56041221705027, -18.90239949723889], [47.5603760768945, -18.902380669931915], [47.560487340118755, -18.902261932442173], [47.56052242177242, -18.902120797336806], [47.56046164289057, -18.902006898199772], [47.560408614366224, -18.90185486421052], [47.560323319965335, -18.901664934589007], [47.56018044916857, -18.901513295402196], [47.56011780509266, -18.90144906582168], [47.560052620432145, -18.901274252904386], [47.55996372874313, -18.901145287425038], [47.559926733332134, -18.9009969667365], [47.559809075028966, -18.90075390876575], [47.55992826667625, -18.90062369682613], [47.56003192793111, -18.900565944162963], [47.560089560984636, -18.90045156208987], [47.560041717950924, -18.899892652323956], [47.56013483105767, -18.899788334563937], [47.560114420044556, -18.89972751701123], [47.560008920575285, -18.899559652256073], [47.55974461522186, -18.8990493562427], [47.55985210309217, -18.898964917996466], [47.55992117102528, -18.89889284183107], [47.56009864863387, -18.898490102036476], [47.56009722680568, -18.89827497071326], [47.5601170649507, -18.898065029377562], [47.560094666435816, -18.897887736130087], [47.56004519562936, -18.897771165107144], [47.559983694592006, -18.897552965296995], [47.55994416129414, -18.897444978302985], [47.55993228035061, -18.897257365335065], [47.559960198004774, -18.897066503116605], [47.56001598205199, -18.896638593995817], [47.56001759723449, -18.896517552443072], [47.56025990786861, -18.896245024588097], [47.560555867559344, -18.895881813594713], [47.56095933220752, -18.89536951479124], [47.561188123333295, -18.895103521410363], [47.56128361964352, -18.89488307059719], [47.56133885420479, -18.894845016684087], [47.56136875306561, -18.894824415914], [47.561535080879366, -18.894698316573965], [47.56164512822022, -18.89462567473504], [47.56187395172168, -18.89454362059155], [47.562042115950874, -18.89452376715809], [47.562327744230174, -18.894550388889286], [47.56252771927893, -18.894629871871018], [47.562757988890155, -18.894766122758313], [47.56293842976481, -18.89490741974157], [47.563430776209486, -18.895464492192502], [47.5636202489755, -18.895524919439424], [47.56370040105264, -18.895519823880704], [47.56386478273373, -18.895495106014266], [47.56399423204829, -18.89546585106808], [47.56433357413533, -18.895333890846302], [47.56445446010537, -18.895280710336465], [47.564553436791755, -18.895248645008905], [47.56466334293907, -18.895200774995715], [47.56475673843289, -18.895158248754058], [47.56489409009026, -18.895094479626493], [47.56550674334159, -18.89471731295356], [47.565656840191195, -18.894623466899418], [47.565894950991265, -18.894603891356383], [47.56608660821058, -18.894666637954856], [47.566523355868355, -18.894795186148826], [47.566691386998, -18.894821305158985], [47.56679559504073, -18.89476609038269], [47.566837285812255, -18.894704723344205], [47.56692902565413, -18.894588345675572], [47.566968967244236, -18.89432879863506], [47.567021886950556, -18.894093577356614], [47.56715821877691, -18.893870055358718], [47.56732925723958, -18.893784329283335], [47.56736906393121, -18.893838385732863], [47.56741421169659, -18.89394387441024], [47.56743796279187, -18.89409527527664], [47.56741774063636, -18.894474254982754], [47.567420335180316, -18.894863923131425], [47.56742256819712, -18.895199471878072], [47.56742465732225, -18.895513371245045], [47.56743818942107, -18.89583802560435], [47.5674616554312, -18.895946130409527], [47.56761078820739, -18.89614007370534], [47.56774919836698, -18.89643149991366], [47.56787659812653, -18.8967771183693], [47.56800363815745, -18.89706861472473], [47.56809735380995, -18.897479381867868], [47.56817840071261, -18.897695382835536], [47.56829392492489, -18.89796530085789], [47.56835331165615, -18.898343801225394], [47.56834417364473, -18.898679418320455], [47.56847013358998, -18.89880855107367], [47.56866504815355, -18.8990455152383], [47.568711474754764, -18.89918595426832], [47.568622084841536, -18.89942463344005], [47.56854615687968, -18.899977143630167], [47.568503119823276, -18.900345437591795], [47.568471671430586, -18.900746135026054], [47.568528748702875, -18.900778264205485], [47.568633049375876, -18.901069897257855], [47.56870373608871, -18.90143750503671], [47.56872864461144, -18.901762090148225], [47.56880991184812, -18.902010563836427], [47.568970786173, -18.90225855638721], [47.569074220798825, -18.902420301255802], [47.569144259999746, -18.90269048997402], [47.56928195789607, -18.90287367468028], [47.569522801736014, -18.903175308193852], [47.56962558884999, -18.903239634001807], [47.56976227590843, -18.90327128114467], [47.5700252169903, -18.903475357101968], [47.57000377175683, -18.90367032922228], [47.57002767303885, -18.903843376770396], [47.570074463865524, -18.904037935202496], [47.5701567446381, -18.90443794555472], [47.570215485656206, -18.904719028660224], [47.57035391020486, -18.90501045217053], [47.57046835882784, -18.905118005691293], [47.57085878780288, -18.905678519847697], [47.57108797912713, -18.90593692205124], [47.571333333066946, -18.906000003197505], [47.571453280144794, -18.906140376577014], [47.57175027315668, -18.90633341875224], [47.57197859573563, -18.90646193187257], [47.57224074901143, -18.90654693938967], [47.57228841218051, -18.906871385106285], [47.57235845767684, -18.907141574723823], [47.57244031217067, -18.90747663783651], [47.57254143284092, -18.90899145679026], [47.572983332714784, -18.90900000304765]]]}}, {"type": "Feature", "properties": {"fokontany": "Manjakaray IId", "arrondissement": "5e Arrondissement", "pcode": "MG11101005014"}, "geometry": {"type": "Polygon", "coordinates": [[[47.53228264023181, -18.890226630154814], [47.532458594388686, -18.890273078339817], [47.532755546931014, -18.890351465947333], [47.53338333307448, -18.89050000157374], [47.533510184247746, -18.89053171616564], [47.533889120786455, -18.890626450750005], [47.53418333399384, -18.890700002702886], [47.534850559006145, -18.890905199215467], [47.53508330984698, -18.890962387104366], [47.53533681793988, -18.891058486859663], [47.535426002807924, -18.8911100090196], [47.53545401489106, -18.89121393467525], [47.53522154104127, -18.891205572778915], [47.53506666519456, -18.891200002378127], [47.53488965883088, -18.89117787725712], [47.53466666563418, -18.89115000187104], [47.53465404544801, -18.891369628005805], [47.53463407420327, -18.891436642786744], [47.53463460390401, -18.891518642071617], [47.534628331132694, -18.891600681825878], [47.53460172558914, -18.891693630356713], [47.534525412717755, -18.891812766246062], [47.53445993218031, -18.89185415124797], [47.53433582933519, -18.891945513374708], [47.53422987301042, -18.892038926854866], [47.53414394728537, -18.892073958146625], [47.53403333427099, -18.892083335377606], [47.53396154409006, -18.892177798366674], [47.53392278061193, -18.89223143483281], [47.533884250058065, -18.892320679056013], [47.533847144929894, -18.89236783230956], [47.53380815392336, -18.892385863716527], [47.53376569692955, -18.892394203129925], [47.53373180687754, -18.892412204859284], [47.53371154695043, -18.89243498288812], [47.53365038855458, -18.89244343201875], [47.53362849366016, -18.89247593171882], [47.53361165835139, -18.892501923924613], [47.53354026477143, -18.892505578769317], [47.5334909567423, -18.892505868351122], [47.53342467400961, -18.892511112297882], [47.53335156092584, -18.892511540375267], [47.53330723604017, -18.892493648363143], [47.53331194129311, -18.89243246478634], [47.533298026083116, -18.892383991328074], [47.533243353597925, -18.892343848289897], [47.53317705287867, -18.89234585467733], [47.5331056386143, -18.892346272862085], [47.533022428842116, -18.89236294359489], [47.532975206340836, -18.89242310464249], [47.53292964129008, -18.892476780678805], [47.53293333300701, -18.892516670108193], [47.532383332824736, -18.89336666973594], [47.532343739272335, -18.893397861821825], [47.53231405804735, -18.893365664293924], [47.53225482060361, -18.89332069279567], [47.532156599347616, -18.893206895281935], [47.532083333379205, -18.89313333613444], [47.532024772225554, -18.893155873144906], [47.531959066857496, -18.8931627313749], [47.531918413004405, -18.89318670640131], [47.531923281034665, -18.893238468680295], [47.531939456241105, -18.893285851261], [47.53195802544252, -18.893352640312003], [47.53196511839559, -18.893397915781065], [47.53198333326435, -18.893516670357997], [47.53184185371873, -18.893100304035784], [47.5317367580451, -18.892873284574307], [47.531624131448666, -18.89271459829996], [47.53147947100098, -18.892533337243606], [47.531222120104815, -18.892260131299963], [47.530771464431666, -18.892451525017805], [47.53044545569327, -18.8925918912027], [47.53025252593346, -18.89268385857315], [47.530155284938644, -18.89239689570013], [47.5300744466785, -18.892222848105916], [47.52997613638968, -18.892095494211617], [47.52954911489985, -18.892347315176437], [47.529340443406795, -18.892408994279606], [47.528999183065935, -18.892365696419688], [47.52866355427966, -18.892238657288146], [47.52836690480899, -18.891974813286936], [47.528094073882585, -18.891695652932015], [47.5280353031867, -18.89159274980551], [47.52797313844974, -18.891483897663647], [47.527892060070485, -18.891271913068238], [47.52787514202436, -18.891120255895032], [47.52789135859945, -18.889943269066578], [47.52794896737106, -18.889948903319123], [47.52884365431123, -18.889928831350403], [47.52899999875103, -18.889950003189995], [47.529766667197975, -18.889933336953845], [47.530047258374395, -18.889951439407355], [47.53028333310948, -18.889966670325464], [47.530683332669696, -18.889966670325464], [47.53106507958984, -18.8899970242432], [47.53151666696067, -18.890050003304907], [47.53228264023181, -18.890226630154814]]]}}, {"type": "Feature", "properties": {"fokontany": "Manjakaray IIc", "arrondissement": "5e Arrondissement", "pcode": "MG11101005012"}, "geometry": {"type": "Polygon", "coordinates": [[[47.53529617218078, -18.886698231837897], [47.535213328432405, -18.886842198008992], [47.53518485319847, -18.886945764835104], [47.53505334533577, -18.887095331084538], [47.53503522309711, -18.887161007674308], [47.53483752872904, -18.887318528427272], [47.534760973939854, -18.887361849669503], [47.53464561430371, -18.887605545259646], [47.53463136274729, -18.887784568802715], [47.53461052905271, -18.887899095666626], [47.534552924777756, -18.88804610604285], [47.53449838269438, -18.88819016394484], [47.53441918659615, -18.88833436573833], [47.53435146314962, -18.888409790978983], [47.53428149679371, -18.888487711838366], [47.53414040125858, -18.888591210316065], [47.5340272485588, -18.888726810094113], [47.533589327285654, -18.88867950305655], [47.53343522305727, -18.888677470588732], [47.5333833834365, -18.88876284412987], [47.53329098708957, -18.88877218538795], [47.533220448764894, -18.888825399172788], [47.53302580669566, -18.88882341526829], [47.533026061203884, -18.88889389963373], [47.53302627704119, -18.888954548113816], [47.53298527604977, -18.88896023722515], [47.53289726119982, -18.888972450917777], [47.53291546707521, -18.889169742389583], [47.532918767587034, -18.889373190620177], [47.5327101608454, -18.889383141618623], [47.5326183418631, -18.889416971415983], [47.53250503088259, -18.889617628150916], [47.53228264023181, -18.890226630154814], [47.53151666696067, -18.890050003304907], [47.53106507958984, -18.8899970242432], [47.530683332669696, -18.889966670325464], [47.53028333310948, -18.889966670325464], [47.530047258374395, -18.889951439407355], [47.529766667197975, -18.889933336953845], [47.52899999875103, -18.889950003189995], [47.52884365431123, -18.889928831350403], [47.52794896737106, -18.889948903319123], [47.52789135859945, -18.889943269066578], [47.52789689122858, -18.88954187016111], [47.52795802893996, -18.889131773012878], [47.52815982421663, -18.888280767043682], [47.528284936101045, -18.88789853269111], [47.52850412336676, -18.88727717400235], [47.52870013510318, -18.886767651405933], [47.52885707309554, -18.886379759418332], [47.52872143914311, -18.886254903840722], [47.52854768472798, -18.88603445662477], [47.52844302342686, -18.88583821466176], [47.52838123100912, -18.885608915419027], [47.52835469831075, -18.885502441084725], [47.528308558593096, -18.88502698480744], [47.52823599229737, -18.884461458729277], [47.52817141018261, -18.883797462282928], [47.52812506272164, -18.883289197838167], [47.52807121131741, -18.882937543132982], [47.52820735878265, -18.882983594717075], [47.52851136380838, -18.88304180963172], [47.529159367610816, -18.883141649667323], [47.529688204047545, -18.88313856858997], [47.52997269738222, -18.883115097183918], [47.53014445080595, -18.883097736671175], [47.53032766339112, -18.883080308709168], [47.53052212109901, -18.883030095062793], [47.53096227898607, -18.882880291392212], [47.53123665674639, -18.882785984885174], [47.531447914689636, -18.882675685734284], [47.53168222585407, -18.882587068338466], [47.5320410310689, -18.882419486869765], [47.532008683354206, -18.882544379319597], [47.53177380201953, -18.88329418278022], [47.531679508102854, -18.883541168989666], [47.53167580109749, -18.883710044582813], [47.53174456595906, -18.883965205629693], [47.53182262441476, -18.884174678418617], [47.53193377162637, -18.884310937399732], [47.53212641899904, -18.884446720639517], [47.532357212915144, -18.884550335129745], [47.53257327323803, -18.884599272638297], [47.53279842121026, -18.884570575271766], [47.53317712842181, -18.884563799779414], [47.5333933641125, -18.884640116248306], [47.533585894573434, -18.88475764414983], [47.53376419236366, -18.884898074186708], [47.534000224830606, -18.885019081565304], [47.53407579396276, -18.88503325218278], [47.5341822700957, -18.885053218031544], [47.53442296015152, -18.885101678899332], [47.53445562172965, -18.88510865763834], [47.534465915369765, -18.885241572040854], [47.53444606463427, -18.885339154778137], [47.53439439678402, -18.88545092791793], [47.53458280655144, -18.885516214201857], [47.53466014015339, -18.885560843957762], [47.53465736214764, -18.885607793964482], [47.53481811866135, -18.885686055666838], [47.534886236910495, -18.885735527372617], [47.534945070558706, -18.885779184062073], [47.53496093639819, -18.885849493958915], [47.535120647899646, -18.88602191108231], [47.53524978604884, -18.886196884078856], [47.5353083939674, -18.886205340404103], [47.535509933836465, -18.886394833854467], [47.53529617218078, -18.886698231837897]]]}}, {"type": "Feature", "properties": {"fokontany": "Avaratanana", "arrondissement": "6e Arrondissement", "pcode": "MG11101006002"}, "geometry": {"type": "Polygon", "coordinates": [[[47.484363612190975, -18.839890210964427], [47.484905483401405, -18.84003206103074], [47.48531071971405, -18.83994931440924], [47.48576736936866, -18.83997895786257], [47.48619060291412, -18.840073175336727], [47.48691794041065, -18.84013349826222], [47.48745991234517, -18.840291437199994], [47.48762956405312, -18.8403870702071], [47.487730625368215, -18.840512147917252], [47.48795325433929, -18.840787683104963], [47.48818304101468, -18.84107897621368], [47.48834516629637, -18.841284493784315], [47.488838812261406, -18.84182902698791], [47.489129691682024, -18.84239079120198], [47.489300236416966, -18.84264641989631], [47.48926666742284, -18.84266666993085], [47.48796666592898, -18.84345000281536], [47.487716666091444, -18.843416671242267], [47.48743333288212, -18.843400004106797], [47.487300000294795, -18.84333333736356], [47.487161655785826, -18.84331406129479], [47.48720409928984, -18.843075847072612], [47.4868795285675, -18.843000231175665], [47.48650756896927, -18.843723672809233], [47.48634755979219, -18.84364159168598], [47.48616844811556, -18.843625474935664], [47.486171648802554, -18.843748111885816], [47.486173204629665, -18.84380762901884], [47.48608961984013, -18.843939590139883], [47.48591197405847, -18.844260317159865], [47.485798741319, -18.844464750148063], [47.485789894688025, -18.844691340632835], [47.485575722941405, -18.844660368880852], [47.48530514032001, -18.8446399650623], [47.48509175008439, -18.844652606832312], [47.48503286337609, -18.844656096201845], [47.48479152221108, -18.844712231883875], [47.484546537892584, -18.84479943284748], [47.484256802409675, -18.844905163442434], [47.4840891283107, -18.844966350616517], [47.4837808775855, -18.845059383683576], [47.48350678401101, -18.84509195802741], [47.483280325726525, -18.8450731316197], [47.48290536868791, -18.84492363911454], [47.482663694773805, -18.844798499351214], [47.48260161996876, -18.844767614833472], [47.48247129201661, -18.844702776411907], [47.48230359003878, -18.844568566985686], [47.482047206813206, -18.84436179576022], [47.48195465758147, -18.844283781371303], [47.48176968232502, -18.844147839850848], [47.481361337056114, -18.843870688581376], [47.481122522086764, -18.84371313185551], [47.48105868101351, -18.843674302726868], [47.48095886975614, -18.84361359579077], [47.48068709013722, -18.843397778284782], [47.48059079432983, -18.84333439406697], [47.48063076469816, -18.843480709267283], [47.4807268428695, -18.843665085575196], [47.48086958506343, -18.843893377577217], [47.48100146344683, -18.844109401927255], [47.481125695794276, -18.84431005776287], [47.48119788617362, -18.844469914055253], [47.48122634162246, -18.844535500712766], [47.48127838359051, -18.844681869872318], [47.48089978789494, -18.844777492986793], [47.480751681245124, -18.844814842730727], [47.480312039569014, -18.844856245719143], [47.480216920974215, -18.844776419196364], [47.48007270389223, -18.84461407178196], [47.479545065352625, -18.844614088869037], [47.47961666577669, -18.842900002632973], [47.47947872686183, -18.84236851769282], [47.479270626438336, -18.842299883232897], [47.47922509286377, -18.84184650441256], [47.47899999885101, -18.841566669566078], [47.47890487755808, -18.841423727722827], [47.4789748196323, -18.841343359808093], [47.479152367388, -18.841164420801306], [47.47947663593811, -18.840841780024107], [47.47973688714768, -18.840559079937464], [47.48006749591826, -18.84020251133677], [47.4802482029923, -18.84002861482861], [47.480639919796545, -18.839668903996653], [47.48096651579226, -18.839370559303802], [47.48125564243401, -18.83912267287303], [47.4814347478154, -18.838977872131068], [47.48167688308172, -18.83879479534346], [47.48187408821872, -18.838608403654803], [47.48192261743492, -18.838640327788823], [47.48197030218779, -18.838660851217185], [47.48209999971533, -18.838716670337988], [47.482362330157514, -18.838855058014417], [47.48285456598546, -18.8391742570862], [47.48315995326942, -18.839349623086605], [47.483804045920124, -18.839619682302384], [47.484363612190975, -18.839890210964427]]]}}, {"type": "Feature", "properties": {"fokontany": "Ambatolampy", "arrondissement": "6e Arrondissement", "pcode": "MG11101006004"}, "geometry": {"type": "Polygon", "coordinates": [[[47.491328304757644, -18.8446065948184], [47.49086666656348, -18.84540000280782], [47.49048333323924, -18.84768333561732], [47.48705875985405, -18.848842312622537], [47.48645642272578, -18.84908707390923], [47.48605699063768, -18.848924813729127], [47.485827438685476, -18.848852571189184], [47.48574172969711, -18.84922240838739], [47.48572772905146, -18.849293414359465], [47.48567973043538, -18.849536874327214], [47.4850559040068, -18.849425201012195], [47.48492926867084, -18.849216158099182], [47.484683421902446, -18.848751853415195], [47.48460529959493, -18.848626555371197], [47.484450815852654, -18.848459400181127], [47.48432634608412, -18.84829194371821], [47.48418975705175, -18.848167195159817], [47.481969201417655, -18.847596638274183], [47.480851151659465, -18.847849005127443], [47.47854999968291, -18.84648333603701], [47.47954034301239, -18.84472712375765], [47.479545065352625, -18.844614088869037], [47.48007270389223, -18.84461407178196], [47.480216920974215, -18.844776419196364], [47.480312039569014, -18.844856245719143], [47.480751681245124, -18.844814842730727], [47.48089978789494, -18.844777492986793], [47.48127838359051, -18.844681869872318], [47.48122634162246, -18.844535500712766], [47.48119788617362, -18.844469914055253], [47.481125695794276, -18.84431005776287], [47.48100146344683, -18.844109401927255], [47.48086958506343, -18.843893377577217], [47.4807268428695, -18.843665085575196], [47.48063076469816, -18.843480709267283], [47.48059079432983, -18.84333439406697], [47.48068709013722, -18.843397778284782], [47.48095886975614, -18.84361359579077], [47.48105868101351, -18.843674302726868], [47.481122522086764, -18.84371313185551], [47.481361337056114, -18.843870688581376], [47.48176968232502, -18.844147839850848], [47.48195465758147, -18.844283781371303], [47.482047206813206, -18.84436179576022], [47.48230359003878, -18.844568566985686], [47.48247129201661, -18.844702776411907], [47.48260161996876, -18.844767614833472], [47.482663694773805, -18.844798499351214], [47.48290536868791, -18.84492363911454], [47.483280325726525, -18.8450731316197], [47.48350678401101, -18.84509195802741], [47.4837808775855, -18.845059383683576], [47.4840891283107, -18.844966350616517], [47.484256802409675, -18.844905163442434], [47.484546537892584, -18.84479943284748], [47.48479152221108, -18.844712231883875], [47.48503286337609, -18.844656096201845], [47.48509175008439, -18.844652606832312], [47.48530514032001, -18.8446399650623], [47.485575722941405, -18.844660368880852], [47.485789894688025, -18.844691340632835], [47.485798741319, -18.844464750148063], [47.48591197405847, -18.844260317159865], [47.48608961984013, -18.843939590139883], [47.486173204629665, -18.84380762901884], [47.486171648802554, -18.843748111885816], [47.48616844811556, -18.843625474935664], [47.48634755979219, -18.84364159168598], [47.48650756896927, -18.843723672809233], [47.4868795285675, -18.843000231175665], [47.48720409928984, -18.843075847072612], [47.487161655785826, -18.84331406129479], [47.487300000294795, -18.84333333736356], [47.48743333288212, -18.843400004106797], [47.487716666091444, -18.843416671242267], [47.48796666592898, -18.84345000281536], [47.48926666742284, -18.84266666993085], [47.489300236416966, -18.84264641989631], [47.48985712001024, -18.843481137344497], [47.49010619174754, -18.84382470264785], [47.49032796186606, -18.844145398191472], [47.490582647171436, -18.84432103398848], [47.49081952859848, -18.84435189872113], [47.49109012470967, -18.84436647763073], [47.491328304757644, -18.8446065948184]]]}}, {"type": "Feature", "properties": {"fokontany": "Andranomena", "arrondissement": "6e Arrondissement", "pcode": "MG11101006005"}, "geometry": {"type": "Polygon", "coordinates": [[[47.4850559040068, -18.849425201012195], [47.484183334093586, -18.849916669718482], [47.48363333301194, -18.8499833355624], [47.48353333289708, -18.85095000333996], [47.483740017787625, -18.85171510157062], [47.48393949820934, -18.85251806485678], [47.48353333289708, -18.85488333579724], [47.48264999899828, -18.855450004014358], [47.482479052266456, -18.855517921714636], [47.48209999881601, -18.85576666969598], [47.48201666583651, -18.856250004034393], [47.481883097626906, -18.856496513603133], [47.48034999905326, -18.856650002695403], [47.48013241977549, -18.856664240761972], [47.47873698312537, -18.856755548030094], [47.47950000032483, -18.855166669905827], [47.47943633102193, -18.854398206412043], [47.47942364338661, -18.85437090029677], [47.47904066439514, -18.85354660329307], [47.47865951912161, -18.852619306036047], [47.4782541407161, -18.851642543368655], [47.47841513015425, -18.85156230855364], [47.47874895310184, -18.85135402017187], [47.47864254261924, -18.851214770045488], [47.47843111020762, -18.85098094541428], [47.47828762427457, -18.850824041596184], [47.478144138341406, -18.850667137778146], [47.47805484825284, -18.850553942810166], [47.477973116066494, -18.850428276943376], [47.478084937769665, -18.850236950674685], [47.47816594510243, -18.850045794377877], [47.478246203299705, -18.849732395033982], [47.47829630543032, -18.84952673986703], [47.47854999968291, -18.84648333603701], [47.480851151659465, -18.847849005127443], [47.481969201417655, -18.847596638274183], [47.48418975705175, -18.848167195159817], [47.48432634608412, -18.84829194371821], [47.484450815852654, -18.848459400181127], [47.48460529959493, -18.848626555371197], [47.484683421902446, -18.848751853415195], [47.48492926867084, -18.849216158099182], [47.4850559040068, -18.849425201012195]]]}}, {"type": "Feature", "properties": {"fokontany": "Ambodimita", "arrondissement": "6e Arrondissement", "pcode": "MG11101006012"}, "geometry": {"type": "Polygon", "coordinates": [[[47.49555434585653, -18.861462730920266], [47.496202221955116, -18.86310403322443], [47.49592846292825, -18.863098596822738], [47.495495178559736, -18.863074562441057], [47.495037313921046, -18.86305180599595], [47.49474911358084, -18.86307471082921], [47.49416605971595, -18.863129066752947], [47.493685756992136, -18.863172203634235], [47.49308834275297, -18.86318572404184], [47.493021865766536, -18.865921903273147], [47.49297077887843, -18.86649171192289], [47.4927606927518, -18.866576121390835], [47.492614042104435, -18.86663747493941], [47.492351898721324, -18.866657864368847], [47.49230442620848, -18.866692178001585], [47.49216553581101, -18.86672322259858], [47.49190091929205, -18.866768138338784], [47.491672109280614, -18.86684003284114], [47.49158778344946, -18.866988494723216], [47.49155872005906, -18.867039660751686], [47.49154758285482, -18.867418446204226], [47.49163093741788, -18.867607940553967], [47.49170061778938, -18.867835023867144], [47.49179729401004, -18.868134168956658], [47.49181345212912, -18.868292949659804], [47.49187449361318, -18.868350376768376], [47.491914124037635, -18.868624570167754], [47.491988474588595, -18.868973184264917], [47.49184929640796, -18.869099420301893], [47.49163449513594, -18.86924780304355], [47.49139540227611, -18.869343840745614], [47.49130000039486, -18.869450002115798], [47.4911499997728, -18.869716669088916], [47.49078333268483, -18.87001667033303], [47.49044999986762, -18.870383335622364], [47.48998333356417, -18.870750003609714], [47.489449998718555, -18.870766668946487], [47.48831666678092, -18.871216669014018], [47.487855126612885, -18.871313836264505], [47.487683332719655, -18.87135000429913], [47.48751088232149, -18.87126232129907], [47.486054101116, -18.87052161268224], [47.48470000090447, -18.869950003589736], [47.480966665979, -18.87458333595214], [47.48051666681073, -18.869500002623], [47.48056492263322, -18.866665937582923], [47.47950000032483, -18.866083336077054], [47.480807089375844, -18.86320671241981], [47.480843293383316, -18.863090690882643], [47.481405012631285, -18.86313082133023], [47.48236140475518, -18.863260724802558], [47.48284904234947, -18.863284954337132], [47.48336250217773, -18.863310463606922], [47.484375980567165, -18.863274075238337], [47.485241517782015, -18.863225725886423], [47.48541093926349, -18.863211695563223], [47.48553542342103, -18.863201386634557], [47.48608957127681, -18.863177131019654], [47.48626380682941, -18.86314640658128], [47.4869842402307, -18.862730042957082], [47.487622602401245, -18.86227842321057], [47.48802025832828, -18.86205866757342], [47.488123041844915, -18.861963081331112], [47.48830631828196, -18.86199212943319], [47.48914776715577, -18.861844558779296], [47.489733687160026, -18.86173737577917], [47.49048315607291, -18.861606547803888], [47.491164380831606, -18.86146960713654], [47.49184913542939, -18.861352124201062], [47.49258857240483, -18.86125381121434], [47.49316435704952, -18.861162908641234], [47.493338157330186, -18.861142449964007], [47.49418375387728, -18.86111496218564], [47.49511791386078, -18.861070735326052], [47.495489285302256, -18.861060351753736], [47.49548530040647, -18.86117939591236], [47.495521714855386, -18.861315782597217], [47.49555434585653, -18.861462730920266]]]}}, {"type": "Feature", "properties": {"fokontany": "Ambodihady", "arrondissement": "6e Arrondissement", "pcode": "MG11101006029"}, "geometry": {"type": "Polygon", "coordinates": [[[47.487855126612885, -18.871313836264505], [47.48995000019255, -18.872033337068785], [47.490233333401704, -18.87198333656164], [47.49069999880601, -18.871866669311316], [47.49101966192791, -18.872581884846], [47.49098299027287, -18.87268569898572], [47.490900187893544, -18.87295066713955], [47.49084949221049, -18.873122102203183], [47.490816041926905, -18.87343865816746], [47.49079531615092, -18.87350586360469], [47.49191666732037, -18.873400002607923], [47.49231666688081, -18.87351666985836], [47.49153333309698, -18.873750002560485], [47.49183333164302, -18.874383335722314], [47.49194999979278, -18.874600003087608], [47.492049999907636, -18.874866670060726], [47.49189779774531, -18.87491866706273], [47.49187067419234, -18.874977515999547], [47.49148136577253, -18.875220439971258], [47.49144273899128, -18.875783268083296], [47.491441003299656, -18.87583228743], [47.49486242725931, -18.8857770077027], [47.49845982875809, -18.88551311064151], [47.4984682652983, -18.885755475234873], [47.49847407222069, -18.886048622745705], [47.49849394094264, -18.88636628037949], [47.49850538301712, -18.886606393070565], [47.4985014673689, -18.886848556215796], [47.49591666562168, -18.88653333574473], [47.49234634810557, -18.888629566401278], [47.49185829412505, -18.888859592296228], [47.49292955935181, -18.890262682176967], [47.49110000016498, -18.891616669973246], [47.490754546285416, -18.89188225686064], [47.490338190754926, -18.891376168775082], [47.489516115976016, -18.89044025061702], [47.48875773118442, -18.889381295310443], [47.48817309001623, -18.88862805823817], [47.48754574813785, -18.887915948961847], [47.4868178917323, -18.887350446266055], [47.48655288041118, -18.88714454468493], [47.485193984115256, -18.88623206016132], [47.484803315021, -18.885579956349886], [47.4838712540552, -18.884215251332762], [47.48359503718126, -18.88357450326066], [47.483370051986356, -18.883052599697635], [47.483022230191864, -18.882379806982385], [47.482373833385736, -18.881729136690183], [47.48114362288004, -18.880775007260752], [47.480572404093266, -18.880317276620985], [47.480595490589565, -18.87977074962032], [47.48058361144456, -18.87955932710122], [47.48060073723428, -18.879514724324963], [47.48036666618867, -18.87785000277529], [47.480966665979, -18.87458333595214], [47.48470000090447, -18.869950003589736], [47.486054101116, -18.87052161268224], [47.48751088232149, -18.87126232129907], [47.487683332719655, -18.87135000429913], [47.487855126612885, -18.871313836264505]]]}}, {"type": "Feature", "properties": {"fokontany": "Anosisoa", "arrondissement": "6e Arrondissement", "pcode": "MG11101006001"}, "geometry": {"type": "Polygon", "coordinates": [[[47.49323142758834, -18.869234505667805], [47.49323216593177, -18.869270758238827], [47.493329740575234, -18.86954401994052], [47.49342991695727, -18.86985035421037], [47.49349702796559, -18.87004278394727], [47.493627072631455, -18.870334119324127], [47.49373122221817, -18.87050808597934], [47.49396646508035, -18.87075661542542], [47.49409486668492, -18.870861710199733], [47.49415197183606, -18.87090844706711], [47.49434687380921, -18.87102942207008], [47.4944414024489, -18.871087424744758], [47.49419920602867, -18.87118829720208], [47.49402902911646, -18.871280874312845], [47.49390188476434, -18.871473584638125], [47.49385679365622, -18.871541925919075], [47.49366554562852, -18.871741021430864], [47.49349542177646, -18.87184246405843], [47.49343283525718, -18.871878407262557], [47.49323555997324, -18.87199170115599], [47.49302878784829, -18.87219088120412], [47.4927166673404, -18.872383337021347], [47.49235000025243, -18.872783336581676], [47.49231666688081, -18.87351666985836], [47.49191666732037, -18.873400002607923], [47.49079531615092, -18.87350586360469], [47.490816041926905, -18.87343865816746], [47.49084949221049, -18.873122102203183], [47.490900187893544, -18.87295066713955], [47.49098299027287, -18.87268569898572], [47.49101966192791, -18.872581884846], [47.49069999880601, -18.871866669311316], [47.490233333401704, -18.87198333656164], [47.48995000019255, -18.872033337068785], [47.487855126612885, -18.871313836264505], [47.48831666678092, -18.871216669014018], [47.489449998718555, -18.870766668946487], [47.48998333356417, -18.870750003609714], [47.49044999986762, -18.870383335622364], [47.49078333268483, -18.87001667033303], [47.4911499997728, -18.869716669088916], [47.49130000039486, -18.869450002115798], [47.49139540227611, -18.869343840745614], [47.49163449513594, -18.86924780304355], [47.49184929640796, -18.869099420301893], [47.491988474588595, -18.868973184264917], [47.491914124037635, -18.868624570167754], [47.49187449361318, -18.868350376768376], [47.49181345212912, -18.868292949659804], [47.49179729401004, -18.868134168956658], [47.49170061778938, -18.867835023867144], [47.49163093741788, -18.867607940553967], [47.49154758285482, -18.867418446204226], [47.49155872005906, -18.867039660751686], [47.49158778344946, -18.866988494723216], [47.491672109280614, -18.86684003284114], [47.49190091929205, -18.866768138338784], [47.49216553581101, -18.86672322259858], [47.49230442620848, -18.866692178001585], [47.492351898721324, -18.866657864368847], [47.492614042104435, -18.86663747493941], [47.4927606927518, -18.866576121390835], [47.49297077887843, -18.86649171192289], [47.493006824605345, -18.866540983079858], [47.49305000015755, -18.866600001988445], [47.49303333302197, -18.86663333625944], [47.49305000015755, -18.866700003002677], [47.493066667292965, -18.86695000284027], [47.49303007657693, -18.8670815268909], [47.492991396735704, -18.86725197899557], [47.492948857903514, -18.86773177989761], [47.49293569092953, -18.86788027055792], [47.493016666785934, -18.86791666881919], [47.493199998980856, -18.86806666944119], [47.49359999944045, -18.86846666990084], [47.49368333331927, -18.86873333597464], [47.49323142758834, -18.869234505667805]]]}}, {"type": "Feature", "properties": {"fokontany": "Ankazomanga Atsimo", "arrondissement": "6e Arrondissement", "pcode": "MG11101006031"}, "geometry": {"type": "Polygon", "coordinates": [[[47.51458771635009, -18.892366364615953], [47.51465178944858, -18.892449846882812], [47.51490684257669, -18.892800105840138], [47.51504422391184, -18.892995542010567], [47.515070027260094, -18.893024653964574], [47.515122580942545, -18.89308394806568], [47.515255319977086, -18.8931609336301], [47.515345920378024, -18.89318843489832], [47.51538002267006, -18.893197241059795], [47.51546177374189, -18.89320787734158], [47.515504559887574, -18.893207630927407], [47.51557454872648, -18.89320352642153], [47.51563031478719, -18.893281442784314], [47.51572760704357, -18.89341738160681], [47.51569681875327, -18.893469392998043], [47.515677959969935, -18.893562060940326], [47.515664237214935, -18.893642561954607], [47.515686749943654, -18.89372121306343], [47.51570289727107, -18.893813677759], [47.515711192617516, -18.893895082591882], [47.51641043529338, -18.894836949765306], [47.51637661898593, -18.894838824851774], [47.516055990891346, -18.894886995238608], [47.515482672187716, -18.895024530357716], [47.51504024261317, -18.89515172417265], [47.51456835844317, -18.895298964775293], [47.51452377455263, -18.895342075576252], [47.514469861994655, -18.895395152664037], [47.514424895892375, -18.8954455515709], [47.51437852774694, -18.895513489056214], [47.514315195689846, -18.89559624736887], [47.51428839859091, -18.895629032154034], [47.51426242437151, -18.895665288322334], [47.51418856574969, -18.895766105920984], [47.51368784122104, -18.89633884905851], [47.513588140580396, -18.896502422248886], [47.51347378728559, -18.896737989766393], [47.513404581756106, -18.896944535262037], [47.513374600157704, -18.897118534292815], [47.51336596127027, -18.89720843232317], [47.51335159639916, -18.897345827148115], [47.51325087682659, -18.89732894597398], [47.51308451483857, -18.897305929624906], [47.51289848197939, -18.897293004568382], [47.512866665764136, -18.89730000309254], [47.51274699927461, -18.89729828089088], [47.51271138702106, -18.897287156277116], [47.51261085720546, -18.897255751051944], [47.512429703168436, -18.897248773212198], [47.512164443634276, -18.897262319700246], [47.51191585303428, -18.897247712012188], [47.51169681955258, -18.89724495918739], [47.51164121177254, -18.897248587052616], [47.511596705223894, -18.89724930740954], [47.5114889592482, -18.897090274896243], [47.51136979008385, -18.896933122865278], [47.511229539012106, -18.896757948420486], [47.5110906935808, -18.896583485339534], [47.510933674649436, -18.896389544741623], [47.510731373953774, -18.896131170417107], [47.510587939282004, -18.89595460292253], [47.51044134079541, -18.895813530769715], [47.51027755536501, -18.895633854318874], [47.51002562108573, -18.895357387433364], [47.50978906071674, -18.895100719122865], [47.50956613676789, -18.894856875144626], [47.509411415604404, -18.894681446191726], [47.50922036272971, -18.894476121975345], [47.509061125170945, -18.89430071820351], [47.508824676317886, -18.894061251225708], [47.50861539058798, -18.893830227982562], [47.50847438768301, -18.893680522338173], [47.508356027908405, -18.89353928740809], [47.508251195736136, -18.893393674578306], [47.50816884481645, -18.893230730913444], [47.508158750825885, -18.893063075700354], [47.50817473357722, -18.892731856290027], [47.5081733234403, -18.89250824615857], [47.50816747694762, -18.892297561982843], [47.508328575203734, -18.892335596110797], [47.50897068395, -18.891616256285147], [47.508998730207225, -18.891583143247374], [47.50900111520929, -18.8913990879974], [47.50898363328815, -18.89066089028779], [47.5088958729462, -18.88995970417693], [47.50875065581829, -18.889295455920433], [47.508553466869046, -18.888521673836067], [47.50846732710562, -18.88807674684432], [47.50835449366508, -18.887730950323032], [47.50833500895362, -18.88767122994318], [47.50840930644449, -18.887664870837057], [47.508415114266256, -18.887590615614386], [47.50872834903413, -18.887552557204685], [47.50887483870292, -18.887437970086125], [47.50940878778533, -18.88752064026528], [47.50939743294526, -18.887642697152728], [47.50955000023242, -18.887666670380497], [47.50958333360404, -18.88753333509527], [47.50947694830256, -18.88739478104418], [47.50968408285422, -18.886655502349527], [47.50982199029278, -18.88632325501419], [47.509965876424246, -18.886109034704134], [47.51040487328635, -18.886707760154877], [47.511128740299284, -18.88769400167672], [47.5115681553462, -18.888291269326544], [47.51205075673704, -18.888951227816847], [47.512498075026315, -18.889566960346883], [47.51295697118741, -18.890167812694358], [47.51315530227549, -18.890430138639886], [47.51338060583032, -18.890728141590444], [47.51363169744502, -18.89106731910141], [47.5138744667334, -18.891404906611115], [47.51392601767168, -18.891476591571404], [47.514306640439145, -18.892000141793062], [47.51458771635009, -18.892366364615953]]]}}, {"type": "Feature", "properties": {"fokontany": "Andraharo", "arrondissement": "6e Arrondissement", "pcode": "MG11101006030"}, "geometry": {"type": "Polygon", "coordinates": [[[47.51119998459171, -18.876851338918073], [47.51116120132855, -18.877194634424768], [47.511064615939404, -18.878081497263224], [47.51096448272483, -18.87888416287376], [47.51073731937197, -18.879505400154017], [47.510396300948685, -18.880289521743975], [47.51007639860694, -18.881094359217286], [47.50985846409702, -18.88162216682946], [47.50965406708161, -18.88210382393231], [47.50938102301586, -18.88266485699745], [47.50899200777502, -18.88347666961255], [47.508708949758386, -18.884105014234933], [47.508684495393254, -18.884137864670606], [47.50861049467869, -18.884244833632124], [47.50900292284672, -18.884795480427044], [47.50981374890546, -18.885901556611486], [47.509965876424246, -18.886109034704134], [47.50982199029278, -18.88632325501419], [47.50968408285422, -18.886655502349527], [47.50947694830256, -18.88739478104418], [47.50958333360404, -18.88753333509527], [47.50955000023242, -18.887666670380497], [47.50939743294526, -18.887642697152728], [47.50940878778533, -18.88752064026528], [47.50887483870292, -18.887437970086125], [47.50872834903413, -18.887552557204685], [47.508415114266256, -18.887590615614386], [47.50840930644449, -18.887664870837057], [47.50833500895362, -18.88767122994318], [47.50835449366508, -18.887730950323032], [47.50846732710562, -18.88807674684432], [47.508553466869046, -18.888521673836067], [47.50875065581829, -18.889295455920433], [47.5088958729462, -18.88995970417693], [47.50898363328815, -18.89066089028779], [47.50900111520929, -18.8913990879974], [47.508998730207225, -18.891583143247374], [47.50897068395, -18.891616256285147], [47.508328575203734, -18.892335596110797], [47.50816747694762, -18.892297561982843], [47.50812600201351, -18.892168788958372], [47.508071029154735, -18.89204869259305], [47.50798913868789, -18.891958853018593], [47.50789813179341, -18.891856163930697], [47.50777095686436, -18.89174938202825], [47.507671186076436, -18.891689746184795], [47.50740423132038, -18.89162676576251], [47.50712391173931, -18.891593962990896], [47.50688333409863, -18.891583336601627], [47.50672613080633, -18.891561832012826], [47.50659048876008, -18.891545404097087], [47.50626953780892, -18.891517133009245], [47.505889880913344, -18.891493496127907], [47.50563252642007, -18.891497516996765], [47.50555860124848, -18.891461653832152], [47.505370472969105, -18.89145063174118], [47.50512130860159, -18.891432701058193], [47.50472472196839, -18.891410771090136], [47.50472998929769, -18.891228875112404], [47.504724960288854, -18.890957055923366], [47.50471981796528, -18.89067920498121], [47.50472347910528, -18.89019337862146], [47.50471238326992, -18.88949669631546], [47.504708726626404, -18.88891502920518], [47.504726018790905, -18.888461085610516], [47.50473068267496, -18.888135058885837], [47.50477568115281, -18.88781519521507], [47.504746810217284, -18.887810724685153], [47.50475801307192, -18.887563869776727], [47.504765418089676, -18.887316699206224], [47.50476833279248, -18.88709340473673], [47.5047720820661, -18.88677421735622], [47.50479465864669, -18.88647410099884], [47.50479162793147, -18.88622070532125], [47.504823658185444, -18.886050666904737], [47.50484543616807, -18.885805023383057], [47.504877169645795, -18.88540655177087], [47.50491293118688, -18.884914586638786], [47.50491387187776, -18.88460637368513], [47.50492015544097, -18.884232380719766], [47.50492383726544, -18.883902236898678], [47.50491854655371, -18.883518721012138], [47.50491064780823, -18.883177682803705], [47.50491659412563, -18.882979027959664], [47.504928976890824, -18.882659791116396], [47.504943117830805, -18.882391226573816], [47.50496490210867, -18.882193850565727], [47.50497818959195, -18.88192860182346], [47.50498881418258, -18.881298293081727], [47.50514999877362, -18.88133333516521], [47.505649999348066, -18.881450004214287], [47.505761400168524, -18.881252994230238], [47.50588349302882, -18.88109467937585], [47.50602071428466, -18.880947783213514], [47.506112026948585, -18.880854667408926], [47.50630900905355, -18.88111675593342], [47.50645966887879, -18.88130697423736], [47.508283333908764, -18.88040000255802], [47.508311476393544, -18.880292886107725], [47.50790221741346, -18.879918549601314], [47.506309327413646, -18.878946099183054], [47.50643843228795, -18.878798980888178], [47.50684997194878, -18.87836108839349], [47.507110104447804, -18.878099578133003], [47.50730006734426, -18.877901308198773], [47.50760933430348, -18.87748999876436], [47.50772755558228, -18.877303650243164], [47.50783698239087, -18.877131162972773], [47.508161675421036, -18.87663959084432], [47.508380448998594, -18.876317643444395], [47.50866006530987, -18.87589783631597], [47.50887454282599, -18.8756170805637], [47.50913187303769, -18.87527324186658], [47.509291815664824, -18.875007966144665], [47.50937231577984, -18.874788215903322], [47.50941666584657, -18.874783336181906], [47.509647172878886, -18.874782155372145], [47.510113027993896, -18.874833532741263], [47.510465273553564, -18.874874752267885], [47.51085137858843, -18.874883350686048], [47.51122647142449, -18.874946055016323], [47.511317779591934, -18.87502119067534], [47.51134144615099, -18.875172379301773], [47.51132030758629, -18.87542109760551], [47.51128795537488, -18.875691502161033], [47.51127981201387, -18.876199556164522], [47.511214966397745, -18.876718743774973], [47.51119998459171, -18.876851338918073]]]}}, {"type": "Feature", "properties": {"fokontany": "Ambodivonkely", "arrondissement": "6e Arrondissement", "pcode": "MG11101006028"}, "geometry": {"type": "Polygon", "coordinates": [[[47.50772755558228, -18.877303650243164], [47.50760933430348, -18.87748999876436], [47.50730006734426, -18.877901308198773], [47.507110104447804, -18.878099578133003], [47.50684997194878, -18.87836108839349], [47.50643843228795, -18.878798980888178], [47.506309327413646, -18.878946099183054], [47.50790221741346, -18.879918549601314], [47.508311476393544, -18.880292886107725], [47.508283333908764, -18.88040000255802], [47.50645966887879, -18.88130697423736], [47.50630900905355, -18.88111675593342], [47.506112026948585, -18.880854667408926], [47.50602071428466, -18.880947783213514], [47.50588349302882, -18.88109467937585], [47.505761400168524, -18.881252994230238], [47.505649999348066, -18.881450004214287], [47.50514999877362, -18.88133333516521], [47.50498881418258, -18.881298293081727], [47.50497818959195, -18.88192860182346], [47.50496490210867, -18.882193850565727], [47.504943117830805, -18.882391226573816], [47.504928976890824, -18.882659791116396], [47.50491659412563, -18.882979027959664], [47.50491064780823, -18.883177682803705], [47.50491854655371, -18.883518721012138], [47.50492383726544, -18.883902236898678], [47.50492015544097, -18.884232380719766], [47.50491387187776, -18.88460637368513], [47.50491293118688, -18.884914586638786], [47.504877169645795, -18.88540655177087], [47.50484543616807, -18.885805023383057], [47.504823658185444, -18.886050666904737], [47.50479162793147, -18.88622070532125], [47.50479465864669, -18.88647410099884], [47.5047720820661, -18.88677421735622], [47.50476833279248, -18.88709340473673], [47.504765418089676, -18.887316699206224], [47.50475801307192, -18.887563869776727], [47.504746810217284, -18.887810724685153], [47.49864999939808, -18.886866668561822], [47.4985014673689, -18.886848556215796], [47.49850538301712, -18.886606393070565], [47.49849394094264, -18.88636628037949], [47.49847407222069, -18.886048622745705], [47.4984682652983, -18.885755475234873], [47.49845982875809, -18.88551311064151], [47.49845615412829, -18.885407510448204], [47.49847291389392, -18.885227721581998], [47.4985531783866, -18.885034335865782], [47.49866493893586, -18.884793485730654], [47.49881219392768, -18.88452113414297], [47.49891917637905, -18.88429297164322], [47.49907888518254, -18.884093459745316], [47.49941496362976, -18.883817289636113], [47.49974916159471, -18.883558153585795], [47.50019002994611, -18.883198163064662], [47.50059940313997, -18.882885636063236], [47.50094544787413, -18.88261508132092], [47.501382408671304, -18.88226645912971], [47.50172839225155, -18.881986446217468], [47.50202691231232, -18.881742639111394], [47.501899999985085, -18.88105000195594], [47.500999998950874, -18.880200003227458], [47.50036474573659, -18.87892574212924], [47.500298034926345, -18.87888395333175], [47.500245903026155, -18.878870093879698], [47.500170113559875, -18.87878929788775], [47.500069430859696, -18.878722137416673], [47.499949247260076, -18.878639692068077], [47.499824726230315, -18.878495947130205], [47.49999089216607, -18.878538545317554], [47.50038189131129, -18.878649169123776], [47.500617597324435, -18.878714795351414], [47.50074398804469, -18.878755640760176], [47.50090962697789, -18.87886553701486], [47.50102872779365, -18.87890411613199], [47.50122000280106, -18.87890317094451], [47.50125139903298, -18.878900766157358], [47.501353005336966, -18.87890461165847], [47.502083827706485, -18.87907567620141], [47.50236430916573, -18.878982573886617], [47.50253936130258, -18.878854587768956], [47.502670988775265, -18.878570991957588], [47.50278656784582, -18.878366720847453], [47.50292009108949, -18.878363072297873], [47.503022665064066, -18.878264256590114], [47.503300237216365, -18.877999762379034], [47.5033166669308, -18.87765000434416], [47.50333323873804, -18.87754022320263], [47.503231897734, -18.87726629690195], [47.5031638757124, -18.877067329093848], [47.50305033180746, -18.876868622089148], [47.50296755370982, -18.876736188823998], [47.50315103069562, -18.876706888911713], [47.50322020564812, -18.876818784359386], [47.50335246804207, -18.8770142627979], [47.50343333418107, -18.876916671067477], [47.50373333272728, -18.87678333578225], [47.50456088437738, -18.876282446677465], [47.50487167568741, -18.876220085888235], [47.50512307487014, -18.876264930581954], [47.50745475883019, -18.87719485655731], [47.50772755558228, -18.877303650243164]]]}}, {"type": "Feature", "properties": {"fokontany": "Anosivavaka", "arrondissement": "6e Arrondissement", "pcode": "MG11101006018"}, "geometry": {"type": "Polygon", "coordinates": [[[47.51015843656273, -18.869878753901332], [47.51018343231965, -18.869909303871168], [47.51020101766295, -18.869944622046603], [47.51019635377878, -18.86999187242691], [47.510175781786984, -18.870023569032412], [47.51009441472564, -18.870100182277497], [47.509881702578525, -18.870292654282537], [47.509710423997035, -18.870445456292657], [47.5096319770343, -18.870515440635018], [47.50908805806756, -18.87098960368718], [47.50876062840035, -18.87128012697616], [47.50864038634472, -18.87138706626007], [47.50857207384223, -18.871468916257356], [47.50855204683961, -18.871538094807192], [47.50854704481043, -18.871630209666364], [47.50856985881194, -18.871707995627446], [47.508631927321744, -18.871815665160796], [47.50873911841563, -18.87199922398497], [47.50887258680058, -18.872219821387603], [47.50894610457914, -18.872373466961903], [47.50905037107782, -18.872682774390398], [47.509139588321375, -18.87296560307999], [47.509246784811296, -18.87344489676451], [47.50931222128213, -18.873791614191532], [47.50933005843558, -18.873965058340673], [47.50934052024883, -18.87414916934864], [47.509338331299034, -18.874391790248808], [47.50930054088735, -18.87459388679838], [47.50923850115595, -18.874785494554885], [47.509285255110626, -18.87478287213179], [47.50937231577984, -18.874788215903322], [47.509291815664824, -18.875007966144665], [47.50913187303769, -18.87527324186658], [47.50887454282599, -18.8756170805637], [47.50866006530987, -18.87589783631597], [47.508380448998594, -18.876317643444395], [47.508161675421036, -18.87663959084432], [47.50783698239087, -18.877131162972773], [47.50772755558228, -18.877303650243164], [47.50745475883019, -18.87719485655731], [47.50512307487014, -18.876264930581954], [47.50487167568741, -18.876220085888235], [47.50456088437738, -18.876282446677465], [47.50373333272728, -18.87678333578225], [47.50343333418107, -18.876916671067477], [47.50335246804207, -18.8770142627979], [47.50322020564812, -18.876818784359386], [47.50315103069562, -18.876706888911713], [47.5030280960699, -18.876508036216876], [47.50290981543577, -18.876248588101816], [47.50281383888762, -18.875978365209278], [47.50276151363306, -18.87578851562745], [47.5027476227047, -18.87561213788979], [47.50273206533274, -18.87550082969949], [47.502796783245, -18.87544262107997], [47.50289985994067, -18.875363361130155], [47.5030067038964, -18.875281198168693], [47.503170111611496, -18.875150482608603], [47.50333761034261, -18.875046071319105], [47.50353298535907, -18.874943547706494], [47.503743600287066, -18.87490292083305], [47.503890499147246, -18.874874584094698], [47.50407534669995, -18.874792403146785], [47.504155685836395, -18.87476521124546], [47.50428791855268, -18.874714120760018], [47.50456620566604, -18.874582730708426], [47.50477938815834, -18.874475376837154], [47.5048147054344, -18.874457593643], [47.50501970589488, -18.87434262071531], [47.50498324378174, -18.874304291609747], [47.50483141393863, -18.874215914332865], [47.50474656829948, -18.874191275606847], [47.504890282660426, -18.874090012843794], [47.50496121488817, -18.873979211871074], [47.50509701161798, -18.873877782733416], [47.505256663764214, -18.8737729712455], [47.50552830129021, -18.873576606075403], [47.50554999923321, -18.87351666985836], [47.505766666598504, -18.873416669743392], [47.505798024159674, -18.873348284395718], [47.50580193261311, -18.873310788062383], [47.50593333255739, -18.873150002770387], [47.50604999890845, -18.872816669953295], [47.50689208270353, -18.87173496179895], [47.50692695031864, -18.871676230673472], [47.50652138395486, -18.871294746355375], [47.50611344068278, -18.870816938350913], [47.50600425399324, -18.870620146002807], [47.50591923838232, -18.870201463926378], [47.50587989664001, -18.869817676444484], [47.50898281580447, -18.86807803417389], [47.509040822975635, -18.868050473550397], [47.50909776804775, -18.868266587832693], [47.509227860377564, -18.86861844488527], [47.50923279765567, -18.86870236961863], [47.50928190783384, -18.8687986348491], [47.50940257257071, -18.869054000042013], [47.50949173765366, -18.869208802144442], [47.509611794448915, -18.869367626015105], [47.50979806922567, -18.86953866357834], [47.50997106371375, -18.869701382412813], [47.51015843656273, -18.869878753901332]]]}}, {"type": "Feature", "properties": {"fokontany": "Betafo", "arrondissement": "6e Arrondissement", "pcode": "MG11101006027"}, "geometry": {"type": "Polygon", "coordinates": [[[47.50296755370982, -18.876736188823998], [47.50305033180746, -18.876868622089148], [47.5031638757124, -18.877067329093848], [47.503231897734, -18.87726629690195], [47.50333323873804, -18.87754022320263], [47.5033166669308, -18.87765000434416], [47.503300237216365, -18.877999762379034], [47.503022665064066, -18.878264256590114], [47.50292009108949, -18.878363072297873], [47.50278656784582, -18.878366720847453], [47.502670988775265, -18.878570991957588], [47.50253936130258, -18.878854587768956], [47.50236430916573, -18.878982573886617], [47.502083827706485, -18.87907567620141], [47.501353005336966, -18.87890461165847], [47.50125139903298, -18.878900766157358], [47.50122000280106, -18.87890317094451], [47.50102872779365, -18.87890411613199], [47.50090962697789, -18.87886553701486], [47.50074398804469, -18.878755640760176], [47.500617597324435, -18.878714795351414], [47.50038189131129, -18.878649169123776], [47.49999089216607, -18.878538545317554], [47.499824726230315, -18.878495947130205], [47.50001776121087, -18.878358962396135], [47.500132497616846, -18.878307604811994], [47.50018938783006, -18.87820587080421], [47.500275004188154, -18.87792751983909], [47.500313257750804, -18.877814425595147], [47.500323119716256, -18.877785269574474], [47.500439789664654, -18.877562573154194], [47.50049577336142, -18.877455718406566], [47.500584495977876, -18.877333521224955], [47.50065878627407, -18.877288478680327], [47.50083768121419, -18.877275293719777], [47.50092480483596, -18.87727144911804], [47.50114920277349, -18.877261541287055], [47.501259435374664, -18.877256675055435], [47.50154063629145, -18.877248994845218], [47.50179395912403, -18.877249196293292], [47.501853844079676, -18.87724924485667], [47.50205827976583, -18.87723185736428], [47.50213262132348, -18.877194926704476], [47.50221729789001, -18.87710723201309], [47.50228851610217, -18.876912117799918], [47.5022952547223, -18.876769404384447], [47.502421219164034, -18.876733515139506], [47.50249371261492, -18.87667821043101], [47.5026151309836, -18.876680408374057], [47.50275790285508, -18.876699821139766], [47.502867326066394, -18.87672520270587], [47.50296755370982, -18.876736188823998]]]}}, {"type": "Feature", "properties": {"fokontany": "Ambohimandroso", "arrondissement": "6e Arrondissement", "pcode": "MG11101006026"}, "geometry": {"type": "Polygon", "coordinates": [[[47.495563002730535, -18.8760399067163], [47.49791666522208, -18.875566669965792], [47.4989753372422, -18.87542290884005], [47.49929875863086, -18.87549031122876], [47.4996166527863, -18.875579625599187], [47.49985365292389, -18.875621621240782], [47.500142135651174, -18.87564598927088], [47.50025145004446, -18.87565403640457], [47.500300153729086, -18.87567687468794], [47.50046406236669, -18.875678834310634], [47.50056145174966, -18.875721618657735], [47.50066776690403, -18.87573546192192], [47.50081402364833, -18.875827086650645], [47.500908543294656, -18.87589589198177], [47.50101218386527, -18.875967532875222], [47.50111264623172, -18.87601607917867], [47.5012146428416, -18.876065290081044], [47.50152848015529, -18.876748826097355], [47.50159999964035, -18.876933336404306], [47.50172075430936, -18.87713595366131], [47.50179395912403, -18.877249196293292], [47.50154063629145, -18.877248994845218], [47.501259435374664, -18.877256675055435], [47.50114920277349, -18.877261541287055], [47.50092480483596, -18.87727144911804], [47.50083768121419, -18.877275293719777], [47.50065878627407, -18.877288478680327], [47.500584495977876, -18.877333521224955], [47.50049577336142, -18.877455718406566], [47.500439789664654, -18.877562573154194], [47.500323119716256, -18.877785269574474], [47.500313257750804, -18.877814425595147], [47.500275004188154, -18.87792751983909], [47.50018938783006, -18.87820587080421], [47.500132497616846, -18.878307604811994], [47.50001776121087, -18.878358962396135], [47.499824726230315, -18.878495947130205], [47.499949247260076, -18.878639692068077], [47.500069430859696, -18.878722137416673], [47.500170113559875, -18.87878929788775], [47.500245903026155, -18.878870093879698], [47.500298034926345, -18.87888395333175], [47.50036474573659, -18.87892574212924], [47.500999998950874, -18.880200003227458], [47.501899999985085, -18.88105000195594], [47.50202691231232, -18.881742639111394], [47.50172839225155, -18.881986446217468], [47.501382408671304, -18.88226645912971], [47.50094544787413, -18.88261508132092], [47.50059940313997, -18.882885636063236], [47.50019002994611, -18.883198163064662], [47.49974916159471, -18.883558153585795], [47.49941496362976, -18.883817289636113], [47.49907888518254, -18.884093459745316], [47.49891917637905, -18.88429297164322], [47.49881219392768, -18.88452113414297], [47.49866493893586, -18.884793485730654], [47.4985531783866, -18.885034335865782], [47.49847291389392, -18.885227721581998], [47.49845615412829, -18.885407510448204], [47.49845982875809, -18.88551311064151], [47.49486242725931, -18.8857770077027], [47.491441003299656, -18.87583228743], [47.49161798088517, -18.875798177943466], [47.491725210650145, -18.875720224708573], [47.491798133976886, -18.87559569288686], [47.49189772669888, -18.87550518961274], [47.4920351880736, -18.875427066405962], [47.49216345837692, -18.875390366871898], [47.49233546900666, -18.87539839422044], [47.49258334464582, -18.875450964989966], [47.49294658801472, -18.8755190742458], [47.493103458557925, -18.87552358704386], [47.49331872028284, -18.875497191042484], [47.49346059642954, -18.87552157615977], [47.49379189408074, -18.875618646283442], [47.49398871790498, -18.875666106205756], [47.494140089094, -18.875697631040737], [47.49429127861964, -18.875700376670977], [47.494367021320954, -18.87572513320822], [47.49459819295231, -18.875826365394346], [47.494736470012185, -18.87587955130016], [47.49491974285189, -18.87587491889235], [47.49507671501857, -18.875895620386473], [47.49519983220665, -18.875941696252255], [47.495529590218496, -18.876094536033975], [47.495563002730535, -18.8760399067163]]]}}, {"type": "Feature", "properties": {"fokontany": "Ambohimiadana Atsimo", "arrondissement": "6e Arrondissement", "pcode": "MG11101006025"}, "geometry": {"type": "Polygon", "coordinates": [[[47.50273206533274, -18.87550082969949], [47.5027476227047, -18.87561213788979], [47.50276151363306, -18.87578851562745], [47.50281383888762, -18.875978365209278], [47.50290981543577, -18.876248588101816], [47.5030280960699, -18.876508036216876], [47.50315103069562, -18.876706888911713], [47.50296755370982, -18.876736188823998], [47.502867326066394, -18.87672520270587], [47.50275790285508, -18.876699821139766], [47.5026151309836, -18.876680408374057], [47.50249371261492, -18.87667821043101], [47.502421219164034, -18.876733515139506], [47.5022952547223, -18.876769404384447], [47.50228851610217, -18.876912117799918], [47.50221729789001, -18.87710723201309], [47.50213262132348, -18.877194926704476], [47.50205827976583, -18.87723185736428], [47.501853844079676, -18.87724924485667], [47.50179395912403, -18.877249196293292], [47.50172075430936, -18.87713595366131], [47.50159999964035, -18.876933336404306], [47.50152848015529, -18.876748826097355], [47.5012146428416, -18.876065290081044], [47.50111264623172, -18.87601607917867], [47.50101218386527, -18.875967532875222], [47.500908543294656, -18.87589589198177], [47.50081402364833, -18.875827086650645], [47.50066776690403, -18.87573546192192], [47.50056145174966, -18.875721618657735], [47.50046406236669, -18.875678834310634], [47.500300153729086, -18.87567687468794], [47.50025145004446, -18.87565403640457], [47.500142135651174, -18.87564598927088], [47.49985365292389, -18.875621621240782], [47.4996166527863, -18.875579625599187], [47.49929875863086, -18.87549031122876], [47.49946339482, -18.875285209145034], [47.49972888188256, -18.875029457243556], [47.49975364471504, -18.875010366435163], [47.499789292042294, -18.874982886750786], [47.49989524207183, -18.8749537262334], [47.50014975200958, -18.874975034769932], [47.500394079823025, -18.875006154010748], [47.50047614565767, -18.875025190859787], [47.500723399865194, -18.87497828402053], [47.50092310781531, -18.874972275649895], [47.50110433110018, -18.875013500572493], [47.50135650639771, -18.87506563607019], [47.501505476396744, -18.874723233590316], [47.50170647217607, -18.874773224204887], [47.50178889684031, -18.874793298871623], [47.501976152777274, -18.874840152650847], [47.50204458758782, -18.874862356912217], [47.502145481628816, -18.87489509493264], [47.50237835118003, -18.874953096707998], [47.502412529014975, -18.874959919864352], [47.50249765164534, -18.874992921386138], [47.50258431121716, -18.87505175413503], [47.50268429694279, -18.87519721857666], [47.50272085438394, -18.875420622763443], [47.50273206533274, -18.87550082969949]]]}}, {"type": "Feature", "properties": {"fokontany": "Antanety Atsimo", "arrondissement": "6e Arrondissement", "pcode": "MG11101006024"}, "geometry": {"type": "Polygon", "coordinates": [[[47.4973500626553, -18.872543532358065], [47.49746170719209, -18.872563643897024], [47.49755883307381, -18.872581142006027], [47.4977280234296, -18.87261441242515], [47.497921168127505, -18.87264526366795], [47.49806700129119, -18.87267408064423], [47.498095159963725, -18.872679645649043], [47.49828230888164, -18.87270939072573], [47.498495898766805, -18.8727515356548], [47.4987000097978, -18.872810846843038], [47.49885087556743, -18.8728598122305], [47.49892457680795, -18.872883733297613], [47.49910477666424, -18.872952306603565], [47.49929834494276, -18.87305046670565], [47.49948349376831, -18.87314411131166], [47.49951758976505, -18.873162768646807], [47.4996650848758, -18.873243480102474], [47.49970589521098, -18.87326423465663], [47.49988029533944, -18.873352925796837], [47.50001615322299, -18.873421750913053], [47.500217089647094, -18.873548389846235], [47.500307513780854, -18.87363458266981], [47.50044646173501, -18.873814054974616], [47.500474819157716, -18.873853682701224], [47.50058550321859, -18.874008357099967], [47.500646044679286, -18.87410727083386], [47.50077880889489, -18.874255971935497], [47.500923676186744, -18.87442400126656], [47.50105970134433, -18.874519063204104], [47.50117052210203, -18.87460856283485], [47.5013234383261, -18.874664479082355], [47.501505476396744, -18.874723233590316], [47.50135650639771, -18.87506563607019], [47.50110433110018, -18.875013500572493], [47.50092310781531, -18.874972275649895], [47.500723399865194, -18.87497828402053], [47.50047614565767, -18.875025190859787], [47.500394079823025, -18.875006154010748], [47.50014975200958, -18.874975034769932], [47.49989524207183, -18.8749537262334], [47.499789292042294, -18.874982886750786], [47.49975364471504, -18.875010366435163], [47.49972888188256, -18.875029457243556], [47.49946339482, -18.875285209145034], [47.49929875863086, -18.87549031122876], [47.4989753372422, -18.87542290884005], [47.49791666522208, -18.875566669965792], [47.495563002730535, -18.8760399067163], [47.496616667325384, -18.875450002715354], [47.49665951012827, -18.874989419426072], [47.496697087400776, -18.8745429321105], [47.496680930180844, -18.87445335873548], [47.49666553198881, -18.874367999583455], [47.49668874708817, -18.874107788843332], [47.49668780729644, -18.873957065166394], [47.4966995065771, -18.8738417370065], [47.49672972379784, -18.873708570793838], [47.49681666665589, -18.873500003622212], [47.4968833342985, -18.873400002607923], [47.49689999873601, -18.87330000339233], [47.49678620212171, -18.873255976182293], [47.49663333356159, -18.8732500028853], [47.49680038532955, -18.872976703412064], [47.49692538120155, -18.872723296942524], [47.49695000014236, -18.872700002702857], [47.49676666614886, -18.872566670115646], [47.496649999797796, -18.872566670115646], [47.49666666693321, -18.87245000286532], [47.49668400316432, -18.87241801308079], [47.496889349863636, -18.872462852378703], [47.49713052375478, -18.87250826544397], [47.4973500626553, -18.872543532358065]]]}}, {"type": "Feature", "properties": {"fokontany": "Ambohimiadana Avaratra", "arrondissement": "6e Arrondissement", "pcode": "MG11101006022"}, "geometry": {"type": "Polygon", "coordinates": [[[47.501949999592966, -18.87250000337241], [47.50214999982268, -18.872666670230615], [47.502300001344054, -18.872700002702857], [47.50256666561927, -18.872733336074475], [47.5026666666335, -18.873333336764063], [47.50270096407837, -18.873312453606786], [47.502800000119976, -18.873133337433558], [47.502800000119976, -18.87316666900648], [47.50296666607886, -18.87343333597954], [47.50309999866613, -18.873483335587366], [47.50311666670092, -18.87353333699383], [47.503133332937125, -18.873600002837804], [47.50316666720812, -18.87366666868178], [47.503283332659805, -18.873616669073954], [47.50346666575416, -18.87366666958104], [47.50407595194366, -18.874021447631605], [47.504282880550534, -18.874062863210497], [47.504536849995816, -18.874130377115193], [47.50474656829948, -18.874191275606847], [47.50483141393863, -18.874215914332865], [47.50498324378174, -18.874304291609747], [47.50501970589488, -18.87434262071531], [47.5048147054344, -18.874457593643], [47.50477938815834, -18.874475376837154], [47.50456620566604, -18.874582730708426], [47.50428791855268, -18.874714120760018], [47.504155685836395, -18.87476521124546], [47.50407534669995, -18.874792403146785], [47.503890499147246, -18.874874584094698], [47.503743600287066, -18.87490292083305], [47.50353298535907, -18.874943547706494], [47.50333761034261, -18.875046071319105], [47.503170111611496, -18.875150482608603], [47.5030067038964, -18.875281198168693], [47.50289985994067, -18.875363361130155], [47.502796783245, -18.87544262107997], [47.50273206533274, -18.87550082969949], [47.50272085438394, -18.875420622763443], [47.50268429694279, -18.87519721857666], [47.50258431121716, -18.87505175413503], [47.50249765164534, -18.874992921386138], [47.502412529014975, -18.874959919864352], [47.50237835118003, -18.874953096707998], [47.502145481628816, -18.87489509493264], [47.50204458758782, -18.874862356912217], [47.501976152777274, -18.874840152650847], [47.50178889684031, -18.874793298871623], [47.50170647217607, -18.874773224204887], [47.501505476396744, -18.874723233590316], [47.5013234383261, -18.874664479082355], [47.50117052210203, -18.87460856283485], [47.50105970134433, -18.874519063204104], [47.500923676186744, -18.87442400126656], [47.50077880889489, -18.874255971935497], [47.500646044679286, -18.87410727083386], [47.50058550321859, -18.874008357099967], [47.500474819157716, -18.873853682701224], [47.5004980360556, -18.873566900591868], [47.50111666620131, -18.873533336094567], [47.501316666431194, -18.873200004176795], [47.50170000065458, -18.872683334668068], [47.50159999874097, -18.87248333623694], [47.501699998856054, -18.87243333572974], [47.50179999987023, -18.87243333572974], [47.501949999592966, -18.87250000337241]]]}}, {"type": "Feature", "properties": {"fokontany": "Antanjombe Ambony", "arrondissement": "6e Arrondissement", "pcode": "MG11101006019"}, "geometry": {"type": "Polygon", "coordinates": [[[47.50474656829948, -18.874191275606847], [47.504536849995816, -18.874130377115193], [47.504282880550534, -18.874062863210497], [47.50407595194366, -18.874021447631605], [47.50346666575416, -18.87366666958104], [47.503283332659805, -18.873616669073954], [47.50329999979522, -18.873583335702335], [47.50335000030242, -18.87355000322998], [47.50338333187534, -18.873416669743392], [47.503441667299285, -18.873325002746583], [47.50366666598404, -18.873083336926413], [47.50380000036989, -18.87288333579727], [47.5041453912969, -18.872425815598888], [47.50429853594875, -18.872490564987515], [47.504416666396196, -18.87251666870918], [47.504766667247964, -18.872733336074475], [47.5048333339912, -18.872650002195826], [47.50486666736299, -18.87246667000079], [47.50484999932803, -18.87243333572974], [47.504833333091995, -18.872366669885878], [47.50496666657847, -18.872333337413522], [47.50521666731538, -18.87220000302767], [47.50576666569913, -18.87225000263544], [47.50611949401963, -18.872163052582778], [47.506785801723424, -18.87180948861692], [47.50689208270353, -18.87173496179895], [47.50604999890845, -18.872816669953295], [47.50593333255739, -18.873150002770387], [47.50580193261311, -18.873310788062383], [47.505798024159674, -18.873348284395718], [47.505766666598504, -18.873416669743392], [47.50554999923321, -18.87351666985836], [47.50552830129021, -18.873576606075403], [47.505256663764214, -18.8737729712455], [47.50509701161798, -18.873877782733416], [47.50496121488817, -18.873979211871074], [47.504890282660426, -18.874090012843794], [47.50474656829948, -18.874191275606847]]]}}, {"type": "Feature", "properties": {"fokontany": "Anjanakomboro", "arrondissement": "6e Arrondissement", "pcode": "MG11101006020"}, "geometry": {"type": "Polygon", "coordinates": [[[47.5041453912969, -18.872425815598888], [47.50380000036989, -18.87288333579727], [47.50366666598404, -18.873083336926413], [47.503441667299285, -18.873325002746583], [47.50338333187534, -18.873416669743392], [47.50335000030242, -18.87355000322998], [47.50329999979522, -18.873583335702335], [47.503283332659805, -18.873616669073954], [47.50316666720812, -18.87366666868178], [47.503133332937125, -18.873600002837804], [47.50311666670092, -18.87353333699383], [47.50309999866613, -18.873483335587366], [47.50296666607886, -18.87343333597954], [47.502800000119976, -18.87316666900648], [47.502800000119976, -18.873133337433558], [47.50270096407837, -18.873312453606786], [47.5026666666335, -18.873333336764063], [47.50256666561927, -18.872733336074475], [47.502300001344054, -18.872700002702857], [47.50214999982268, -18.872666670230615], [47.501949999592966, -18.87250000337241], [47.50246666640362, -18.872433336629115], [47.502599999890265, -18.87170000335243], [47.5029808780651, -18.871858223777963], [47.50322596040979, -18.87195347817044], [47.503599914704296, -18.872115056664484], [47.50370599963236, -18.872181512966392], [47.50375400094657, -18.872211585396258], [47.503893207905264, -18.872298789057766], [47.5040159042108, -18.87237106757067], [47.5041453912969, -18.872425815598888]]]}}, {"type": "Feature", "properties": {"fokontany": "Antanjombe Avaratra", "arrondissement": "6e Arrondissement", "pcode": "MG11101006015"}, "geometry": {"type": "Polygon", "coordinates": [[[47.50587989664001, -18.869817676444484], [47.50591923838232, -18.870201463926378], [47.50600425399324, -18.870620146002807], [47.50611344068278, -18.870816938350913], [47.50652138395486, -18.871294746355375], [47.50692695031864, -18.871676230673472], [47.50689208270353, -18.87173496179895], [47.506785801723424, -18.87180948861692], [47.50611949401963, -18.872163052582778], [47.50576666569913, -18.87225000263544], [47.50521666731538, -18.87220000302767], [47.50496666657847, -18.872333337413522], [47.504833333091995, -18.872366669885878], [47.50484999932803, -18.87243333572974], [47.50486666736299, -18.87246667000079], [47.5048333339912, -18.872650002195826], [47.504766667247964, -18.872733336074475], [47.504416666396196, -18.87251666870918], [47.50429853594875, -18.872490564987515], [47.5041453912969, -18.872425815598888], [47.5040159042108, -18.87237106757067], [47.503893207905264, -18.872298789057766], [47.50375400094657, -18.872211585396258], [47.50370599963236, -18.872181512966392], [47.503599914704296, -18.872115056664484], [47.50322596040979, -18.87195347817044], [47.5029808780651, -18.871858223777963], [47.502599999890265, -18.87170000335243], [47.502316665781564, -18.87143333637931], [47.50196255412868, -18.871036038382385], [47.50182083356469, -18.87075632944095], [47.501801758944055, -18.87065124635791], [47.50136279175945, -18.86995946715564], [47.501283333059405, -18.86976666869674], [47.5019333333567, -18.868116669049016], [47.50295984112387, -18.866123271371748], [47.50314532539659, -18.866366313154742], [47.50332215639253, -18.86647888759046], [47.50365863593737, -18.86668250309492], [47.50415180975824, -18.866958243328213], [47.504509094219486, -18.867307770237346], [47.50460111375048, -18.867485731681143], [47.504700378220036, -18.867912448300785], [47.50468894423949, -18.868353313954174], [47.50472064803961, -18.868426150945993], [47.504872424822736, -18.868619996215784], [47.50537249374571, -18.869087697639088], [47.50572134796181, -18.869450792619887], [47.50587989664001, -18.869817676444484]]]}}, {"type": "Feature", "properties": {"fokontany": "Antanety Avaratra", "arrondissement": "6e Arrondissement", "pcode": "MG11101006016"}, "geometry": {"type": "Polygon", "coordinates": [[[47.502599999890265, -18.87170000335243], [47.50246666640362, -18.872433336629115], [47.501949999592966, -18.87250000337241], [47.50179999987023, -18.87243333572974], [47.501699998856054, -18.87243333572974], [47.50159999874097, -18.87248333623694], [47.50170000065458, -18.872683334668068], [47.501316666431194, -18.873200004176795], [47.50111666620131, -18.873533336094567], [47.5004980360556, -18.873566900591868], [47.500474819157716, -18.873853682701224], [47.50044646173501, -18.873814054974616], [47.500307513780854, -18.87363458266981], [47.500217089647094, -18.873548389846235], [47.50001615322299, -18.873421750913053], [47.49988029533944, -18.873352925796837], [47.49970589521098, -18.87326423465663], [47.4996650848758, -18.873243480102474], [47.49951758976505, -18.873162768646807], [47.49948349376831, -18.87314411131166], [47.49929834494276, -18.87305046670565], [47.49910477666424, -18.872952306603565], [47.49892457680795, -18.872883733297613], [47.49885087556743, -18.8728598122305], [47.4987000097978, -18.872810846843038], [47.498495898766805, -18.8727515356548], [47.49828230888164, -18.87270939072573], [47.498095159963725, -18.872679645649043], [47.49806700129119, -18.87267408064423], [47.497921168127505, -18.87264526366795], [47.4977280234296, -18.87261441242515], [47.49755883307381, -18.872581142006027], [47.49746170719209, -18.872563643897024], [47.4973500626553, -18.872543532358065], [47.497326291775096, -18.872380860288388], [47.49730128162895, -18.87219917205408], [47.49724902742071, -18.87202413160827], [47.49723860787549, -18.871987424879705], [47.497182767171125, -18.87179072516176], [47.49715844500622, -18.87171942870856], [47.49721829758636, -18.8714723201914], [47.497349999702806, -18.871133335135255], [47.49738260462368, -18.870916854828863], [47.498733332377526, -18.87043333702877], [47.49920235670356, -18.870384716081674], [47.49933867234199, -18.870370584135117], [47.50070000040472, -18.869950002690416], [47.501283333059405, -18.86976666869674], [47.50136279175945, -18.86995946715564], [47.501801758944055, -18.87065124635791], [47.50182083356469, -18.87075632944095], [47.50196255412868, -18.871036038382385], [47.502316665781564, -18.87143333637931], [47.502599999890265, -18.87170000335243]]]}}, {"type": "Feature", "properties": {"fokontany": "Antsararay", "arrondissement": "6e Arrondissement", "pcode": "MG11101006021"}, "geometry": {"type": "Polygon", "coordinates": [[[47.49668400316432, -18.87241801308079], [47.49666666693321, -18.87245000286532], [47.496649999797796, -18.872566670115646], [47.49676666614886, -18.872566670115646], [47.49695000014236, -18.872700002702857], [47.49692538120155, -18.872723296942524], [47.49680038532955, -18.872976703412064], [47.49663333356159, -18.8732500028853], [47.49678620212171, -18.873255976182293], [47.49689999873601, -18.87330000339233], [47.4968833342985, -18.873400002607923], [47.49681666665589, -18.873500003622212], [47.49672972379784, -18.873708570793838], [47.4966995065771, -18.8738417370065], [47.49668780729644, -18.873957065166394], [47.49668874708817, -18.874107788843332], [47.49666553198881, -18.874367999583455], [47.496680930180844, -18.87445335873548], [47.496697087400776, -18.8745429321105], [47.49665951012827, -18.874989419426072], [47.496616667325384, -18.875450002715354], [47.49510917155112, -18.874522170361843], [47.495277728784174, -18.87416014197686], [47.49515158537753, -18.874072379836377], [47.49484140740515, -18.87387804893274], [47.494709763744765, -18.873713796754203], [47.49462388478463, -18.87363776177324], [47.494603026808306, -18.87359361495328], [47.49447416115379, -18.873228973138566], [47.49437581758991, -18.872950704011714], [47.49438333322428, -18.872566669216383], [47.49433333271725, -18.87241667129223], [47.49419999923077, -18.87238333612197], [47.493916666920825, -18.872633336858883], [47.49363333281207, -18.87250000337241], [47.49386666731294, -18.872216670163084], [47.49373333202777, -18.872050002405615], [47.493590105099315, -18.872038390359364], [47.49351666736038, -18.871933336953816], [47.49343283525718, -18.871878407262557], [47.49349542177646, -18.87184246405843], [47.49366554562852, -18.871741021430864], [47.49385679365622, -18.871541925919075], [47.49390188476434, -18.871473584638125], [47.49402902911646, -18.871280874312845], [47.49419920602867, -18.87118829720208], [47.4944414024489, -18.871087424744758], [47.49447276900321, -18.871106672035182], [47.49461034099454, -18.871191083301767], [47.49487383156219, -18.871356167353213], [47.49515540389888, -18.87153826118174], [47.49518078726362, -18.871554011008698], [47.49525916587794, -18.871602643647066], [47.495406854342946, -18.871694283664226], [47.495639059295286, -18.871839006165146], [47.495842403204506, -18.871967917685197], [47.495950600639844, -18.872032120286008], [47.49607095511061, -18.872103532751737], [47.49616787055089, -18.872164388075987], [47.49620490193473, -18.872187639148137], [47.4963428732251, -18.872274269941556], [47.49650995826795, -18.87235433028809], [47.49668400316432, -18.87241801308079]]]}}, {"type": "Feature", "properties": {"fokontany": "Ambohimitsinjo", "arrondissement": "6e Arrondissement", "pcode": "MG11101006023"}, "geometry": {"type": "Polygon", "coordinates": [[[47.496616667325384, -18.875450002715354], [47.495563002730535, -18.8760399067163], [47.495529590218496, -18.876094536033975], [47.49519983220665, -18.875941696252255], [47.49507671501857, -18.875895620386473], [47.49491974285189, -18.87587491889235], [47.494736470012185, -18.87587955130016], [47.49459819295231, -18.875826365394346], [47.494367021320954, -18.87572513320822], [47.49429127861964, -18.875700376670977], [47.494140089094, -18.875697631040737], [47.49398871790498, -18.875666106205756], [47.49379189408074, -18.875618646283442], [47.49346059642954, -18.87552157615977], [47.49331872028284, -18.875497191042484], [47.493103458557925, -18.87552358704386], [47.49294658801472, -18.8755190742458], [47.49258334464582, -18.875450964989966], [47.49233546900666, -18.87539839422044], [47.49216345837692, -18.875390366871898], [47.4920351880736, -18.875427066405962], [47.49189772669888, -18.87550518961274], [47.491798133976886, -18.87559569288686], [47.491725210650145, -18.875720224708573], [47.49161798088517, -18.875798177943466], [47.491441003299656, -18.87583228743], [47.49144273899128, -18.875783268083296], [47.49148136577253, -18.875220439971258], [47.49187067419234, -18.874977515999547], [47.49189779774531, -18.87491866706273], [47.492049999907636, -18.874866670060726], [47.49194999979278, -18.874600003087608], [47.49183333164302, -18.874383335722314], [47.49153333309698, -18.873750002560485], [47.49231666688081, -18.87351666985836], [47.49235000025243, -18.872783336581676], [47.4927166673404, -18.872383337021347], [47.49302878784829, -18.87219088120412], [47.49323555997324, -18.87199170115599], [47.49343283525718, -18.871878407262557], [47.49351666736038, -18.871933336953816], [47.493590105099315, -18.872038390359364], [47.49373333202777, -18.872050002405615], [47.49386666731294, -18.872216670163084], [47.49363333281207, -18.87250000337241], [47.493916666920825, -18.872633336858883], [47.49419999923077, -18.87238333612197], [47.49433333271725, -18.87241667129223], [47.49438333322428, -18.872566669216383], [47.49437581758991, -18.872950704011714], [47.49447416115379, -18.873228973138566], [47.494603026808306, -18.87359361495328], [47.49462388478463, -18.87363776177324], [47.494709763744765, -18.873713796754203], [47.49484140740515, -18.87387804893274], [47.49515158537753, -18.874072379836377], [47.495277728784174, -18.87416014197686], [47.49510917155112, -18.874522170361843], [47.496616667325384, -18.875450002715354]]]}}, {"type": "Feature", "properties": {"fokontany": "Ambodivona", "arrondissement": "6e Arrondissement", "pcode": "MG11101006013"}, "geometry": {"type": "Polygon", "coordinates": [[[47.496202221955116, -18.86310403322443], [47.496373573381845, -18.863107433561083], [47.496834769109284, -18.86314644165492], [47.497244611749466, -18.863234919655724], [47.49761472234161, -18.863323618889808], [47.49805228658386, -18.863396804818592], [47.49832712569639, -18.863501173840064], [47.49865771288319, -18.863624142639992], [47.49896855005858, -18.863766136597803], [47.49921942133932, -18.86383597614929], [47.499315798985094, -18.86394262944873], [47.49986314796598, -18.864253229203086], [47.50022242982146, -18.864470243706705], [47.500199998930896, -18.86451666940866], [47.49904647361598, -18.867444826017845], [47.497616666675924, -18.869833336339354], [47.497559206292465, -18.869910497271576], [47.49742868138867, -18.870310611945058], [47.49739264285631, -18.87054784320833], [47.49738788814062, -18.87087906081996], [47.49738260462368, -18.870916854828863], [47.49673333187792, -18.870950002940162], [47.49686730568169, -18.870654595433166], [47.49694964940693, -18.870353059945728], [47.49684495483092, -18.87023236013522], [47.49668038788968, -18.870188602721726], [47.49651584882747, -18.870149634198185], [47.49636954172115, -18.870077046318613], [47.49624350443423, -18.8700282832786], [47.4960888839949, -18.869966914441477], [47.49597123738283, -18.869919700034075], [47.49581384163554, -18.869863769397398], [47.49574183741589, -18.869979259435183], [47.495566665669116, -18.86996666982583], [47.495416665946436, -18.869716669988293], [47.49463333216261, -18.870183337191236], [47.49476666564925, -18.869433335879705], [47.494699998906015, -18.869350002900205], [47.49386666731294, -18.869466670150587], [47.49395000029244, -18.86936667003573], [47.493916666920825, -18.86925000188603], [47.49379999877101, -18.86910000306267], [47.493366666738325, -18.869200002278262], [47.49333333426608, -18.869216669413674], [47.49323142758834, -18.869234505667805], [47.49368333331927, -18.86873333597464], [47.49359999944045, -18.86846666990084], [47.493199998980856, -18.86806666944119], [47.493016666785934, -18.86791666881919], [47.49293569092953, -18.86788027055792], [47.492948857903514, -18.86773177989761], [47.492991396735704, -18.86725197899557], [47.49303007657693, -18.8670815268909], [47.493066667292965, -18.86695000284027], [47.49305000015755, -18.866700003002677], [47.49303333302197, -18.86663333625944], [47.49305000015755, -18.866600001988445], [47.493006824605345, -18.866540983079858], [47.49297077887843, -18.86649171192289], [47.493021865766536, -18.865921903273147], [47.49308834275297, -18.86318572404184], [47.493685756992136, -18.863172203634235], [47.49416605971595, -18.863129066752947], [47.49474911358084, -18.86307471082921], [47.495037313921046, -18.86305180599595], [47.495495178559736, -18.863074562441057], [47.49592846292825, -18.863098596822738], [47.496202221955116, -18.86310403322443]]]}}, {"type": "Feature", "properties": {"fokontany": "Ambohimanandray", "arrondissement": "6e Arrondissement", "pcode": "MG11101006017"}, "geometry": {"type": "Polygon", "coordinates": [[[47.49738260462368, -18.870916854828863], [47.497349999702806, -18.871133335135255], [47.49721829758636, -18.8714723201914], [47.49715844500622, -18.87171942870856], [47.497182767171125, -18.87179072516176], [47.49723860787549, -18.871987424879705], [47.49724902742071, -18.87202413160827], [47.49730128162895, -18.87219917205408], [47.497326291775096, -18.872380860288388], [47.4973500626553, -18.872543532358065], [47.49713052375478, -18.87250826544397], [47.496889349863636, -18.872462852378703], [47.49668400316432, -18.87241801308079], [47.49650995826795, -18.87235433028809], [47.4963428732251, -18.872274269941556], [47.49620490193473, -18.872187639148137], [47.49616787055089, -18.872164388075987], [47.49607095511061, -18.872103532751737], [47.495950600639844, -18.872032120286008], [47.495842403204506, -18.871967917685197], [47.495639059295286, -18.871839006165146], [47.495406854342946, -18.871694283664226], [47.49525916587794, -18.871602643647066], [47.49518078726362, -18.871554011008698], [47.49515540389888, -18.87153826118174], [47.49487383156219, -18.871356167353213], [47.49461034099454, -18.871191083301767], [47.49447276900321, -18.871106672035182], [47.4944414024489, -18.871087424744758], [47.49434687380921, -18.87102942207008], [47.49415197183606, -18.87090844706711], [47.49409486668492, -18.870861710199733], [47.49396646508035, -18.87075661542542], [47.49373122221817, -18.87050808597934], [47.493627072631455, -18.870334119324127], [47.49349702796559, -18.87004278394727], [47.49342991695727, -18.86985035421037], [47.493329740575234, -18.86954401994052], [47.49323216593177, -18.869270758238827], [47.49323142758834, -18.869234505667805], [47.49333333426608, -18.869216669413674], [47.493366666738325, -18.869200002278262], [47.49379999877101, -18.86910000306267], [47.493916666920825, -18.86925000188603], [47.49395000029244, -18.86936667003573], [47.49386666731294, -18.869466670150587], [47.494699998906015, -18.869350002900205], [47.49476666564925, -18.869433335879705], [47.49463333216261, -18.870183337191236], [47.495416665946436, -18.869716669988293], [47.495566665669116, -18.86996666982583], [47.49574183741589, -18.869979259435183], [47.49581384163554, -18.869863769397398], [47.49597123738283, -18.869919700034075], [47.4960888839949, -18.869966914441477], [47.49624350443423, -18.8700282832786], [47.49636954172115, -18.870077046318613], [47.49651584882747, -18.870149634198185], [47.49668038788968, -18.870188602721726], [47.49684495483092, -18.87023236013522], [47.49694964940693, -18.870353059945728], [47.49686730568169, -18.870654595433166], [47.49673333187792, -18.870950002940162], [47.49738260462368, -18.870916854828863]]]}}, {"type": "Feature", "properties": {"fokontany": "Amorona", "arrondissement": "6e Arrondissement", "pcode": "MG11101006011"}, "geometry": {"type": "Polygon", "coordinates": [[[47.50579131161982, -18.860932272106652], [47.505883332949566, -18.861200003877002], [47.508116666151295, -18.86186666861181], [47.50980000007013, -18.865533335894668], [47.509868489739176, -18.86601277077267], [47.509933332657226, -18.866466669401234], [47.509040822975635, -18.868050473550397], [47.50898281580447, -18.86807803417389], [47.50587989664001, -18.869817676444484], [47.50572134796181, -18.869450792619887], [47.50537249374571, -18.869087697639088], [47.504872424822736, -18.868619996215784], [47.50472064803961, -18.868426150945993], [47.50468894423949, -18.868353313954174], [47.504700378220036, -18.867912448300785], [47.50460111375048, -18.867485731681143], [47.504509094219486, -18.867307770237346], [47.50415180975824, -18.866958243328213], [47.50365863593737, -18.86668250309492], [47.50332215639253, -18.86647888759046], [47.50314532539659, -18.866366313154742], [47.50295984112387, -18.866123271371748], [47.5019333333567, -18.868116669049016], [47.501283333059405, -18.86976666869674], [47.50070000040472, -18.869950002690416], [47.49933867234199, -18.870370584135117], [47.49920235670356, -18.870384716081674], [47.498733332377526, -18.87043333702877], [47.49738260462368, -18.870916854828863], [47.49738788814062, -18.87087906081996], [47.49739264285631, -18.87054784320833], [47.49742868138867, -18.870310611945058], [47.497559206292465, -18.869910497271576], [47.497616666675924, -18.869833336339354], [47.49904647361598, -18.867444826017845], [47.500199998930896, -18.86451666940866], [47.50022242982146, -18.864470243706705], [47.49986314796598, -18.864253229203086], [47.499315798985094, -18.86394262944873], [47.49921942133932, -18.86383597614929], [47.49896855005858, -18.863766136597803], [47.49865771288319, -18.863624142639992], [47.49832712569639, -18.863501173840064], [47.49805228658386, -18.863396804818592], [47.49761472234161, -18.863323618889808], [47.497244611749466, -18.863234919655724], [47.496834769109284, -18.86314644165492], [47.496373573381845, -18.863107433561083], [47.496202221955116, -18.86310403322443], [47.49555434585653, -18.861462730920266], [47.495521714855386, -18.861315782597217], [47.49548530040647, -18.86117939591236], [47.495489285302256, -18.861060351753736], [47.49549292935535, -18.860951456444525], [47.49646666580412, -18.860433336329322], [47.499299998796005, -18.86035000334988], [47.50100823584154, -18.859857426678786], [47.50140256787432, -18.859773762748887], [47.5014885502564, -18.859761476211133], [47.50181015141743, -18.859734499247622], [47.50198795637908, -18.859737519171063], [47.502221066049515, -18.85978455641208], [47.50244147729239, -18.859831663800207], [47.50254658016064, -18.859832337392334], [47.50268333286971, -18.859900003282462], [47.503133332937125, -18.859466670350514], [47.50309999956551, -18.859333336863983], [47.505216666416004, -18.85971667018805], [47.505566667268, -18.86055000268044], [47.50579131161982, -18.860932272106652]]]}}, {"type": "Feature", "properties": {"fokontany": "Ambaravarankazo", "arrondissement": "6e Arrondissement", "pcode": "MG11101006008"}, "geometry": {"type": "Polygon", "coordinates": [[[47.509093371262225, -18.852788624095695], [47.50908611912928, -18.8530497332585], [47.5090833339288, -18.85315000406939], [47.50841666559671, -18.858550003080154], [47.5058967400426, -18.86083660582466], [47.50579131161982, -18.860932272106652], [47.505566667268, -18.86055000268044], [47.505216666416004, -18.85971667018805], [47.50309999956551, -18.859333336863983], [47.503133332937125, -18.859466670350514], [47.50268333286971, -18.859900003282462], [47.50254658016064, -18.859832337392334], [47.50244147729239, -18.859831663800207], [47.502221066049515, -18.85978455641208], [47.50198795637908, -18.859737519171063], [47.50181015141743, -18.859734499247622], [47.5014885502564, -18.859761476211133], [47.50140256787432, -18.859773762748887], [47.50100823584154, -18.859857426678786], [47.499299998796005, -18.86035000334988], [47.49811666725054, -18.857050003154995], [47.498014015034926, -18.856917827096026], [47.49808778282505, -18.856674877043872], [47.499183334243526, -18.853066671089948], [47.4991499999727, -18.8477000027529], [47.50499999905071, -18.847433336679046], [47.50446666600402, -18.853233336149458], [47.50409248777822, -18.854215554104428], [47.50435864033898, -18.854092829020715], [47.50552575800748, -18.85383220729051], [47.50666320794079, -18.853567702287535], [47.50810860462849, -18.85311598091772], [47.50842101022164, -18.852965030611585], [47.509093371262225, -18.852788624095695]]]}}, {"type": "Feature", "properties": {"fokontany": "Ampefiloha Ankeniheny", "arrondissement": "6e Arrondissement", "pcode": "MG11101006003"}, "geometry": {"type": "Polygon", "coordinates": [[[47.5095051195658, -18.846735779332676], [47.50934531723266, -18.84694532136939], [47.50930843783425, -18.846982402216042], [47.509198018174175, -18.847093428918583], [47.509063490387916, -18.84722305899686], [47.50890966944581, -18.847358931269582], [47.50881994498451, -18.847439213748657], [47.50874936259305, -18.847488707937487], [47.508646517023294, -18.84753224681566], [47.5084986747741, -18.847594453820932], [47.50836353005292, -18.847625905810844], [47.5081704204286, -18.84766382302695], [47.50796434437905, -18.8476895436375], [47.50770014964223, -18.84769718697555], [47.507422990278826, -18.847692631010034], [47.50728753529171, -18.847674995304715], [47.50715204073424, -18.8476512226257], [47.5070954967598, -18.847638106013733], [47.50499999905071, -18.847433336679046], [47.4991499999727, -18.8477000027529], [47.499183334243526, -18.853066671089948], [47.49808778282505, -18.856674877043872], [47.49784231377174, -18.856716599291587], [47.49755958310834, -18.85674290626008], [47.49730927929994, -18.85677342655231], [47.491258714318235, -18.855533550133202], [47.49145759579147, -18.855239219114594], [47.49155643398228, -18.85499486791872], [47.49167038797822, -18.85439791862899], [47.49156272204215, -18.854377120907373], [47.49152497479787, -18.854364292078287], [47.49113239644299, -18.854273191654443], [47.49090041811985, -18.854219359136096], [47.490921366927694, -18.853777761434515], [47.49090888343824, -18.85343849578993], [47.49083798358623, -18.853165447227582], [47.49075603016672, -18.852783741676262], [47.49072376608905, -18.85260272433618], [47.490677661445034, -18.852611054756267], [47.49057751743857, -18.852651628569674], [47.48887545333963, -18.849975221878935], [47.49048333323924, -18.84768333561732], [47.49086666656348, -18.84540000280782], [47.491328304757644, -18.8446065948184], [47.49889999923562, -18.840800002917774], [47.499512476219934, -18.840049623890934], [47.49957695671128, -18.839960691732415], [47.499644895995345, -18.83985566710527], [47.49971839758609, -18.83973744043044], [47.49974762285456, -18.83966187669421], [47.49976674244135, -18.839553383381826], [47.49977897322111, -18.839512965151187], [47.499814614253125, -18.839462149858264], [47.49989058987887, -18.839360494990785], [47.50035554027602, -18.839526485558736], [47.500396198625765, -18.839542452122373], [47.50056647626201, -18.839593969785824], [47.50071147485471, -18.839637949331802], [47.50076823736441, -18.839631816854762], [47.50094705766077, -18.839641934227757], [47.50123717265751, -18.83965869759072], [47.50152717164178, -18.83965705363005], [47.50174002857955, -18.839686528910136], [47.501940036004044, -18.83972221131097], [47.50212086358698, -18.839782547726372], [47.50228262734157, -18.839885946379297], [47.502386698687246, -18.84003876008063], [47.50246522209244, -18.84022853681745], [47.502531469751716, -18.840516563588437], [47.50262311426536, -18.84074308212746], [47.502785416713664, -18.84093238312289], [47.502999467051836, -18.84115207221032], [47.50325226108305, -18.84138381221311], [47.50346585096838, -18.84152986930792], [47.50364085184384, -18.841688416187367], [47.503757467832884, -18.841785932374762], [47.504095042752056, -18.842176730071913], [47.50442617582746, -18.842567564641342], [47.50485432416775, -18.84301307259517], [47.50524311367889, -18.843348353343742], [47.505470251850795, -18.843598643662347], [47.50560662684444, -18.843763545151432], [47.50595061662773, -18.844148168103402], [47.50620326586812, -18.844355359312317], [47.5064620520821, -18.84451342685304], [47.50679161224309, -18.844652682375283], [47.50696646563, -18.844786682259553], [47.50709655436248, -18.844976163119327], [47.50725952140982, -18.845269771082997], [47.50733774264285, -18.845410455627984], [47.507512982738035, -18.84560581535601], [47.507772234800825, -18.845837512191395], [47.50801848266684, -18.846050873648778], [47.508212786590946, -18.846203171139337], [47.50860714740196, -18.84639727811185], [47.5091111445638, -18.846603032204143], [47.5095051195658, -18.846735779332676]]]}}, {"type": "Feature", "properties": {"fokontany": "Ampandriambehivavy", "arrondissement": "6e Arrondissement", "pcode": "MG11101006007"}, "geometry": {"type": "Polygon", "coordinates": [[[47.491258714318235, -18.855533550133202], [47.49730927929994, -18.85677342655231], [47.49755958310834, -18.85674290626008], [47.49784231377174, -18.856716599291587], [47.49808778282505, -18.856674877043872], [47.498014015034926, -18.856917827096026], [47.49811666725054, -18.857050003154995], [47.499299998796005, -18.86035000334988], [47.49646666580412, -18.860433336329322], [47.49549292935535, -18.860951456444525], [47.495489285302256, -18.861060351753736], [47.49511791386078, -18.861070735326052], [47.49418375387728, -18.86111496218564], [47.493338157330186, -18.861142449964007], [47.49316435704952, -18.861162908641234], [47.49258857240483, -18.86125381121434], [47.49184913542939, -18.861352124201062], [47.491164380831606, -18.86146960713654], [47.491031603125975, -18.861397101994555], [47.48774995719481, -18.859631254378826], [47.48704999865856, -18.859200003377396], [47.4893621844173, -18.856321992965547], [47.48956931267372, -18.85599284109668], [47.49008116631285, -18.85569639217465], [47.49062925543592, -18.85553957199363], [47.49077200932089, -18.85549484331233], [47.49092497230981, -18.855608193862963], [47.491258714318235, -18.855533550133202]]]}}]}